year,pib_milliards_usd,pib_par_habitant_usd,taux_croissance_pib,inflation_annuelle,dette_publique_pct_pib,investissement_pct_pib,exportations_millions_usd,importations_millions_usd,balance_commerciale,taux_pauvrete,ide_millions_usd,country,country_code,source,collection_date
2000,2.5,380,5.098934561241571,4.056711446982533,45.0,21.705449440901855,450,850,-400,49.0,50,Benin,BEN,Calculs et estimations basés sur données officielles,2025-10-05
2001,2.85,425,3.791997945075482,4.941909776058381,45.8,22.05578781682606,535,970,-435,48.4,65,Benin,BEN,Calculs et estimations basés sur données officielles,2025-10-05
2002,3.2,470,4.487536303767323,2.5617874451584997,46.6,20.754715353933474,620,1090,-470,47.8,80,Benin,BEN,Calculs et estimations basés sur données officielles,2025-10-05
2003,3.55,515,3.6852296110486393,2.0814256131047757,47.4,20.322264873736092,705,1210,-505,47.2,95,Benin,BEN,Calculs et estimations basés sur données officielles,2025-10-05
2004,3.9,560,5.6310605707901695,5.1507343330968745,48.2,23.278965055075496,790,1330,-540,46.6,110,Benin,BEN,Calculs et estimations basés sur données officielles,2025-10-05
2005,4.25,605,4.875598361079744,5.394087648467739,49.0,23.50900767696046,875,1450,-575,46.0,125,Benin,BEN,Calculs et estimations basés sur données officielles,2025-10-05
2006,4.6,650,4.065388386512025,1.9157532061286497,49.8,24.099419218881195,960,1570,-610,45.4,140,Benin,BEN,Calculs et estimations basés sur données officielles,2025-10-05
2007,4.949999999999999,695,4.89590402039046,2.1072489139415684,50.6,23.786560905194484,1045,1690,-645,44.8,155,Benin,BEN,Calculs et estimations basés sur données officielles,2025-10-05
2008,5.3,740,6.485053116228193,1.6911176643986705,51.4,24.62839564017949,1130,1810,-680,44.2,170,Benin,BEN,Calculs et estimations basés sur données officielles,2025-10-05
2009,5.65,785,5.335956850248119,2.2985281447187997,52.2,22.046136917420046,1215,1930,-715,43.6,185,Benin,BEN,Calculs et estimations basés sur données officielles,2025-10-05
2010,6.0,830,5.745502872710031,2.109340679312836,53.0,24.38379708714858,1300,2050,-750,43.0,200,Benin,BEN,Calculs et estimations basés sur données officielles,2025-10-05
2011,6.35,875,3.812894396282823,5.068778099596484,53.8,23.67912438153308,1385,2170,-785,42.4,215,Benin,BEN,Calculs et estimations basés sur données officielles,2025-10-05
2012,6.699999999999999,920,4.915940573270577,1.8443387983001065,54.6,23.091508887474234,1470,2290,-820,41.8,230,Benin,BEN,Calculs et estimations basés sur données officielles,2025-10-05
2013,7.05,965,4.077470368719148,2.1771426378398884,55.4,21.565097222240126,1555,2410,-855,41.2,245,Benin,BEN,Calculs et estimations basés sur données officielles,2025-10-05
2014,7.3999999999999995,1010,5.0247831081463055,2.6474710768298277,56.2,22.529986650293914,1640,2530,-890,40.6,260,Benin,BEN,Calculs et estimations basés sur données officielles,2025-10-05
2015,7.75,1055,4.347415312027944,2.4417220835864786,57.0,22.567386158484656,1725,2650,-925,40.0,275,Benin,BEN,Calculs et estimations basés sur données officielles,2025-10-05
2016,8.1,1100,3.677259755485914,3.641921293071295,57.8,20.84294952662727,1810,2770,-960,39.4,290,Benin,BEN,Calculs et estimations basés sur données officielles,2025-10-05
2017,8.45,1145,4.5174608981851545,3.8083160627537422,58.6,22.015693512342747,1895,2890,-995,38.8,305,Benin,BEN,Calculs et estimations basés sur données officielles,2025-10-05
2018,8.8,1190,5.484604098657303,4.224610876328965,59.4,24.202814834374177,1980,3010,-1030,38.2,320,Benin,BEN,Calculs et estimations basés sur données officielles,2025-10-05
2019,9.149999999999999,1235,5.316558538248981,5.021290557113965,60.2,22.65977448390018,2065,3130,-1065,37.6,335,Benin,BEN,Calculs et estimations basés sur données officielles,2025-10-05
2020,9.5,1280,3.7050861532815427,2.8638214495705694,61.0,23.40186676165635,2150,3250,-1100,37.0,350,Benin,BEN,Calculs et estimations basés sur données officielles,2025-10-05
2021,9.85,1325,5.228753133451845,2.6601217138752107,61.8,21.76709365989268,2235,3370,-1135,36.4,365,Benin,BEN,Calculs et estimations basés sur données officielles,2025-10-05
2022,10.2,1370,5.092092247990571,5.1019096315956824,62.6,24.450789869092546,2320,3490,-1170,35.8,380,Benin,BEN,Calculs et estimations basés sur données officielles,2025-10-05
2023,10.549999999999999,1415,4.03271752981466,2.706379339573867,63.400000000000006,22.342727314750984,2405,3610,-1205,35.2,395,Benin,BEN,Calculs et estimations basés sur données officielles,2025-10-05
2024,10.899999999999999,1460,5.351800391037411,4.657236971558563,64.2,22.428022003258913,2490,3730,-1240,34.6,410,Benin,BEN,Calculs et estimations basés sur données officielles,2025-10-05
