country,country_code,year,indicator,indicator_code,value,source,collection_date
Benin,BEN,2000,Croissance PIB réel,NGDP_RPCH,5.9,IMF,2025-10-05
Benin,BEN,2001,Croissance PIB réel,NGDP_RPCH,5.3,IMF,2025-10-05
Benin,BEN,2002,Croissance PIB réel,NGDP_RPCH,4.6,IMF,2025-10-05
Benin,BEN,2003,Croissance PIB réel,NGDP_RPCH,3.4,IMF,2025-10-05
Benin,BEN,2004,Croissance PIB réel,NGDP_RPCH,4.4,IMF,2025-10-05
Benin,BEN,2005,Croissance PIB réel,NGDP_RPCH,1.7,IMF,2025-10-05
Benin,BEN,2006,Croissance PIB réel,NGDP_RPCH,3.9,IMF,2025-10-05
Benin,BEN,2007,Croissance PIB réel,NGDP_RPCH,6.0,IMF,2025-10-05
Benin,BEN,2008,Croissance PIB réel,NGDP_RPCH,4.9,IMF,2025-10-05
Benin,BEN,2009,Croissance PIB réel,NGDP_RPCH,2.3,IMF,2025-10-05
Benin,BEN,2010,Croissance PIB réel,NGDP_RPCH,2.1,IMF,2025-10-05
Benin,BEN,2011,Croissance PIB réel,NGDP_RPCH,3.0,IMF,2025-10-05
Benin,BEN,2012,Croissance PIB réel,NGDP_RPCH,4.8,IMF,2025-10-05
Benin,BEN,2013,Croissance PIB réel,NGDP_RPCH,7.2,IMF,2025-10-05
Benin,BEN,2014,Croissance PIB réel,NGDP_RPCH,6.4,IMF,2025-10-05
Benin,BEN,2015,Croissance PIB réel,NGDP_RPCH,1.8,IMF,2025-10-05
Benin,BEN,2016,Croissance PIB réel,NGDP_RPCH,3.3,IMF,2025-10-05
Benin,BEN,2017,Croissance PIB réel,NGDP_RPCH,5.7,IMF,2025-10-05
Benin,BEN,2018,Croissance PIB réel,NGDP_RPCH,6.7,IMF,2025-10-05
Benin,BEN,2019,Croissance PIB réel,NGDP_RPCH,6.9,IMF,2025-10-05
Benin,BEN,2020,Croissance PIB réel,NGDP_RPCH,3.8,IMF,2025-10-05
Benin,BEN,2021,Croissance PIB réel,NGDP_RPCH,7.2,IMF,2025-10-05
Benin,BEN,2022,Croissance PIB réel,NGDP_RPCH,6.3,IMF,2025-10-05
Benin,BEN,2023,Croissance PIB réel,NGDP_RPCH,6.4,IMF,2025-10-05
Benin,BEN,2024,Croissance PIB réel,NGDP_RPCH,6.5,IMF,2025-10-05
Benin,BEN,2025,Croissance PIB réel,NGDP_RPCH,6.5,IMF,2025-10-05
Benin,BEN,2026,Croissance PIB réel,NGDP_RPCH,6.2,IMF,2025-10-05
Benin,BEN,2027,Croissance PIB réel,NGDP_RPCH,6.2,IMF,2025-10-05
Benin,BEN,2028,Croissance PIB réel,NGDP_RPCH,6.0,IMF,2025-10-05
Benin,BEN,2029,Croissance PIB réel,NGDP_RPCH,6.0,IMF,2025-10-05
Benin,BEN,2030,Croissance PIB réel,NGDP_RPCH,6.0,IMF,2025-10-05
Benin,BEN,2000,PIB nominal,NGDPD,3.522,IMF,2025-10-05
Benin,BEN,2001,PIB nominal,NGDPD,3.666,IMF,2025-10-05
Benin,BEN,2002,PIB nominal,NGDPD,4.191,IMF,2025-10-05
Benin,BEN,2003,PIB nominal,NGDPD,5.348,IMF,2025-10-05
Benin,BEN,2004,PIB nominal,NGDPD,6.187,IMF,2025-10-05
Benin,BEN,2005,PIB nominal,NGDPD,6.571,IMF,2025-10-05
Benin,BEN,2006,PIB nominal,NGDPD,7.034,IMF,2025-10-05
Benin,BEN,2007,PIB nominal,NGDPD,8.17,IMF,2025-10-05
Benin,BEN,2008,PIB nominal,NGDPD,9.787,IMF,2025-10-05
Benin,BEN,2009,PIB nominal,NGDPD,9.728,IMF,2025-10-05
Benin,BEN,2010,PIB nominal,NGDPD,9.543,IMF,2025-10-05
Benin,BEN,2011,PIB nominal,NGDPD,10.691,IMF,2025-10-05
Benin,BEN,2012,PIB nominal,NGDPD,11.148,IMF,2025-10-05
Benin,BEN,2013,PIB nominal,NGDPD,12.518,IMF,2025-10-05
Benin,BEN,2014,PIB nominal,NGDPD,13.288,IMF,2025-10-05
Benin,BEN,2015,PIB nominal,NGDPD,11.389,IMF,2025-10-05
Benin,BEN,2016,PIB nominal,NGDPD,11.818,IMF,2025-10-05
Benin,BEN,2017,PIB nominal,NGDPD,12.697,IMF,2025-10-05
Benin,BEN,2018,PIB nominal,NGDPD,14.257,IMF,2025-10-05
Benin,BEN,2019,PIB nominal,NGDPD,14.392,IMF,2025-10-05
Benin,BEN,2020,PIB nominal,NGDPD,15.674,IMF,2025-10-05
Benin,BEN,2021,PIB nominal,NGDPD,17.699,IMF,2025-10-05
Benin,BEN,2022,PIB nominal,NGDPD,17.439,IMF,2025-10-05
Benin,BEN,2023,PIB nominal,NGDPD,19.679,IMF,2025-10-05
Benin,BEN,2024,PIB nominal,NGDPD,21.249,IMF,2025-10-05
Benin,BEN,2025,PIB nominal,NGDPD,22.236,IMF,2025-10-05
Benin,BEN,2026,PIB nominal,NGDPD,24.067,IMF,2025-10-05
Benin,BEN,2027,PIB nominal,NGDPD,26.048,IMF,2025-10-05
Benin,BEN,2028,PIB nominal,NGDPD,28.152,IMF,2025-10-05
Benin,BEN,2029,PIB nominal,NGDPD,30.451,IMF,2025-10-05
Benin,BEN,2030,PIB nominal,NGDPD,32.917,IMF,2025-10-05
Benin,BEN,2000,PIB (PPA),PPPGDP,12.637,IMF,2025-10-05
Benin,BEN,2001,PIB (PPA),PPPGDP,13.61,IMF,2025-10-05
Benin,BEN,2002,PIB (PPA),PPPGDP,14.464,IMF,2025-10-05
Benin,BEN,2003,PIB (PPA),PPPGDP,15.257,IMF,2025-10-05
Benin,BEN,2004,PIB (PPA),PPPGDP,16.361,IMF,2025-10-05
Benin,BEN,2005,PIB (PPA),PPPGDP,17.163,IMF,2025-10-05
Benin,BEN,2006,PIB (PPA),PPPGDP,18.39,IMF,2025-10-05
Benin,BEN,2007,PIB (PPA),PPPGDP,20.019,IMF,2025-10-05
Benin,BEN,2008,PIB (PPA),PPPGDP,21.404,IMF,2025-10-05
Benin,BEN,2009,PIB (PPA),PPPGDP,22.036,IMF,2025-10-05
Benin,BEN,2010,PIB (PPA),PPPGDP,22.775,IMF,2025-10-05
Benin,BEN,2011,PIB (PPA),PPPGDP,23.934,IMF,2025-10-05
Benin,BEN,2012,PIB (PPA),PPPGDP,25.553,IMF,2025-10-05
Benin,BEN,2013,PIB (PPA),PPPGDP,27.856,IMF,2025-10-05
Benin,BEN,2014,PIB (PPA),PPPGDP,30.143,IMF,2025-10-05
Benin,BEN,2015,PIB (PPA),PPPGDP,30.964,IMF,2025-10-05
Benin,BEN,2016,PIB (PPA),PPPGDP,32.302,IMF,2025-10-05
Benin,BEN,2017,PIB (PPA),PPPGDP,34.746,IMF,2025-10-05
Benin,BEN,2018,PIB (PPA),PPPGDP,36.691,IMF,2025-10-05
Benin,BEN,2019,PIB (PPA),PPPGDP,40.076,IMF,2025-10-05
Benin,BEN,2020,PIB (PPA),PPPGDP,42.407,IMF,2025-10-05
Benin,BEN,2021,PIB (PPA),PPPGDP,46.468,IMF,2025-10-05
Benin,BEN,2022,PIB (PPA),PPPGDP,52.894,IMF,2025-10-05
Benin,BEN,2023,PIB (PPA),PPPGDP,58.278,IMF,2025-10-05
Benin,BEN,2024,PIB (PPA),PPPGDP,63.571,IMF,2025-10-05
Benin,BEN,2025,PIB (PPA),PPPGDP,69.509,IMF,2025-10-05
Benin,BEN,2026,PIB (PPA),PPPGDP,75.422,IMF,2025-10-05
Benin,BEN,2027,PIB (PPA),PPPGDP,81.556,IMF,2025-10-05
Benin,BEN,2028,PIB (PPA),PPPGDP,88.255,IMF,2025-10-05
Benin,BEN,2029,PIB (PPA),PPPGDP,95.256,IMF,2025-10-05
Benin,BEN,2030,PIB (PPA),PPPGDP,102.827,IMF,2025-10-05
Benin,BEN,2000,Inflation prix consommation,PCPIPCH,4.2,IMF,2025-10-05
Benin,BEN,2001,Inflation prix consommation,PCPIPCH,4.0,IMF,2025-10-05
Benin,BEN,2002,Inflation prix consommation,PCPIPCH,2.4,IMF,2025-10-05
Benin,BEN,2003,Inflation prix consommation,PCPIPCH,1.5,IMF,2025-10-05
Benin,BEN,2004,Inflation prix consommation,PCPIPCH,0.9,IMF,2025-10-05
Benin,BEN,2005,Inflation prix consommation,PCPIPCH,5.4,IMF,2025-10-05
Benin,BEN,2006,Inflation prix consommation,PCPIPCH,3.8,IMF,2025-10-05
Benin,BEN,2007,Inflation prix consommation,PCPIPCH,1.3,IMF,2025-10-05
Benin,BEN,2008,Inflation prix consommation,PCPIPCH,7.4,IMF,2025-10-05
Benin,BEN,2009,Inflation prix consommation,PCPIPCH,0.9,IMF,2025-10-05
Benin,BEN,2010,Inflation prix consommation,PCPIPCH,2.1,IMF,2025-10-05
Benin,BEN,2011,Inflation prix consommation,PCPIPCH,2.7,IMF,2025-10-05
Benin,BEN,2012,Inflation prix consommation,PCPIPCH,6.7,IMF,2025-10-05
Benin,BEN,2013,Inflation prix consommation,PCPIPCH,0.4,IMF,2025-10-05
Benin,BEN,2014,Inflation prix consommation,PCPIPCH,-0.6,IMF,2025-10-05
Benin,BEN,2015,Inflation prix consommation,PCPIPCH,0.2,IMF,2025-10-05
Benin,BEN,2016,Inflation prix consommation,PCPIPCH,-0.8,IMF,2025-10-05
Benin,BEN,2017,Inflation prix consommation,PCPIPCH,1.8,IMF,2025-10-05
Benin,BEN,2018,Inflation prix consommation,PCPIPCH,0.8,IMF,2025-10-05
Benin,BEN,2019,Inflation prix consommation,PCPIPCH,-0.9,IMF,2025-10-05
Benin,BEN,2020,Inflation prix consommation,PCPIPCH,3.0,IMF,2025-10-05
Benin,BEN,2021,Inflation prix consommation,PCPIPCH,1.7,IMF,2025-10-05
Benin,BEN,2022,Inflation prix consommation,PCPIPCH,1.4,IMF,2025-10-05
Benin,BEN,2023,Inflation prix consommation,PCPIPCH,2.7,IMF,2025-10-05
Benin,BEN,2024,Inflation prix consommation,PCPIPCH,1.2,IMF,2025-10-05
Benin,BEN,2025,Inflation prix consommation,PCPIPCH,2.2,IMF,2025-10-05
Benin,BEN,2026,Inflation prix consommation,PCPIPCH,2.0,IMF,2025-10-05
Benin,BEN,2027,Inflation prix consommation,PCPIPCH,2.0,IMF,2025-10-05
Benin,BEN,2028,Inflation prix consommation,PCPIPCH,2.0,IMF,2025-10-05
Benin,BEN,2029,Inflation prix consommation,PCPIPCH,2.0,IMF,2025-10-05
Benin,BEN,2030,Inflation prix consommation,PCPIPCH,2.0,IMF,2025-10-05
Benin,BEN,2000,Solde budgétaire net (% PIB),GGXCNL_NGDP,-3.7,IMF,2025-10-05
Benin,BEN,2001,Solde budgétaire net (% PIB),GGXCNL_NGDP,-3.3,IMF,2025-10-05
Benin,BEN,2002,Solde budgétaire net (% PIB),GGXCNL_NGDP,-3.3,IMF,2025-10-05
Benin,BEN,2003,Solde budgétaire net (% PIB),GGXCNL_NGDP,-1.1,IMF,2025-10-05
Benin,BEN,2004,Solde budgétaire net (% PIB),GGXCNL_NGDP,-0.7,IMF,2025-10-05
Benin,BEN,2005,Solde budgétaire net (% PIB),GGXCNL_NGDP,-1.5,IMF,2025-10-05
Benin,BEN,2006,Solde budgétaire net (% PIB),GGXCNL_NGDP,-0.1,IMF,2025-10-05
Benin,BEN,2007,Solde budgétaire net (% PIB),GGXCNL_NGDP,0.2,IMF,2025-10-05
Benin,BEN,2008,Solde budgétaire net (% PIB),GGXCNL_NGDP,0.0,IMF,2025-10-05
Benin,BEN,2009,Solde budgétaire net (% PIB),GGXCNL_NGDP,-2.2,IMF,2025-10-05
Benin,BEN,2010,Solde budgétaire net (% PIB),GGXCNL_NGDP,-0.3,IMF,2025-10-05
Benin,BEN,2011,Solde budgétaire net (% PIB),GGXCNL_NGDP,-1.0,IMF,2025-10-05
Benin,BEN,2012,Solde budgétaire net (% PIB),GGXCNL_NGDP,-0.2,IMF,2025-10-05
Benin,BEN,2013,Solde budgétaire net (% PIB),GGXCNL_NGDP,-1.4,IMF,2025-10-05
Benin,BEN,2014,Solde budgétaire net (% PIB),GGXCNL_NGDP,-1.7,IMF,2025-10-05
Benin,BEN,2015,Solde budgétaire net (% PIB),GGXCNL_NGDP,-5.6,IMF,2025-10-05
Benin,BEN,2016,Solde budgétaire net (% PIB),GGXCNL_NGDP,-4.3,IMF,2025-10-05
Benin,BEN,2017,Solde budgétaire net (% PIB),GGXCNL_NGDP,-4.2,IMF,2025-10-05
Benin,BEN,2018,Solde budgétaire net (% PIB),GGXCNL_NGDP,-3.0,IMF,2025-10-05
Benin,BEN,2019,Solde budgétaire net (% PIB),GGXCNL_NGDP,-0.5,IMF,2025-10-05
Benin,BEN,2020,Solde budgétaire net (% PIB),GGXCNL_NGDP,-4.7,IMF,2025-10-05
Benin,BEN,2021,Solde budgétaire net (% PIB),GGXCNL_NGDP,-5.7,IMF,2025-10-05
Benin,BEN,2022,Solde budgétaire net (% PIB),GGXCNL_NGDP,-5.6,IMF,2025-10-05
Benin,BEN,2023,Solde budgétaire net (% PIB),GGXCNL_NGDP,-4.1,IMF,2025-10-05
Benin,BEN,2024,Solde budgétaire net (% PIB),GGXCNL_NGDP,-3.1,IMF,2025-10-05
Benin,BEN,2025,Solde budgétaire net (% PIB),GGXCNL_NGDP,-2.9,IMF,2025-10-05
Benin,BEN,2026,Solde budgétaire net (% PIB),GGXCNL_NGDP,-2.9,IMF,2025-10-05
Benin,BEN,2027,Solde budgétaire net (% PIB),GGXCNL_NGDP,-2.9,IMF,2025-10-05
Benin,BEN,2028,Solde budgétaire net (% PIB),GGXCNL_NGDP,-2.9,IMF,2025-10-05
Benin,BEN,2029,Solde budgétaire net (% PIB),GGXCNL_NGDP,-2.9,IMF,2025-10-05
Benin,BEN,2030,Solde budgétaire net (% PIB),GGXCNL_NGDP,-2.9,IMF,2025-10-05
Benin,BEN,2000,Dette publique brute (% PIB),GGXWDG_NGDP,39.6,IMF,2025-10-05
Benin,BEN,2001,Dette publique brute (% PIB),GGXWDG_NGDP,38.0,IMF,2025-10-05
Benin,BEN,2002,Dette publique brute (% PIB),GGXWDG_NGDP,30.8,IMF,2025-10-05
Benin,BEN,2003,Dette publique brute (% PIB),GGXWDG_NGDP,23.4,IMF,2025-10-05
Benin,BEN,2004,Dette publique brute (% PIB),GGXWDG_NGDP,21.5,IMF,2025-10-05
Benin,BEN,2005,Dette publique brute (% PIB),GGXWDG_NGDP,27.0,IMF,2025-10-05
Benin,BEN,2006,Dette publique brute (% PIB),GGXWDG_NGDP,8.4,IMF,2025-10-05
Benin,BEN,2007,Dette publique brute (% PIB),GGXWDG_NGDP,14.3,IMF,2025-10-05
Benin,BEN,2008,Dette publique brute (% PIB),GGXWDG_NGDP,18.3,IMF,2025-10-05
Benin,BEN,2009,Dette publique brute (% PIB),GGXWDG_NGDP,18.7,IMF,2025-10-05
Benin,BEN,2010,Dette publique brute (% PIB),GGXWDG_NGDP,21.0,IMF,2025-10-05
Benin,BEN,2011,Dette publique brute (% PIB),GGXWDG_NGDP,21.9,IMF,2025-10-05
Benin,BEN,2012,Dette publique brute (% PIB),GGXWDG_NGDP,19.5,IMF,2025-10-05
Benin,BEN,2013,Dette publique brute (% PIB),GGXWDG_NGDP,18.5,IMF,2025-10-05
Benin,BEN,2014,Dette publique brute (% PIB),GGXWDG_NGDP,22.3,IMF,2025-10-05
Benin,BEN,2015,Dette publique brute (% PIB),GGXWDG_NGDP,30.9,IMF,2025-10-05
Benin,BEN,2016,Dette publique brute (% PIB),GGXWDG_NGDP,35.9,IMF,2025-10-05
Benin,BEN,2017,Dette publique brute (% PIB),GGXWDG_NGDP,39.6,IMF,2025-10-05
Benin,BEN,2018,Dette publique brute (% PIB),GGXWDG_NGDP,41.1,IMF,2025-10-05
Benin,BEN,2019,Dette publique brute (% PIB),GGXWDG_NGDP,41.2,IMF,2025-10-05
Benin,BEN,2020,Dette publique brute (% PIB),GGXWDG_NGDP,46.1,IMF,2025-10-05
Benin,BEN,2021,Dette publique brute (% PIB),GGXWDG_NGDP,50.3,IMF,2025-10-05
Benin,BEN,2022,Dette publique brute (% PIB),GGXWDG_NGDP,54.2,IMF,2025-10-05
Benin,BEN,2023,Dette publique brute (% PIB),GGXWDG_NGDP,54.9,IMF,2025-10-05
Benin,BEN,2024,Dette publique brute (% PIB),GGXWDG_NGDP,54.0,IMF,2025-10-05
Benin,BEN,2025,Dette publique brute (% PIB),GGXWDG_NGDP,52.5,IMF,2025-10-05
Benin,BEN,2026,Dette publique brute (% PIB),GGXWDG_NGDP,51.2,IMF,2025-10-05
Benin,BEN,2027,Dette publique brute (% PIB),GGXWDG_NGDP,50.0,IMF,2025-10-05
Benin,BEN,2028,Dette publique brute (% PIB),GGXWDG_NGDP,48.9,IMF,2025-10-05
Benin,BEN,2029,Dette publique brute (% PIB),GGXWDG_NGDP,47.9,IMF,2025-10-05
Benin,BEN,2030,Dette publique brute (% PIB),GGXWDG_NGDP,46.9,IMF,2025-10-05
Benin,BEN,2000,Balance des comptes courants (% PIB),BCA_NGDPD,-2.3,IMF,2025-10-05
Benin,BEN,2001,Balance des comptes courants (% PIB),BCA_NGDPD,-2.0,IMF,2025-10-05
Benin,BEN,2002,Balance des comptes courants (% PIB),BCA_NGDPD,-3.7,IMF,2025-10-05
Benin,BEN,2003,Balance des comptes courants (% PIB),BCA_NGDPD,-6.2,IMF,2025-10-05
Benin,BEN,2004,Balance des comptes courants (% PIB),BCA_NGDPD,-4.7,IMF,2025-10-05
Benin,BEN,2005,Balance des comptes courants (% PIB),BCA_NGDPD,-3.4,IMF,2025-10-05
Benin,BEN,2006,Balance des comptes courants (% PIB),BCA_NGDPD,-3.1,IMF,2025-10-05
Benin,BEN,2007,Balance des comptes courants (% PIB),BCA_NGDPD,-6.5,IMF,2025-10-05
Benin,BEN,2008,Balance des comptes courants (% PIB),BCA_NGDPD,-5.5,IMF,2025-10-05
Benin,BEN,2009,Balance des comptes courants (% PIB),BCA_NGDPD,-6.7,IMF,2025-10-05
Benin,BEN,2010,Balance des comptes courants (% PIB),BCA_NGDPD,-5.6,IMF,2025-10-05
Benin,BEN,2011,Balance des comptes courants (% PIB),BCA_NGDPD,-4.8,IMF,2025-10-05
Benin,BEN,2012,Balance des comptes courants (% PIB),BCA_NGDPD,-5.2,IMF,2025-10-05
Benin,BEN,2013,Balance des comptes courants (% PIB),BCA_NGDPD,-5.4,IMF,2025-10-05
Benin,BEN,2014,Balance des comptes courants (% PIB),BCA_NGDPD,-6.7,IMF,2025-10-05
Benin,BEN,2015,Balance des comptes courants (% PIB),BCA_NGDPD,-6.0,IMF,2025-10-05
Benin,BEN,2016,Balance des comptes courants (% PIB),BCA_NGDPD,-3.0,IMF,2025-10-05
Benin,BEN,2017,Balance des comptes courants (% PIB),BCA_NGDPD,-4.2,IMF,2025-10-05
Benin,BEN,2018,Balance des comptes courants (% PIB),BCA_NGDPD,-4.6,IMF,2025-10-05
Benin,BEN,2019,Balance des comptes courants (% PIB),BCA_NGDPD,-4.0,IMF,2025-10-05
Benin,BEN,2020,Balance des comptes courants (% PIB),BCA_NGDPD,-1.7,IMF,2025-10-05
Benin,BEN,2021,Balance des comptes courants (% PIB),BCA_NGDPD,-4.2,IMF,2025-10-05
Benin,BEN,2022,Balance des comptes courants (% PIB),BCA_NGDPD,-6.0,IMF,2025-10-05
Benin,BEN,2023,Balance des comptes courants (% PIB),BCA_NGDPD,-8.2,IMF,2025-10-05
Benin,BEN,2024,Balance des comptes courants (% PIB),BCA_NGDPD,-6.4,IMF,2025-10-05
Benin,BEN,2025,Balance des comptes courants (% PIB),BCA_NGDPD,-6.1,IMF,2025-10-05
Benin,BEN,2026,Balance des comptes courants (% PIB),BCA_NGDPD,-5.3,IMF,2025-10-05
Benin,BEN,2027,Balance des comptes courants (% PIB),BCA_NGDPD,-4.7,IMF,2025-10-05
Benin,BEN,2028,Balance des comptes courants (% PIB),BCA_NGDPD,-4.6,IMF,2025-10-05
Benin,BEN,2029,Balance des comptes courants (% PIB),BCA_NGDPD,-4.4,IMF,2025-10-05
Benin,BEN,2030,Balance des comptes courants (% PIB),BCA_NGDPD,-4.1,IMF,2025-10-05
