country,country_code,year,indicator,indicator_code,value,unit,source,collection_date
Benin,BEN,2024,PIB (USD courants),NY.GDP.MKTP.CD,21482643720.2743,USD,World Bank,2025-10-05
Benin,BEN,2023,PIB (USD courants),NY.GDP.MKTP.CD,19673290995.8491,USD,World Bank,2025-10-05
Benin,BEN,2022,PIB (USD courants),NY.GDP.MKTP.CD,17425405083.8797,USD,World Bank,2025-10-05
Benin,BEN,2021,PIB (USD courants),NY.GDP.MKTP.CD,17687623534.6665,USD,World Bank,2025-10-05
Benin,BEN,2020,PIB (USD courants),NY.GDP.MKTP.CD,15686741893.5187,USD,World Bank,2025-10-05
Benin,BEN,2019,PIB (USD courants),NY.GDP.MKTP.CD,14391686313.4641,USD,World Bank,2025-10-05
Benin,BEN,2018,PIB (USD courants),NY.GDP.MKTP.CD,14262408089.9261,USD,World Bank,2025-10-05
Benin,BEN,2017,PIB (USD courants),NY.GDP.MKTP.CD,12701655836.9467,USD,World Bank,2025-10-05
Benin,BEN,2016,PIB (USD courants),NY.GDP.MKTP.CD,11821065853.3838,USD,World Bank,2025-10-05
Benin,BEN,2015,PIB (USD courants),NY.GDP.MKTP.CD,11388160996.7738,USD,World Bank,2025-10-05
Benin,BEN,2014,PIB (USD courants),NY.GDP.MKTP.CD,13284527846.9081,USD,World Bank,2025-10-05
Benin,BEN,2013,PIB (USD courants),NY.GDP.MKTP.CD,12517845123.9315,USD,World Bank,2025-10-05
Benin,BEN,2012,PIB (USD courants),NY.GDP.MKTP.CD,11141358115.8991,USD,World Bank,2025-10-05
Benin,BEN,2011,PIB (USD courants),NY.GDP.MKTP.CD,10693321363.6574,USD,World Bank,2025-10-05
Benin,BEN,2010,PIB (USD courants),NY.GDP.MKTP.CD,9535345015.78355,USD,World Bank,2025-10-05
Benin,BEN,2009,PIB (USD courants),NY.GDP.MKTP.CD,9738626517.00319,USD,World Bank,2025-10-05
Benin,BEN,2008,PIB (USD courants),NY.GDP.MKTP.CD,9787734526.23965,USD,World Bank,2025-10-05
Benin,BEN,2007,PIB (USD courants),NY.GDP.MKTP.CD,8169048382.83875,USD,World Bank,2025-10-05
Benin,BEN,2006,PIB (USD courants),NY.GDP.MKTP.CD,7034111314.88812,USD,World Bank,2025-10-05
Benin,BEN,2005,PIB (USD courants),NY.GDP.MKTP.CD,6567654954.38903,USD,World Bank,2025-10-05
Benin,BEN,2004,PIB (USD courants),NY.GDP.MKTP.CD,6190270380.49856,USD,World Bank,2025-10-05
Benin,BEN,2003,PIB (USD courants),NY.GDP.MKTP.CD,5349258094.48239,USD,World Bank,2025-10-05
Benin,BEN,2002,PIB (USD courants),NY.GDP.MKTP.CD,4194342686.2178,USD,World Bank,2025-10-05
Benin,BEN,2001,PIB (USD courants),NY.GDP.MKTP.CD,3666222635.13875,USD,World Bank,2025-10-05
Benin,BEN,2000,PIB (USD courants),NY.GDP.MKTP.CD,3519991440.47913,USD,World Bank,2025-10-05
Benin,BEN,2024,Croissance du PIB (%),NY.GDP.MKTP.KD.ZG,7.45311566226201,%,World Bank,2025-10-05
Benin,BEN,2023,Croissance du PIB (%),NY.GDP.MKTP.KD.ZG,6.3527773854442,%,World Bank,2025-10-05
Benin,BEN,2022,Croissance du PIB (%),NY.GDP.MKTP.KD.ZG,6.25294705373625,%,World Bank,2025-10-05
Benin,BEN,2021,Croissance du PIB (%),NY.GDP.MKTP.KD.ZG,7.1554516457574,%,World Bank,2025-10-05
Benin,BEN,2020,Croissance du PIB (%),NY.GDP.MKTP.KD.ZG,3.84879240030133,%,World Bank,2025-10-05
Benin,BEN,2019,Croissance du PIB (%),NY.GDP.MKTP.KD.ZG,6.86568662848335,%,World Bank,2025-10-05
Benin,BEN,2018,Croissance du PIB (%),NY.GDP.MKTP.KD.ZG,6.69725362180888,%,World Bank,2025-10-05
Benin,BEN,2017,Croissance du PIB (%),NY.GDP.MKTP.KD.ZG,5.67156195150444,%,World Bank,2025-10-05
Benin,BEN,2016,Croissance du PIB (%),NY.GDP.MKTP.KD.ZG,3.33967342629693,%,World Bank,2025-10-05
Benin,BEN,2015,Croissance du PIB (%),NY.GDP.MKTP.KD.ZG,1.77815106030278,%,World Bank,2025-10-05
Benin,BEN,2014,Croissance du PIB (%),NY.GDP.MKTP.KD.ZG,6.35767909791932,%,World Bank,2025-10-05
Benin,BEN,2013,Croissance du PIB (%),NY.GDP.MKTP.KD.ZG,7.19143372144946,%,World Bank,2025-10-05
Benin,BEN,2012,Croissance du PIB (%),NY.GDP.MKTP.KD.ZG,4.811223315688,%,World Bank,2025-10-05
Benin,BEN,2011,Croissance du PIB (%),NY.GDP.MKTP.KD.ZG,2.96375291904201,%,World Bank,2025-10-05
Benin,BEN,2010,Croissance du PIB (%),NY.GDP.MKTP.KD.ZG,2.11406472648392,%,World Bank,2025-10-05
Benin,BEN,2009,Croissance du PIB (%),NY.GDP.MKTP.KD.ZG,2.31929213912838,%,World Bank,2025-10-05
Benin,BEN,2008,Croissance du PIB (%),NY.GDP.MKTP.KD.ZG,4.89657708429647,%,World Bank,2025-10-05
Benin,BEN,2007,Croissance du PIB (%),NY.GDP.MKTP.KD.ZG,5.98634932177609,%,World Bank,2025-10-05
Benin,BEN,2006,Croissance du PIB (%),NY.GDP.MKTP.KD.ZG,3.94373882815798,%,World Bank,2025-10-05
Benin,BEN,2005,Croissance du PIB (%),NY.GDP.MKTP.KD.ZG,1.71316456361184,%,World Bank,2025-10-05
Benin,BEN,2004,Croissance du PIB (%),NY.GDP.MKTP.KD.ZG,4.42968455385082,%,World Bank,2025-10-05
Benin,BEN,2003,Croissance du PIB (%),NY.GDP.MKTP.KD.ZG,3.44357677591658,%,World Bank,2025-10-05
Benin,BEN,2002,Croissance du PIB (%),NY.GDP.MKTP.KD.ZG,4.64303087074482,%,World Bank,2025-10-05
Benin,BEN,2001,Croissance du PIB (%),NY.GDP.MKTP.KD.ZG,5.33313570603937,%,World Bank,2025-10-05
Benin,BEN,2000,Croissance du PIB (%),NY.GDP.MKTP.KD.ZG,5.85771420543269,%,World Bank,2025-10-05
Benin,BEN,2024,PIB par habitant (USD),NY.GDP.PCAP.CD,1485.38018980894,USD,World Bank,2025-10-05
Benin,BEN,2023,PIB par habitant (USD),NY.GDP.PCAP.CD,1394.17784663045,USD,World Bank,2025-10-05
Benin,BEN,2022,PIB par habitant (USD),NY.GDP.PCAP.CD,1266.42710981159,USD,World Bank,2025-10-05
Benin,BEN,2021,PIB par habitant (USD),NY.GDP.PCAP.CD,1318.65158107487,USD,World Bank,2025-10-05
Benin,BEN,2020,PIB par habitant (USD),NY.GDP.PCAP.CD,1200.19426631122,USD,World Bank,2025-10-05
Benin,BEN,2019,PIB par habitant (USD),NY.GDP.PCAP.CD,1130.82135339795,USD,World Bank,2025-10-05
Benin,BEN,2018,PIB par habitant (USD),NY.GDP.PCAP.CD,1151.7409703472,USD,World Bank,2025-10-05
Benin,BEN,2017,PIB par habitant (USD),NY.GDP.PCAP.CD,1054.97408066814,USD,World Bank,2025-10-05
Benin,BEN,2016,PIB par habitant (USD),NY.GDP.PCAP.CD,1010.5338961993,USD,World Bank,2025-10-05
Benin,BEN,2015,PIB par habitant (USD),NY.GDP.PCAP.CD,1002.41886879614,USD,World Bank,2025-10-05
Benin,BEN,2014,PIB par habitant (USD),NY.GDP.PCAP.CD,1204.39918670094,USD,World Bank,2025-10-05
Benin,BEN,2013,PIB par habitant (USD),NY.GDP.PCAP.CD,1168.92699279226,USD,World Bank,2025-10-05
Benin,BEN,2012,PIB par habitant (USD),NY.GDP.PCAP.CD,1071.5258366283,USD,World Bank,2025-10-05
Benin,BEN,2011,PIB par habitant (USD),NY.GDP.PCAP.CD,1059.41358852588,USD,World Bank,2025-10-05
Benin,BEN,2010,PIB par habitant (USD),NY.GDP.PCAP.CD,973.244254931526,USD,World Bank,2025-10-05
Benin,BEN,2009,PIB par habitant (USD),NY.GDP.PCAP.CD,1024.10277858112,USD,World Bank,2025-10-05
Benin,BEN,2008,PIB par habitant (USD),NY.GDP.PCAP.CD,1060.60254502099,USD,World Bank,2025-10-05
Benin,BEN,2007,PIB par habitant (USD),NY.GDP.PCAP.CD,912.338247188342,USD,World Bank,2025-10-05
Benin,BEN,2006,PIB par habitant (USD),NY.GDP.PCAP.CD,809.147072506221,USD,World Bank,2025-10-05
Benin,BEN,2005,PIB par habitant (USD),NY.GDP.PCAP.CD,779.437777753268,USD,World Bank,2025-10-05
Benin,BEN,2004,PIB par habitant (USD),NY.GDP.PCAP.CD,758.695803786371,USD,World Bank,2025-10-05
Benin,BEN,2003,PIB par habitant (USD),NY.GDP.PCAP.CD,676.002878084282,USD,World Bank,2025-10-05
Benin,BEN,2002,PIB par habitant (USD),NY.GDP.PCAP.CD,546.463829658159,USD,World Bank,2025-10-05
Benin,BEN,2001,PIB par habitant (USD),NY.GDP.PCAP.CD,492.401499509072,USD,World Bank,2025-10-05
Benin,BEN,2000,PIB par habitant (USD),NY.GDP.PCAP.CD,487.424141384242,USD,World Bank,2025-10-05
Benin,BEN,2024,Croissance PIB par habitant (%),NY.GDP.PCAP.KD.ZG,4.84017869082697,%,World Bank,2025-10-05
Benin,BEN,2023,Croissance PIB par habitant (%),NY.GDP.PCAP.KD.ZG,3.70332512754182,%,World Bank,2025-10-05
Benin,BEN,2022,Croissance PIB par habitant (%),NY.GDP.PCAP.KD.ZG,3.58043408047179,%,World Bank,2025-10-05
Benin,BEN,2021,Croissance PIB par habitant (%),NY.GDP.PCAP.KD.ZG,4.41335435119757,%,World Bank,2025-10-05
Benin,BEN,2020,Croissance PIB par habitant (%),NY.GDP.PCAP.KD.ZG,1.12020264806804,%,World Bank,2025-10-05
Benin,BEN,2019,Croissance PIB par habitant (%),NY.GDP.PCAP.KD.ZG,3.98211326561793,%,World Bank,2025-10-05
Benin,BEN,2018,Croissance PIB par habitant (%),NY.GDP.PCAP.KD.ZG,3.73701554279164,%,World Bank,2025-10-05
Benin,BEN,2017,Croissance PIB par habitant (%),NY.GDP.PCAP.KD.ZG,2.67041720047298,%,World Bank,2025-10-05
Benin,BEN,2016,Croissance PIB par habitant (%),NY.GDP.PCAP.KD.ZG,0.361166139903119,%,World Bank,2025-10-05
Benin,BEN,2015,Croissance PIB par habitant (%),NY.GDP.PCAP.KD.ZG,-1.18432043750336,%,World Bank,2025-10-05
Benin,BEN,2014,Croissance PIB par habitant (%),NY.GDP.PCAP.KD.ZG,3.26077217060734,%,World Bank,2025-10-05
Benin,BEN,2013,Croissance PIB par habitant (%),NY.GDP.PCAP.KD.ZG,4.076668026964,%,World Bank,2025-10-05
Benin,BEN,2012,Croissance PIB par habitant (%),NY.GDP.PCAP.KD.ZG,1.74647753021327,%,World Bank,2025-10-05
Benin,BEN,2011,Croissance PIB par habitant (%),NY.GDP.PCAP.KD.ZG,-0.0571230167535077,%,World Bank,2025-10-05
Benin,BEN,2010,Croissance PIB par habitant (%),NY.GDP.PCAP.KD.ZG,-0.888244805144353,%,World Bank,2025-10-05
Benin,BEN,2009,Croissance PIB par habitant (%),NY.GDP.PCAP.KD.ZG,-0.703743155603306,%,World Bank,2025-10-05
Benin,BEN,2008,Croissance PIB par habitant (%),NY.GDP.PCAP.KD.ZG,1.77647069609412,%,World Bank,2025-10-05
Benin,BEN,2007,Croissance PIB par habitant (%),NY.GDP.PCAP.KD.ZG,2.9001757042866,%,World Bank,2025-10-05
Benin,BEN,2006,Croissance PIB par habitant (%),NY.GDP.PCAP.KD.ZG,0.750089697773319,%,World Bank,2025-10-05
Benin,BEN,2005,Croissance PIB par habitant (%),NY.GDP.PCAP.KD.ZG,-1.51043339492205,%,World Bank,2025-10-05
Benin,BEN,2004,Croissance PIB par habitant (%),NY.GDP.PCAP.KD.ZG,1.28077994352564,%,World Bank,2025-10-05
Benin,BEN,2003,Croissance PIB par habitant (%),NY.GDP.PCAP.KD.ZG,0.336976510869505,%,World Bank,2025-10-05
Benin,BEN,2002,Croissance PIB par habitant (%),NY.GDP.PCAP.KD.ZG,1.50964025698303,%,World Bank,2025-10-05
Benin,BEN,2001,Croissance PIB par habitant (%),NY.GDP.PCAP.KD.ZG,2.16452439056758,%,World Bank,2025-10-05
Benin,BEN,2000,Croissance PIB par habitant (%),NY.GDP.PCAP.KD.ZG,2.65043149973154,%,World Bank,2025-10-05
Benin,BEN,2024,Inflation (%),FP.CPI.TOTL.ZG,1.16093089640415,%,World Bank,2025-10-05
Benin,BEN,2023,Inflation (%),FP.CPI.TOTL.ZG,2.73870078406075,%,World Bank,2025-10-05
Benin,BEN,2022,Inflation (%),FP.CPI.TOTL.ZG,1.35077863583527,%,World Bank,2025-10-05
Benin,BEN,2021,Inflation (%),FP.CPI.TOTL.ZG,1.73353962694036,%,World Bank,2025-10-05
Benin,BEN,2020,Inflation (%),FP.CPI.TOTL.ZG,3.02272119663759,%,World Bank,2025-10-05
Benin,BEN,2019,Inflation (%),FP.CPI.TOTL.ZG,0.732849371241066,%,World Bank,2025-10-05
Benin,BEN,2018,Inflation (%),FP.CPI.TOTL.ZG,0.919170717886054,%,World Bank,2025-10-05
Benin,BEN,2017,Inflation (%),FP.CPI.TOTL.ZG,0.0432648555103608,%,World Bank,2025-10-05
Benin,BEN,2016,Inflation (%),FP.CPI.TOTL.ZG,-0.793310145785624,%,World Bank,2025-10-05
Benin,BEN,2015,Inflation (%),FP.CPI.TOTL.ZG,0.218785923536245,%,World Bank,2025-10-05
Benin,BEN,2014,Inflation (%),FP.CPI.TOTL.ZG,-0.548757550948181,%,World Bank,2025-10-05
Benin,BEN,2013,Inflation (%),FP.CPI.TOTL.ZG,0.428888888888884,%,World Bank,2025-10-05
Benin,BEN,2012,Inflation (%),FP.CPI.TOTL.ZG,6.74468253340712,%,World Bank,2025-10-05
Benin,BEN,2011,Inflation (%),FP.CPI.TOTL.ZG,2.7042390774728,%,World Bank,2025-10-05
Benin,BEN,2010,Inflation (%),FP.CPI.TOTL.ZG,2.20783532536524,%,World Bank,2025-10-05
Benin,BEN,2009,Inflation (%),FP.CPI.TOTL.ZG,0.896072355749069,%,World Bank,2025-10-05
Benin,BEN,2008,Inflation (%),FP.CPI.TOTL.ZG,7.94729876067854,%,World Bank,2025-10-05
Benin,BEN,2007,Inflation (%),FP.CPI.TOTL.ZG,1.29806813334152,%,World Bank,2025-10-05
Benin,BEN,2006,Inflation (%),FP.CPI.TOTL.ZG,3.78217696540375,%,World Bank,2025-10-05
Benin,BEN,2005,Inflation (%),FP.CPI.TOTL.ZG,5.36452085832342,%,World Bank,2025-10-05
Benin,BEN,2004,Inflation (%),FP.CPI.TOTL.ZG,0.8738908308685,%,World Bank,2025-10-05
Benin,BEN,2003,Inflation (%),FP.CPI.TOTL.ZG,1.48724246145442,%,World Bank,2025-10-05
Benin,BEN,2002,Inflation (%),FP.CPI.TOTL.ZG,2.48916235491541,%,World Bank,2025-10-05
Benin,BEN,2001,Inflation (%),FP.CPI.TOTL.ZG,3.98429547767893,%,World Bank,2025-10-05
Benin,BEN,2000,Inflation (%),FP.CPI.TOTL.ZG,4.16540442290283,%,World Bank,2025-10-05
Benin,BEN,2024,Taux de chômage (%),SL.UEM.TOTL.ZS,1.722,%,World Bank,2025-10-05
Benin,BEN,2023,Taux de chômage (%),SL.UEM.TOTL.ZS,1.657,%,World Bank,2025-10-05
Benin,BEN,2022,Taux de chômage (%),SL.UEM.TOTL.ZS,1.685,%,World Bank,2025-10-05
Benin,BEN,2021,Taux de chômage (%),SL.UEM.TOTL.ZS,1.779,%,World Bank,2025-10-05
Benin,BEN,2020,Taux de chômage (%),SL.UEM.TOTL.ZS,1.502,%,World Bank,2025-10-05
Benin,BEN,2019,Taux de chômage (%),SL.UEM.TOTL.ZS,1.214,%,World Bank,2025-10-05
Benin,BEN,2018,Taux de chômage (%),SL.UEM.TOTL.ZS,1.41,%,World Bank,2025-10-05
Benin,BEN,2017,Taux de chômage (%),SL.UEM.TOTL.ZS,1.659,%,World Bank,2025-10-05
Benin,BEN,2016,Taux de chômage (%),SL.UEM.TOTL.ZS,1.784,%,World Bank,2025-10-05
Benin,BEN,2015,Taux de chômage (%),SL.UEM.TOTL.ZS,1.82,%,World Bank,2025-10-05
Benin,BEN,2014,Taux de chômage (%),SL.UEM.TOTL.ZS,1.872,%,World Bank,2025-10-05
Benin,BEN,2013,Taux de chômage (%),SL.UEM.TOTL.ZS,2.099,%,World Bank,2025-10-05
Benin,BEN,2012,Taux de chômage (%),SL.UEM.TOTL.ZS,2.406,%,World Bank,2025-10-05
Benin,BEN,2011,Taux de chômage (%),SL.UEM.TOTL.ZS,2.647,%,World Bank,2025-10-05
Benin,BEN,2010,Taux de chômage (%),SL.UEM.TOTL.ZS,1.04,%,World Bank,2025-10-05
Benin,BEN,2009,Taux de chômage (%),SL.UEM.TOTL.ZS,0.949,%,World Bank,2025-10-05
Benin,BEN,2008,Taux de chômage (%),SL.UEM.TOTL.ZS,0.894,%,World Bank,2025-10-05
Benin,BEN,2007,Taux de chômage (%),SL.UEM.TOTL.ZS,0.902,%,World Bank,2025-10-05
Benin,BEN,2006,Taux de chômage (%),SL.UEM.TOTL.ZS,0.889,%,World Bank,2025-10-05
Benin,BEN,2005,Taux de chômage (%),SL.UEM.TOTL.ZS,0.86,%,World Bank,2025-10-05
Benin,BEN,2004,Taux de chômage (%),SL.UEM.TOTL.ZS,0.79,%,World Bank,2025-10-05
Benin,BEN,2003,Taux de chômage (%),SL.UEM.TOTL.ZS,0.747,%,World Bank,2025-10-05
Benin,BEN,2002,Taux de chômage (%),SL.UEM.TOTL.ZS,0.69,%,World Bank,2025-10-05
Benin,BEN,2001,Taux de chômage (%),SL.UEM.TOTL.ZS,0.765,%,World Bank,2025-10-05
Benin,BEN,2000,Taux de chômage (%),SL.UEM.TOTL.ZS,0.864,%,World Bank,2025-10-05
Benin,BEN,2023,Investissement direct étranger,BX.KLT.DINV.CD.WD,442960064.385834,unité,World Bank,2025-10-05
Benin,BEN,2022,Investissement direct étranger,BX.KLT.DINV.CD.WD,375988902.223793,unité,World Bank,2025-10-05
Benin,BEN,2021,Investissement direct étranger,BX.KLT.DINV.CD.WD,345985235.68003,unité,World Bank,2025-10-05
Benin,BEN,2020,Investissement direct étranger,BX.KLT.DINV.CD.WD,174019952.063051,unité,World Bank,2025-10-05
Benin,BEN,2019,Investissement direct étranger,BX.KLT.DINV.CD.WD,218207871.715643,unité,World Bank,2025-10-05
Benin,BEN,2018,Investissement direct étranger,BX.KLT.DINV.CD.WD,194073683.196865,unité,World Bank,2025-10-05
Benin,BEN,2017,Investissement direct étranger,BX.KLT.DINV.CD.WD,200902719.348051,unité,World Bank,2025-10-05
Benin,BEN,2016,Investissement direct étranger,BX.KLT.DINV.CD.WD,131790853.84079,unité,World Bank,2025-10-05
Benin,BEN,2015,Investissement direct étranger,BX.KLT.DINV.CD.WD,149755663.330268,unité,World Bank,2025-10-05
Benin,BEN,2014,Investissement direct étranger,BX.KLT.DINV.CD.WD,405737369.105159,unité,World Bank,2025-10-05
Benin,BEN,2013,Investissement direct étranger,BX.KLT.DINV.CD.WD,360343380.324677,unité,World Bank,2025-10-05
Benin,BEN,2012,Investissement direct étranger,BX.KLT.DINV.CD.WD,281548556.296849,unité,World Bank,2025-10-05
Benin,BEN,2011,Investissement direct étranger,BX.KLT.DINV.CD.WD,161302390.821903,unité,World Bank,2025-10-05
Benin,BEN,2010,Investissement direct étranger,BX.KLT.DINV.CD.WD,53507087.7359353,unité,World Bank,2025-10-05
Benin,BEN,2009,Investissement direct étranger,BX.KLT.DINV.CD.WD,-18807407.3780513,unité,World Bank,2025-10-05
Benin,BEN,2008,Investissement direct étranger,BX.KLT.DINV.CD.WD,48210757.8531253,unité,World Bank,2025-10-05
Benin,BEN,2007,Investissement direct étranger,BX.KLT.DINV.CD.WD,139189943.015456,unité,World Bank,2025-10-05
Benin,BEN,2006,Investissement direct étranger,BX.KLT.DINV.CD.WD,-12363482.3642044,unité,World Bank,2025-10-05
Benin,BEN,2005,Investissement direct étranger,BX.KLT.DINV.CD.WD,-8788860.12677477,unité,World Bank,2025-10-05
Benin,BEN,2004,Investissement direct étranger,BX.KLT.DINV.CD.WD,-40774605.0603663,unité,World Bank,2025-10-05
Benin,BEN,2003,Investissement direct étranger,BX.KLT.DINV.CD.WD,10638088.2576387,unité,World Bank,2025-10-05
Benin,BEN,2002,Investissement direct étranger,BX.KLT.DINV.CD.WD,-19395622.6954978,unité,World Bank,2025-10-05
Benin,BEN,2001,Investissement direct étranger,BX.KLT.DINV.CD.WD,16739539.3415644,unité,World Bank,2025-10-05
Benin,BEN,2000,Investissement direct étranger,BX.KLT.DINV.CD.WD,-12794843.6146594,unité,World Bank,2025-10-05
Benin,BEN,2024,Exportations de biens et services,NE.EXP.GNFS.CD,4047363787.06463,unité,World Bank,2025-10-05
Benin,BEN,2023,Exportations de biens et services,NE.EXP.GNFS.CD,3935350520.19623,unité,World Bank,2025-10-05
Benin,BEN,2022,Exportations de biens et services,NE.EXP.GNFS.CD,3627155580.31394,unité,World Bank,2025-10-05
Benin,BEN,2021,Exportations de biens et services,NE.EXP.GNFS.CD,3700039684.26428,unité,World Bank,2025-10-05
Benin,BEN,2020,Exportations de biens et services,NE.EXP.GNFS.CD,3117343143.85166,unité,World Bank,2025-10-05
Benin,BEN,2019,Exportations de biens et services,NE.EXP.GNFS.CD,4264332526.72108,unité,World Bank,2025-10-05
Benin,BEN,2018,Exportations de biens et services,NE.EXP.GNFS.CD,3889962074.25631,unité,World Bank,2025-10-05
Benin,BEN,2017,Exportations de biens et services,NE.EXP.GNFS.CD,3455561017.58914,unité,World Bank,2025-10-05
Benin,BEN,2016,Exportations de biens et services,NE.EXP.GNFS.CD,3263416597.90044,unité,World Bank,2025-10-05
Benin,BEN,2015,Exportations de biens et services,NE.EXP.GNFS.CD,2815204783.04203,unité,World Bank,2025-10-05
Benin,BEN,2014,Exportations de biens et services,NE.EXP.GNFS.CD,4175438841.58641,unité,World Bank,2025-10-05
Benin,BEN,2013,Exportations de biens et services,NE.EXP.GNFS.CD,3451240666.46384,unité,World Bank,2025-10-05
Benin,BEN,2012,Exportations de biens et services,NE.EXP.GNFS.CD,2662421032.36803,unité,World Bank,2025-10-05
Benin,BEN,2011,Exportations de biens et services,NE.EXP.GNFS.CD,2229520238.43142,unité,World Bank,2025-10-05
Benin,BEN,2010,Exportations de biens et services,NE.EXP.GNFS.CD,2199999385.40112,unité,World Bank,2025-10-05
Benin,BEN,2009,Exportations de biens et services,NE.EXP.GNFS.CD,1940710262.92026,unité,World Bank,2025-10-05
Benin,BEN,2008,Exportations de biens et services,NE.EXP.GNFS.CD,2167074921.86083,unité,World Bank,2025-10-05
Benin,BEN,2007,Exportations de biens et services,NE.EXP.GNFS.CD,1800691335.95807,unité,World Bank,2025-10-05
Benin,BEN,2006,Exportations de biens et services,NE.EXP.GNFS.CD,1270214595.80969,unité,World Bank,2025-10-05
Benin,BEN,2005,Exportations de biens et services,NE.EXP.GNFS.CD,1213941696.92857,unité,World Bank,2025-10-05
Benin,BEN,2004,Exportations de biens et services,NE.EXP.GNFS.CD,1146038651.35219,unité,World Bank,2025-10-05
Benin,BEN,2003,Exportations de biens et services,NE.EXP.GNFS.CD,997331579.809427,unité,World Bank,2025-10-05
Benin,BEN,2002,Exportations de biens et services,NE.EXP.GNFS.CD,827401656.41962,unité,World Bank,2025-10-05
Benin,BEN,2001,Exportations de biens et services,NE.EXP.GNFS.CD,728426333.669514,unité,World Bank,2025-10-05
Benin,BEN,2000,Exportations de biens et services,NE.EXP.GNFS.CD,725304886.00806,unité,World Bank,2025-10-05
Benin,BEN,2024,Importations de biens et services,NE.IMP.GNFS.CD,4683140136.81135,unité,World Bank,2025-10-05
Benin,BEN,2023,Importations de biens et services,NE.IMP.GNFS.CD,4851357173.4898,unité,World Bank,2025-10-05
Benin,BEN,2022,Importations de biens et services,NE.IMP.GNFS.CD,4106516763.0535,unité,World Bank,2025-10-05
Benin,BEN,2021,Importations de biens et services,NE.IMP.GNFS.CD,4799723189.88576,unité,World Bank,2025-10-05
Benin,BEN,2020,Importations de biens et services,NE.IMP.GNFS.CD,3915530458.49723,unité,World Bank,2025-10-05
Benin,BEN,2019,Importations de biens et services,NE.IMP.GNFS.CD,4900485060.17756,unité,World Bank,2025-10-05
Benin,BEN,2018,Importations de biens et services,NE.IMP.GNFS.CD,4923520743.9202,unité,World Bank,2025-10-05
Benin,BEN,2017,Importations de biens et services,NE.IMP.GNFS.CD,4352984748.39051,unité,World Bank,2025-10-05
Benin,BEN,2016,Importations de biens et services,NE.IMP.GNFS.CD,3709467045.80246,unité,World Bank,2025-10-05
Benin,BEN,2015,Importations de biens et services,NE.IMP.GNFS.CD,3648295538.29295,unité,World Bank,2025-10-05
Benin,BEN,2014,Importations de biens et services,NE.IMP.GNFS.CD,4495143318.07489,unité,World Bank,2025-10-05
Benin,BEN,2013,Importations de biens et services,NE.IMP.GNFS.CD,3959347660.28492,unité,World Bank,2025-10-05
Benin,BEN,2012,Importations de biens et services,NE.IMP.GNFS.CD,2990340508.51407,unité,World Bank,2025-10-05
Benin,BEN,2011,Importations de biens et services,NE.IMP.GNFS.CD,2819548390.78937,unité,World Bank,2025-10-05
Benin,BEN,2010,Importations de biens et services,NE.IMP.GNFS.CD,2704110555.34836,unité,World Bank,2025-10-05
Benin,BEN,2009,Importations de biens et services,NE.IMP.GNFS.CD,2412711824.80475,unité,World Bank,2025-10-05
Benin,BEN,2008,Importations de biens et services,NE.IMP.GNFS.CD,2509050412.39671,unité,World Bank,2025-10-05
Benin,BEN,2007,Importations de biens et services,NE.IMP.GNFS.CD,2211437454.14108,unité,World Bank,2025-10-05
Benin,BEN,2006,Importations de biens et services,NE.IMP.GNFS.CD,1527581986.81391,unité,World Bank,2025-10-05
Benin,BEN,2005,Importations de biens et services,NE.IMP.GNFS.CD,1353744164.69901,unité,World Bank,2025-10-05
Benin,BEN,2004,Importations de biens et services,NE.IMP.GNFS.CD,1324063349.9387,unité,World Bank,2025-10-05
Benin,BEN,2003,Importations de biens et services,NE.IMP.GNFS.CD,1228828001.90253,unité,World Bank,2025-10-05
Benin,BEN,2002,Importations de biens et services,NE.IMP.GNFS.CD,1008395973.11008,unité,World Bank,2025-10-05
Benin,BEN,2001,Importations de biens et services,NE.IMP.GNFS.CD,1040788979.38309,unité,World Bank,2025-10-05
Benin,BEN,2000,Importations de biens et services,NE.IMP.GNFS.CD,941345994.062243,unité,World Bank,2025-10-05
Benin,BEN,2018,Taux de pauvreté (seuil national),SI.POV.NAHC,38.5,%,World Bank,2025-10-05
Benin,BEN,2015,Taux de pauvreté (seuil national),SI.POV.NAHC,40.1,%,World Bank,2025-10-05
Benin,BEN,2011,Taux de pauvreté (seuil national),SI.POV.NAHC,36.2,%,World Bank,2025-10-05
Benin,BEN,2010,Taux de pauvreté (seuil national),SI.POV.NAHC,35.2,%,World Bank,2025-10-05
Benin,BEN,2007,Taux de pauvreté (seuil national),SI.POV.NAHC,33.0,%,World Bank,2025-10-05
Benin,BEN,2006,Taux de pauvreté (seuil national),SI.POV.NAHC,37.5,%,World Bank,2025-10-05
Benin,BEN,2021,Pauvreté à 2.15$/jour (%),SI.POV.DDAY,27.2,%,World Bank,2025-10-05
Benin,BEN,2018,Pauvreté à 2.15$/jour (%),SI.POV.DDAY,37.2,%,World Bank,2025-10-05
Benin,BEN,2015,Pauvreté à 2.15$/jour (%),SI.POV.DDAY,65.8,%,World Bank,2025-10-05
Benin,BEN,2011,Pauvreté à 2.15$/jour (%),SI.POV.DDAY,68.4,%,World Bank,2025-10-05
Benin,BEN,2003,Pauvreté à 2.15$/jour (%),SI.POV.DDAY,70.5,%,World Bank,2025-10-05
Benin,BEN,2024,Commerce (% PIB),NE.TRD.GNFS.ZS,40.6398022401523,%,World Bank,2025-10-05
Benin,BEN,2023,Commerce (% PIB),NE.TRD.GNFS.ZS,44.6631308180211,%,World Bank,2025-10-05
Benin,BEN,2022,Commerce (% PIB),NE.TRD.GNFS.ZS,44.3815928877424,%,World Bank,2025-10-05
Benin,BEN,2021,Commerce (% PIB),NE.TRD.GNFS.ZS,48.0548608324409,%,World Bank,2025-10-05
Benin,BEN,2020,Commerce (% PIB),NE.TRD.GNFS.ZS,44.8332333768726,%,World Bank,2025-10-05
Benin,BEN,2019,Commerce (% PIB),NE.TRD.GNFS.ZS,63.68133231423,%,World Bank,2025-10-05
Benin,BEN,2018,Commerce (% PIB),NE.TRD.GNFS.ZS,61.7951944903448,%,World Bank,2025-10-05
Benin,BEN,2017,Commerce (% PIB),NE.TRD.GNFS.ZS,61.4765969588474,%,World Bank,2025-10-05
Benin,BEN,2016,Commerce (% PIB),NE.TRD.GNFS.ZS,58.9869283378276,%,World Bank,2025-10-05
Benin,BEN,2015,Commerce (% PIB),NE.TRD.GNFS.ZS,56.7563131849476,%,World Bank,2025-10-05
Benin,BEN,2014,Commerce (% PIB),NE.TRD.GNFS.ZS,65.2682749404551,%,World Bank,2025-10-05
Benin,BEN,2013,Commerce (% PIB),NE.TRD.GNFS.ZS,59.2001918331875,%,World Bank,2025-10-05
Benin,BEN,2012,Commerce (% PIB),NE.TRD.GNFS.ZS,50.7367367791134,%,World Bank,2025-10-05
Benin,BEN,2011,Commerce (% PIB),NE.TRD.GNFS.ZS,47.2170288118403,%,World Bank,2025-10-05
Benin,BEN,2010,Commerce (% PIB),NE.TRD.GNFS.ZS,51.4308599492924,%,World Bank,2025-10-05
Benin,BEN,2009,Commerce (% PIB),NE.TRD.GNFS.ZS,44.7026290629806,%,World Bank,2025-10-05
Benin,BEN,2008,Commerce (% PIB),NE.TRD.GNFS.ZS,47.7753592695169,%,World Bank,2025-10-05
Benin,BEN,2007,Commerce (% PIB),NE.TRD.GNFS.ZS,49.1137841529705,%,World Bank,2025-10-05
Benin,BEN,2006,Commerce (% PIB),NE.TRD.GNFS.ZS,39.7746987128551,%,World Bank,2025-10-05
Benin,BEN,2005,Commerce (% PIB),NE.TRD.GNFS.ZS,39.0959311879142,%,World Bank,2025-10-05
Benin,BEN,2004,Commerce (% PIB),NE.TRD.GNFS.ZS,39.9029743365096,%,World Bank,2025-10-05
Benin,BEN,2003,Commerce (% PIB),NE.TRD.GNFS.ZS,41.6162305574334,%,World Bank,2025-10-05
Benin,BEN,2002,Commerce (% PIB),NE.TRD.GNFS.ZS,43.7684225364311,%,World Bank,2025-10-05
Benin,BEN,2001,Commerce (% PIB),NE.TRD.GNFS.ZS,48.2571706392197,%,World Bank,2025-10-05
Benin,BEN,2000,Commerce (% PIB),NE.TRD.GNFS.ZS,47.3481515012844,%,World Bank,2025-10-05
Benin,BEN,2023,Epargne brute (% PIB),NY.GNS.ICTR.ZS,30.1546562543466,%,World Bank,2025-10-05
Benin,BEN,2022,Epargne brute (% PIB),NY.GNS.ICTR.ZS,28.5896303837119,%,World Bank,2025-10-05
Benin,BEN,2021,Epargne brute (% PIB),NY.GNS.ICTR.ZS,22.8429464050503,%,World Bank,2025-10-05
Benin,BEN,2020,Epargne brute (% PIB),NY.GNS.ICTR.ZS,21.5767230966933,%,World Bank,2025-10-05
Benin,BEN,2019,Epargne brute (% PIB),NY.GNS.ICTR.ZS,22.2244813365381,%,World Bank,2025-10-05
Benin,BEN,2018,Epargne brute (% PIB),NY.GNS.ICTR.ZS,20.3473009909443,%,World Bank,2025-10-05
Benin,BEN,2017,Epargne brute (% PIB),NY.GNS.ICTR.ZS,18.2530062411206,%,World Bank,2025-10-05
Benin,BEN,2016,Epargne brute (% PIB),NY.GNS.ICTR.ZS,17.9518374127159,%,World Bank,2025-10-05
Benin,BEN,2015,Epargne brute (% PIB),NY.GNS.ICTR.ZS,14.0978645779089,%,World Bank,2025-10-05
Benin,BEN,2014,Epargne brute (% PIB),NY.GNS.ICTR.ZS,18.6043786820495,%,World Bank,2025-10-05
Benin,BEN,2013,Epargne brute (% PIB),NY.GNS.ICTR.ZS,16.2831559494633,%,World Bank,2025-10-05
Benin,BEN,2012,Epargne brute (% PIB),NY.GNS.ICTR.ZS,13.5331677371806,%,World Bank,2025-10-05
Benin,BEN,2011,Epargne brute (% PIB),NY.GNS.ICTR.ZS,12.1258515414977,%,World Bank,2025-10-05
Benin,BEN,2010,Epargne brute (% PIB),NY.GNS.ICTR.ZS,11.3872624204363,%,World Bank,2025-10-05
Benin,BEN,2009,Epargne brute (% PIB),NY.GNS.ICTR.ZS,11.454386753593,%,World Bank,2025-10-05
Benin,BEN,2008,Epargne brute (% PIB),NY.GNS.ICTR.ZS,12.6417407502668,%,World Bank,2025-10-05
Benin,BEN,2007,Epargne brute (% PIB),NY.GNS.ICTR.ZS,14.045190406809,%,World Bank,2025-10-05
Benin,BEN,2006,Epargne brute (% PIB),NY.GNS.ICTR.ZS,12.4648656396847,%,World Bank,2025-10-05
Benin,BEN,2005,Epargne brute (% PIB),NY.GNS.ICTR.ZS,12.1909297240227,%,World Bank,2025-10-05
Benin,BEN,2004,Epargne brute (% PIB),NY.GNS.ICTR.ZS,13.2568657816357,%,World Bank,2025-10-05
Benin,BEN,2003,Epargne brute (% PIB),NY.GNS.ICTR.ZS,11.3663910040752,%,World Bank,2025-10-05
Benin,BEN,2002,Epargne brute (% PIB),NY.GNS.ICTR.ZS,13.6132887525639,%,World Bank,2025-10-05
Benin,BEN,2001,Epargne brute (% PIB),NY.GNS.ICTR.ZS,13.278921809743,%,World Bank,2025-10-05
Benin,BEN,2000,Epargne brute (% PIB),NY.GNS.ICTR.ZS,12.6838791666836,%,World Bank,2025-10-05
Benin,BEN,2024,Investissement (% PIB),NE.GDI.TOTL.ZS,35.0616847972117,%,World Bank,2025-10-05
Benin,BEN,2023,Investissement (% PIB),NE.GDI.TOTL.ZS,34.5306621756362,%,World Bank,2025-10-05
Benin,BEN,2022,Investissement (% PIB),NE.GDI.TOTL.ZS,31.1483716430973,%,World Bank,2025-10-05
Benin,BEN,2021,Investissement (% PIB),NE.GDI.TOTL.ZS,28.8506183177663,%,World Bank,2025-10-05
Benin,BEN,2020,Investissement (% PIB),NE.GDI.TOTL.ZS,25.6338435081567,%,World Bank,2025-10-05
Benin,BEN,2019,Investissement (% PIB),NE.GDI.TOTL.ZS,25.6298005790604,%,World Bank,2025-10-05
Benin,BEN,2018,Investissement (% PIB),NE.GDI.TOTL.ZS,26.3865130249513,%,World Bank,2025-10-05
Benin,BEN,2017,Investissement (% PIB),NE.GDI.TOTL.ZS,23.9604222292501,%,World Bank,2025-10-05
Benin,BEN,2016,Investissement (% PIB),NE.GDI.TOTL.ZS,20.2720396046954,%,World Bank,2025-10-05
Benin,BEN,2015,Investissement (% PIB),NE.GDI.TOTL.ZS,20.731792085746,%,World Bank,2025-10-05
Benin,BEN,2014,Investissement (% PIB),NE.GDI.TOTL.ZS,19.2575856279899,%,World Bank,2025-10-05
Benin,BEN,2013,Investissement (% PIB),NE.GDI.TOTL.ZS,18.86187234768,%,World Bank,2025-10-05
Benin,BEN,2012,Investissement (% PIB),NE.GDI.TOTL.ZS,15.276312739626,%,World Bank,2025-10-05
Benin,BEN,2011,Investissement (% PIB),NE.GDI.TOTL.ZS,16.4625572802737,%,World Bank,2025-10-05
Benin,BEN,2010,Investissement (% PIB),NE.GDI.TOTL.ZS,15.608089212583,%,World Bank,2025-10-05
Benin,BEN,2009,Investissement (% PIB),NE.GDI.TOTL.ZS,14.8657187295579,%,World Bank,2025-10-05
Benin,BEN,2008,Investissement (% PIB),NE.GDI.TOTL.ZS,13.7404206600646,%,World Bank,2025-10-05
Benin,BEN,2007,Investissement (% PIB),NE.GDI.TOTL.ZS,16.3768679983693,%,World Bank,2025-10-05
Benin,BEN,2006,Investissement (% PIB),NE.GDI.TOTL.ZS,12.8734651191902,%,World Bank,2025-10-05
Benin,BEN,2005,Investissement (% PIB),NE.GDI.TOTL.ZS,12.0860448919113,%,World Bank,2025-10-05
Benin,BEN,2004,Investissement (% PIB),NE.GDI.TOTL.ZS,15.218605125346,%,World Bank,2025-10-05
Benin,BEN,2003,Investissement (% PIB),NE.GDI.TOTL.ZS,15.1637900420403,%,World Bank,2025-10-05
Benin,BEN,2002,Investissement (% PIB),NE.GDI.TOTL.ZS,14.8337225342659,%,World Bank,2025-10-05
Benin,BEN,2001,Investissement (% PIB),NE.GDI.TOTL.ZS,17.7527202451424,%,World Bank,2025-10-05
Benin,BEN,2000,Investissement (% PIB),NE.GDI.TOTL.ZS,16.0084024487125,%,World Bank,2025-10-05
Benin,BEN,2023,Balance des comptes courants,BN.CAB.XOKA.CD,-1608543370.68412,unité,World Bank,2025-10-05
Benin,BEN,2022,Balance des comptes courants,BN.CAB.XOKA.CD,-991004622.505377,unité,World Bank,2025-10-05
Benin,BEN,2021,Balance des comptes courants,BN.CAB.XOKA.CD,-734659106.551428,unité,World Bank,2025-10-05
Benin,BEN,2020,Balance des comptes courants,BN.CAB.XOKA.CD,-273966712.893492,unité,World Bank,2025-10-05
Benin,BEN,2019,Balance des comptes courants,BN.CAB.XOKA.CD,-575592817.829541,unité,World Bank,2025-10-05
Benin,BEN,2018,Balance des comptes courants,BN.CAB.XOKA.CD,-648824804.895264,unité,World Bank,2025-10-05
Benin,BEN,2017,Balance des comptes courants,BN.CAB.XOKA.CD,-531029511.357376,unité,World Bank,2025-10-05
Benin,BEN,2016,Balance des comptes courants,BN.CAB.XOKA.CD,-354241236.026224,unité,World Bank,2025-10-05
Benin,BEN,2015,Balance des comptes courants,BN.CAB.XOKA.CD,-679200532.34774,unité,World Bank,2025-10-05
Benin,BEN,2014,Balance des comptes courants,BN.CAB.XOKA.CD,-885799913.310537,unité,World Bank,2025-10-05
Benin,BEN,2013,Balance des comptes courants,BN.CAB.XOKA.CD,-673366862.290831,unité,World Bank,2025-10-05
Benin,BEN,2012,Balance des comptes courants,BN.CAB.XOKA.CD,-576935937.945258,unité,World Bank,2025-10-05
Benin,BEN,2011,Balance des comptes courants,BN.CAB.XOKA.CD,-516838833.48928,unité,World Bank,2025-10-05
Benin,BEN,2010,Balance des comptes courants,BN.CAB.XOKA.CD,-530854983.685428,unité,World Bank,2025-10-05
Benin,BEN,2009,Balance des comptes courants,BN.CAB.XOKA.CD,-651546427.808673,unité,World Bank,2025-10-05
Benin,BEN,2008,Balance des comptes courants,BN.CAB.XOKA.CD,-538190532.962479,unité,World Bank,2025-10-05
Benin,BEN,2007,Balance des comptes courants,BN.CAB.XOKA.CD,-534763829.039851,unité,World Bank,2025-10-05
Benin,BEN,2006,Balance des comptes courants,BN.CAB.XOKA.CD,-217198381.152852,unité,World Bank,2025-10-05
Benin,BEN,2005,Balance des comptes courants,BN.CAB.XOKA.CD,-226174696.216704,unité,World Bank,2025-10-05
Benin,BEN,2004,Balance des comptes courants,BN.CAB.XOKA.CD,-289010635.811166,unité,World Bank,2025-10-05
Benin,BEN,2003,Balance des comptes courants,BN.CAB.XOKA.CD,-331950912.88913,unité,World Bank,2025-10-05
Benin,BEN,2002,Balance des comptes courants,BN.CAB.XOKA.CD,-156932556.338638,unité,World Bank,2025-10-05
Benin,BEN,2001,Balance des comptes courants,BN.CAB.XOKA.CD,-74992412.5996497,unité,World Bank,2025-10-05
Benin,BEN,2000,Balance des comptes courants,BN.CAB.XOKA.CD,-80783378.7502863,unité,World Bank,2025-10-05
Benin,BEN,2023,Dette extérieure totale,DT.DOD.DECT.CD,12482753038.6,unité,World Bank,2025-10-05
Benin,BEN,2022,Dette extérieure totale,DT.DOD.DECT.CD,10736679249.4,unité,World Bank,2025-10-05
Benin,BEN,2021,Dette extérieure totale,DT.DOD.DECT.CD,10080172314.8,unité,World Bank,2025-10-05
Benin,BEN,2020,Dette extérieure totale,DT.DOD.DECT.CD,8419708040.3,unité,World Bank,2025-10-05
Benin,BEN,2019,Dette extérieure totale,DT.DOD.DECT.CD,6948620010.2,unité,World Bank,2025-10-05
Benin,BEN,2018,Dette extérieure totale,DT.DOD.DECT.CD,6901298963.8,unité,World Bank,2025-10-05
Benin,BEN,2017,Dette extérieure totale,DT.DOD.DECT.CD,4821092709.4,unité,World Bank,2025-10-05
Benin,BEN,2016,Dette extérieure totale,DT.DOD.DECT.CD,4222872533.2,unité,World Bank,2025-10-05
Benin,BEN,2015,Dette extérieure totale,DT.DOD.DECT.CD,3555460281.2,unité,World Bank,2025-10-05
Benin,BEN,2014,Dette extérieure totale,DT.DOD.DECT.CD,3847583868.7,unité,World Bank,2025-10-05
Benin,BEN,2013,Dette extérieure totale,DT.DOD.DECT.CD,3107685045.4,unité,World Bank,2025-10-05
Benin,BEN,2012,Dette extérieure totale,DT.DOD.DECT.CD,2620059365.2,unité,World Bank,2025-10-05
Benin,BEN,2011,Dette extérieure totale,DT.DOD.DECT.CD,2135217779.1,unité,World Bank,2025-10-05
Benin,BEN,2010,Dette extérieure totale,DT.DOD.DECT.CD,2284118354.5,unité,World Bank,2025-10-05
Benin,BEN,2009,Dette extérieure totale,DT.DOD.DECT.CD,2015238572.4,unité,World Bank,2025-10-05
Benin,BEN,2008,Dette extérieure totale,DT.DOD.DECT.CD,1702121197.5,unité,World Bank,2025-10-05
Benin,BEN,2007,Dette extérieure totale,DT.DOD.DECT.CD,1498259890.4,unité,World Bank,2025-10-05
Benin,BEN,2006,Dette extérieure totale,DT.DOD.DECT.CD,1254967318.4,unité,World Bank,2025-10-05
Benin,BEN,2005,Dette extérieure totale,DT.DOD.DECT.CD,1876387170.5,unité,World Bank,2025-10-05
Benin,BEN,2004,Dette extérieure totale,DT.DOD.DECT.CD,1994818354.6,unité,World Bank,2025-10-05
Benin,BEN,2003,Dette extérieure totale,DT.DOD.DECT.CD,1706632655.7,unité,World Bank,2025-10-05
Benin,BEN,2002,Dette extérieure totale,DT.DOD.DECT.CD,1851279355.1,unité,World Bank,2025-10-05
Benin,BEN,2001,Dette extérieure totale,DT.DOD.DECT.CD,1628922367.1,unité,World Bank,2025-10-05
Benin,BEN,2000,Dette extérieure totale,DT.DOD.DECT.CD,1504156540.8,unité,World Bank,2025-10-05
Benin,BEN,2024,Monnaie au sens large (% PIB),FM.LBL.BMNY.GD.ZS,28.1253915565527,%,World Bank,2025-10-05
Benin,BEN,2023,Monnaie au sens large (% PIB),FM.LBL.BMNY.GD.ZS,30.2805151829676,%,World Bank,2025-10-05
Benin,BEN,2022,Monnaie au sens large (% PIB),FM.LBL.BMNY.GD.ZS,33.4262920130361,%,World Bank,2025-10-05
Benin,BEN,2021,Monnaie au sens large (% PIB),FM.LBL.BMNY.GD.ZS,32.7281612646488,%,World Bank,2025-10-05
Benin,BEN,2020,Monnaie au sens large (% PIB),FM.LBL.BMNY.GD.ZS,30.5466451421651,%,World Bank,2025-10-05
Benin,BEN,2019,Monnaie au sens large (% PIB),FM.LBL.BMNY.GD.ZS,27.8216327591835,%,World Bank,2025-10-05
Benin,BEN,2018,Monnaie au sens large (% PIB),FM.LBL.BMNY.GD.ZS,27.9343009114216,%,World Bank,2025-10-05
Benin,BEN,2017,Monnaie au sens large (% PIB),FM.LBL.BMNY.GD.ZS,28.6309908502176,%,World Bank,2025-10-05
Benin,BEN,2016,Monnaie au sens large (% PIB),FM.LBL.BMNY.GD.ZS,29.8320946092057,%,World Bank,2025-10-05
Benin,BEN,2015,Monnaie au sens large (% PIB),FM.LBL.BMNY.GD.ZS,30.9847606493043,%,World Bank,2025-10-05
Benin,BEN,2014,Monnaie au sens large (% PIB),FM.LBL.BMNY.GD.ZS,29.9654302622445,%,World Bank,2025-10-05
Benin,BEN,2013,Monnaie au sens large (% PIB),FM.LBL.BMNY.GD.ZS,26.8619707362547,%,World Bank,2025-10-05
Benin,BEN,2012,Monnaie au sens large (% PIB),FM.LBL.BMNY.GD.ZS,24.8831507282871,%,World Bank,2025-10-05
Benin,BEN,2011,Monnaie au sens large (% PIB),FM.LBL.BMNY.GD.ZS,26.1382333435945,%,World Bank,2025-10-05
Benin,BEN,2010,Monnaie au sens large (% PIB),FM.LBL.BMNY.GD.ZS,25.5234386493141,%,World Bank,2025-10-05
Benin,BEN,2009,Monnaie au sens large (% PIB),FM.LBL.BMNY.GD.ZS,23.9524195587132,%,World Bank,2025-10-05
Benin,BEN,2008,Monnaie au sens large (% PIB),FM.LBL.BMNY.GD.ZS,23.2666022946797,%,World Bank,2025-10-05
Benin,BEN,2007,Monnaie au sens large (% PIB),FM.LBL.BMNY.GD.ZS,20.7109819579844,%,World Bank,2025-10-05
Benin,BEN,2006,Monnaie au sens large (% PIB),FM.LBL.BMNY.GD.ZS,18.5348372060989,%,World Bank,2025-10-05
Benin,BEN,2005,Monnaie au sens large (% PIB),FM.LBL.BMNY.GD.ZS,15.4599715800366,%,World Bank,2025-10-05
Benin,BEN,2004,Monnaie au sens large (% PIB),FM.LBL.BMNY.GD.ZS,14.0338387215601,%,World Bank,2025-10-05
Benin,BEN,2003,Monnaie au sens large (% PIB),FM.LBL.BMNY.GD.ZS,16.7880036917867,%,World Bank,2025-10-05
Benin,BEN,2002,Monnaie au sens large (% PIB),FM.LBL.BMNY.GD.ZS,14.6410436093978,%,World Bank,2025-10-05
Benin,BEN,2001,Monnaie au sens large (% PIB),FM.LBL.BMNY.GD.ZS,17.9977975020232,%,World Bank,2025-10-05
Benin,BEN,2000,Monnaie au sens large (% PIB),FM.LBL.BMNY.GD.ZS,19.1893080035169,%,World Bank,2025-10-05
