pays,code_pays,annee,indicateur,valeur,unite,categorie,source_donnees,score_qualite,fichier_origine
Benin,BEN,2000,Espérance vie en bonne santé,78.0,unité,social,WHO,100,who_health_data.csv
Benin,BEN,2000,Lits hôpital pour 10000 hab,17.38921931,unité,social,WHO,100,who_health_data.csv
Benin,BEN,2000,Mortalité infantile,79.659322427,unité,social,WHO,100,who_health_data.csv
Benin,BEN,2000,Médecins pour 10000 hab,57.42109531,unité,social,WHO,100,who_health_data.csv
Benin,BEN,2000,Prévalence tuberculose,529.469584,unité,social,WHO,100,who_health_data.csv
Benin,BEN,2000,Taux incidence paludisme,1.5,unité,social,WHO,100,who_health_data.csv
Benin,BEN,2001,Espérance vie en bonne santé,76.0,unité,social,WHO,100,who_health_data.csv
Benin,BEN,2001,Lits hôpital pour 10000 hab,17.48538722,unité,social,WHO,100,who_health_data.csv
Benin,BEN,2001,Mortalité infantile,83.103781375,unité,social,WHO,100,who_health_data.csv
Benin,BEN,2001,Mortalité maternelle,130.1123505,unité,social,WHO,100,who_health_data.csv
Benin,BEN,2001,Médecins pour 10000 hab,57.74456271,unité,social,WHO,100,who_health_data.csv
Benin,BEN,2001,Prévalence tuberculose,532.4616217,unité,social,WHO,100,who_health_data.csv
Benin,BEN,2001,Taux incidence paludisme,1.4,unité,social,WHO,100,who_health_data.csv
Benin,BEN,2002,Espérance vie en bonne santé,75.0,unité,social,WHO,100,who_health_data.csv
Benin,BEN,2002,Lits hôpital pour 10000 hab,17.60381689,unité,social,WHO,100,who_health_data.csv
Benin,BEN,2002,Mortalité infantile,75.998275385,unité,social,WHO,100,who_health_data.csv
Benin,BEN,2002,Mortalité maternelle,7.503509521,unité,social,WHO,100,who_health_data.csv
Benin,BEN,2002,Médecins pour 10000 hab,58.09380517,unité,social,WHO,100,who_health_data.csv
Benin,BEN,2002,Prévalence tuberculose,534.3912685,unité,social,WHO,100,who_health_data.csv
Benin,BEN,2002,Taux incidence paludisme,1.4,unité,social,WHO,100,who_health_data.csv
Benin,BEN,2003,Espérance vie en bonne santé,73.0,unité,social,WHO,100,who_health_data.csv
Benin,BEN,2003,Lits hôpital pour 10000 hab,16.55778582,unité,social,WHO,100,who_health_data.csv
Benin,BEN,2003,Mortalité infantile,79.456889943,unité,social,WHO,100,who_health_data.csv
Benin,BEN,2003,Mortalité maternelle,10.78123951,unité,social,WHO,100,who_health_data.csv
Benin,BEN,2003,Médecins pour 10000 hab,56.44466722,unité,social,WHO,100,who_health_data.csv
Benin,BEN,2003,Prévalence tuberculose,532.2720805,unité,social,WHO,100,who_health_data.csv
Benin,BEN,2003,Taux incidence paludisme,1.4,unité,social,WHO,100,who_health_data.csv
Benin,BEN,2004,Espérance vie en bonne santé,72.0,unité,social,WHO,100,who_health_data.csv
Benin,BEN,2004,Lits hôpital pour 10000 hab,15.31791316,unité,social,WHO,100,who_health_data.csv
Benin,BEN,2004,Mortalité infantile,77.774321193,unité,social,WHO,100,who_health_data.csv
Benin,BEN,2004,Mortalité maternelle,114.323555,unité,social,WHO,100,who_health_data.csv
Benin,BEN,2004,Médecins pour 10000 hab,56.89999605,unité,social,WHO,100,who_health_data.csv
Benin,BEN,2004,Prévalence tuberculose,530.5896076,unité,social,WHO,100,who_health_data.csv
Benin,BEN,2004,Taux incidence paludisme,1.3,unité,social,WHO,100,who_health_data.csv
Benin,BEN,2005,Espérance vie en bonne santé,70.0,unité,social,WHO,100,who_health_data.csv
Benin,BEN,2005,Lits hôpital pour 10000 hab,16.73847199,unité,social,WHO,100,who_health_data.csv
Benin,BEN,2005,Mortalité infantile,76.273742715,unité,social,WHO,100,who_health_data.csv
Benin,BEN,2005,Mortalité maternelle,8.972870827,unité,social,WHO,100,who_health_data.csv
Benin,BEN,2005,Médecins pour 10000 hab,61.09483944,unité,social,WHO,100,who_health_data.csv
Benin,BEN,2005,Prévalence tuberculose,514.176213,unité,social,WHO,100,who_health_data.csv
Benin,BEN,2005,Taux incidence paludisme,1.3,unité,social,WHO,100,who_health_data.csv
Benin,BEN,2006,Espérance vie en bonne santé,74.0,unité,social,WHO,100,who_health_data.csv
Benin,BEN,2006,Lits hôpital pour 10000 hab,15.53079674,unité,social,WHO,100,who_health_data.csv
Benin,BEN,2006,Mortalité infantile,63.465939201,unité,social,WHO,100,who_health_data.csv
Benin,BEN,2006,Mortalité maternelle,7.263964653,unité,social,WHO,100,who_health_data.csv
Benin,BEN,2006,Médecins pour 10000 hab,59.54016851,unité,social,WHO,100,who_health_data.csv
Benin,BEN,2006,Prévalence tuberculose,509.4485935,unité,social,WHO,100,who_health_data.csv
Benin,BEN,2006,Taux incidence paludisme,1.2,unité,social,WHO,100,who_health_data.csv
Benin,BEN,2007,Espérance vie en bonne santé,82.0,unité,social,WHO,100,who_health_data.csv
Benin,BEN,2007,Lits hôpital pour 10000 hab,16.84153328,unité,social,WHO,100,who_health_data.csv
Benin,BEN,2007,Mortalité infantile,61.945491669,unité,social,WHO,100,who_health_data.csv
Benin,BEN,2007,Mortalité maternelle,103.0437164,unité,social,WHO,100,who_health_data.csv
Benin,BEN,2007,Médecins pour 10000 hab,61.73572668,unité,social,WHO,100,who_health_data.csv
Benin,BEN,2007,Prévalence tuberculose,500.8453953,unité,social,WHO,100,who_health_data.csv
Benin,BEN,2007,Taux incidence paludisme,1.2,unité,social,WHO,100,who_health_data.csv
Benin,BEN,2008,Espérance vie en bonne santé,75.0,unité,social,WHO,100,who_health_data.csv
Benin,BEN,2008,Lits hôpital pour 10000 hab,18.03954719,unité,social,WHO,100,who_health_data.csv
Benin,BEN,2008,Mortalité infantile,60.434158787,unité,social,WHO,100,who_health_data.csv
Benin,BEN,2008,Mortalité maternelle,7.63499403,unité,social,WHO,100,who_health_data.csv
Benin,BEN,2008,Médecins pour 10000 hab,60.45115465,unité,social,WHO,100,who_health_data.csv
Benin,BEN,2008,Prévalence tuberculose,563.3792299,unité,social,WHO,100,who_health_data.csv
Benin,BEN,2008,Taux incidence paludisme,1.1,unité,social,WHO,100,who_health_data.csv
Benin,BEN,2009,Espérance vie en bonne santé,79.0,unité,social,WHO,100,who_health_data.csv
Benin,BEN,2009,Lits hôpital pour 10000 hab,17.00325163,unité,social,WHO,100,who_health_data.csv
Benin,BEN,2009,Mortalité infantile,65.060889283,unité,social,WHO,100,who_health_data.csv
Benin,BEN,2009,Mortalité maternelle,4.883800507,unité,social,WHO,100,who_health_data.csv
Benin,BEN,2009,Médecins pour 10000 hab,60.99409615,unité,social,WHO,100,who_health_data.csv
Benin,BEN,2009,Prévalence tuberculose,597.9590022,unité,social,WHO,100,who_health_data.csv
Benin,BEN,2009,Taux incidence paludisme,1.1,unité,social,WHO,100,who_health_data.csv
Benin,BEN,2010,Espérance vie en bonne santé,76.0,unité,social,WHO,100,who_health_data.csv
Benin,BEN,2010,Lits hôpital pour 10000 hab,15.71393135,unité,social,WHO,100,who_health_data.csv
Benin,BEN,2010,Mortalité infantile,69.522375374,unité,social,WHO,100,who_health_data.csv
Benin,BEN,2010,Mortalité maternelle,94.0,unité,social,WHO,100,who_health_data.csv
Benin,BEN,2010,Médecins pour 10000 hab,63.54981358,unité,social,WHO,100,who_health_data.csv
Benin,BEN,2010,Prévalence tuberculose,606.7153638,unité,social,WHO,100,who_health_data.csv
Benin,BEN,2010,Taux incidence paludisme,1.1,unité,social,WHO,100,who_health_data.csv
Benin,BEN,2011,Espérance vie en bonne santé,75.0,unité,social,WHO,100,who_health_data.csv
Benin,BEN,2011,Lits hôpital pour 10000 hab,17.04016384,unité,social,WHO,100,who_health_data.csv
Benin,BEN,2011,Mortalité infantile,56.231912523,unité,social,WHO,100,who_health_data.csv
Benin,BEN,2011,Mortalité maternelle,2.730382204,unité,social,WHO,100,who_health_data.csv
Benin,BEN,2011,Médecins pour 10000 hab,61.56618181,unité,social,WHO,100,who_health_data.csv
Benin,BEN,2011,Prévalence tuberculose,613.3767351,unité,social,WHO,100,who_health_data.csv
Benin,BEN,2011,Taux incidence paludisme,1.1,unité,social,WHO,100,who_health_data.csv
Benin,BEN,2012,Espérance vie en bonne santé,80.0,unité,social,WHO,100,who_health_data.csv
Benin,BEN,2012,Lits hôpital pour 10000 hab,17.05435425,unité,social,WHO,100,who_health_data.csv
Benin,BEN,2012,Mortalité infantile,66.81915649,unité,social,WHO,100,who_health_data.csv
Benin,BEN,2012,Mortalité maternelle,2.008790493,unité,social,WHO,100,who_health_data.csv
Benin,BEN,2012,Médecins pour 10000 hab,64.16421973,unité,social,WHO,100,who_health_data.csv
Benin,BEN,2012,Prévalence tuberculose,617.8774539,unité,social,WHO,100,who_health_data.csv
Benin,BEN,2012,Taux incidence paludisme,1.1,unité,social,WHO,100,who_health_data.csv
Benin,BEN,2013,Espérance vie en bonne santé,77.0,unité,social,WHO,100,who_health_data.csv
Benin,BEN,2013,Lits hôpital pour 10000 hab,17.16774852,unité,social,WHO,100,who_health_data.csv
Benin,BEN,2013,Mortalité infantile,59.657914683,unité,social,WHO,100,who_health_data.csv
Benin,BEN,2013,Mortalité maternelle,4.1175313,unité,social,WHO,100,who_health_data.csv
Benin,BEN,2013,Médecins pour 10000 hab,59.77731282,unité,social,WHO,100,who_health_data.csv
Benin,BEN,2013,Prévalence tuberculose,607.1691818,unité,social,WHO,100,who_health_data.csv
Benin,BEN,2013,Taux incidence paludisme,1.1,unité,social,WHO,100,who_health_data.csv
Benin,BEN,2014,Espérance vie en bonne santé,74.0,unité,social,WHO,100,who_health_data.csv
Benin,BEN,2014,Lits hôpital pour 10000 hab,15.912505,unité,social,WHO,100,who_health_data.csv
Benin,BEN,2014,Mortalité infantile,64.06920426,unité,social,WHO,100,who_health_data.csv
Benin,BEN,2014,Mortalité maternelle,102.0113907,unité,social,WHO,100,who_health_data.csv
Benin,BEN,2014,Médecins pour 10000 hab,60.01569183,unité,social,WHO,100,who_health_data.csv
Benin,BEN,2014,Prévalence tuberculose,605.1760492,unité,social,WHO,100,who_health_data.csv
Benin,BEN,2014,Taux incidence paludisme,1.0,unité,social,WHO,100,who_health_data.csv
Benin,BEN,2015,Espérance vie en bonne santé,74.0,unité,social,WHO,100,who_health_data.csv
Benin,BEN,2015,Lits hôpital pour 10000 hab,18.51302019,unité,social,WHO,100,who_health_data.csv
Benin,BEN,2015,Mortalité infantile,51.041237085,unité,social,WHO,100,who_health_data.csv
Benin,BEN,2015,Mortalité maternelle,2.038004637,unité,social,WHO,100,who_health_data.csv
Benin,BEN,2015,Médecins pour 10000 hab,65.04980155,unité,social,WHO,100,who_health_data.csv
Benin,BEN,2015,Prévalence tuberculose,606.4238477,unité,social,WHO,100,who_health_data.csv
Benin,BEN,2015,Taux incidence paludisme,1.0,unité,social,WHO,100,who_health_data.csv
Benin,BEN,2016,Espérance vie en bonne santé,78.0,unité,social,WHO,100,who_health_data.csv
Benin,BEN,2016,Lits hôpital pour 10000 hab,18.62893188,unité,social,WHO,100,who_health_data.csv
Benin,BEN,2016,Mortalité infantile,61.204316798,unité,social,WHO,100,who_health_data.csv
Benin,BEN,2016,Mortalité maternelle,2.0,unité,social,WHO,100,who_health_data.csv
Benin,BEN,2016,Médecins pour 10000 hab,63.0021663,unité,social,WHO,100,who_health_data.csv
Benin,BEN,2016,Prévalence tuberculose,604.1792932,unité,social,WHO,100,who_health_data.csv
Benin,BEN,2016,Taux incidence paludisme,1.0,unité,social,WHO,100,who_health_data.csv
Benin,BEN,2017,Espérance vie en bonne santé,76.0,unité,social,WHO,100,who_health_data.csv
Benin,BEN,2017,Lits hôpital pour 10000 hab,16.16179007,unité,social,WHO,100,who_health_data.csv
Benin,BEN,2017,Mortalité infantile,59.817521686,unité,social,WHO,100,who_health_data.csv
Benin,BEN,2017,Mortalité maternelle,2.671127319,unité,social,WHO,100,who_health_data.csv
Benin,BEN,2017,Médecins pour 10000 hab,60.99888714,unité,social,WHO,100,who_health_data.csv
Benin,BEN,2017,Prévalence tuberculose,591.6453425,unité,social,WHO,100,who_health_data.csv
Benin,BEN,2017,Taux incidence paludisme,0.9,unité,social,WHO,100,who_health_data.csv
Benin,BEN,2018,Espérance vie en bonne santé,74.0,unité,social,WHO,100,who_health_data.csv
Benin,BEN,2018,Lits hôpital pour 10000 hab,17.64817102,unité,social,WHO,100,who_health_data.csv
Benin,BEN,2018,Mortalité infantile,47.485430309,unité,social,WHO,100,who_health_data.csv
Benin,BEN,2018,Médecins pour 10000 hab,63.73859672,unité,social,WHO,100,who_health_data.csv
Benin,BEN,2018,Prévalence tuberculose,585.4842368,unité,social,WHO,100,who_health_data.csv
Benin,BEN,2018,Taux incidence paludisme,0.9,unité,social,WHO,100,who_health_data.csv
Benin,BEN,2019,Espérance vie en bonne santé,72.0,unité,social,WHO,100,who_health_data.csv
Benin,BEN,2019,Lits hôpital pour 10000 hab,18.97936652,unité,social,WHO,100,who_health_data.csv
Benin,BEN,2019,Mortalité infantile,56.932783354,unité,social,WHO,100,who_health_data.csv
Benin,BEN,2019,Mortalité maternelle,1.7920295,unité,social,WHO,100,who_health_data.csv
Benin,BEN,2019,Médecins pour 10000 hab,66.58203128,unité,social,WHO,100,who_health_data.csv
Benin,BEN,2019,Prévalence tuberculose,572.1479506,unité,social,WHO,100,who_health_data.csv
Benin,BEN,2019,Taux incidence paludisme,0.9,unité,social,WHO,100,who_health_data.csv
Benin,BEN,2020,Espérance vie en bonne santé,70.0,unité,social,WHO,100,who_health_data.csv
Benin,BEN,2020,Lits hôpital pour 10000 hab,15.91221409,unité,social,WHO,100,who_health_data.csv
Benin,BEN,2020,Mortalité infantile,45.050147084,unité,social,WHO,100,who_health_data.csv
Benin,BEN,2020,Mortalité maternelle,77.22821808,unité,social,WHO,100,who_health_data.csv
Benin,BEN,2020,Médecins pour 10000 hab,64.40363479,unité,social,WHO,100,who_health_data.csv
Benin,BEN,2020,Prévalence tuberculose,577.7173435,unité,social,WHO,100,who_health_data.csv
Benin,BEN,2020,Taux incidence paludisme,0.8,unité,social,WHO,100,who_health_data.csv
Benin,BEN,2021,Espérance vie en bonne santé,70.0,unité,social,WHO,100,who_health_data.csv
Benin,BEN,2021,Lits hôpital pour 10000 hab,16.17847249,unité,social,WHO,100,who_health_data.csv
Benin,BEN,2021,Mortalité infantile,43.86529608,unité,social,WHO,100,who_health_data.csv
Benin,BEN,2021,Médecins pour 10000 hab,66.37542835,unité,social,WHO,100,who_health_data.csv
Benin,BEN,2021,Prévalence tuberculose,583.5752638,unité,social,WHO,100,who_health_data.csv
Benin,BEN,2021,Taux incidence paludisme,0.8,unité,social,WHO,100,who_health_data.csv
Benin,BEN,2022,Espérance vie en bonne santé,69.0,unité,social,WHO,100,who_health_data.csv
Benin,BEN,2022,Mortalité infantile,42.660225775,unité,social,WHO,100,who_health_data.csv
Benin,BEN,2022,Prévalence tuberculose,547.0724406,unité,social,WHO,100,who_health_data.csv
Benin,BEN,2022,Taux incidence paludisme,0.7,unité,social,WHO,100,who_health_data.csv
Benin,BEN,2023,Espérance vie en bonne santé,69.0,unité,social,WHO,100,who_health_data.csv
Benin,BEN,2023,Mortalité infantile,41.429104263,unité,social,WHO,100,who_health_data.csv
Benin,BEN,2023,Prévalence tuberculose,518.2329466,unité,social,WHO,100,who_health_data.csv
Benin,BEN,2023,Taux incidence paludisme,0.7,unité,social,WHO,100,who_health_data.csv
Benin,BEN,2024,Espérance vie en bonne santé,63.0,unité,social,WHO,100,who_health_data.csv
Benin,BEN,2024,Taux incidence paludisme,0.7,unité,social,WHO,100,who_health_data.csv
