pays,code_pays,annee,indicateur,valeur,unite,categorie,source_donnees,score_qualite,fichier_origine
Benin,BEN,2000,nan,1.2,unité,social,Compilation multi-sources,90,social_indicators_summary.csv
Benin,BEN,2001,nan,1.19,unité,social,Compilation multi-sources,90,social_indicators_summary.csv
Benin,BEN,2002,nan,1.18,unité,social,Compilation multi-sources,90,social_indicators_summary.csv
Benin,BEN,2003,nan,1.17,unité,social,Compilation multi-sources,90,social_indicators_summary.csv
Benin,BEN,2004,nan,1.16,unité,social,Compilation multi-sources,90,social_indicators_summary.csv
Benin,BEN,2005,nan,1.15,unité,social,Compilation multi-sources,90,social_indicators_summary.csv
Benin,BEN,2006,nan,1.14,unité,social,Compilation multi-sources,90,social_indicators_summary.csv
Benin,BEN,2007,nan,1.13,unité,social,Compilation multi-sources,90,social_indicators_summary.csv
Benin,BEN,2008,nan,1.12,unité,social,Compilation multi-sources,90,social_indicators_summary.csv
Benin,BEN,2009,nan,1.11,unité,social,Compilation multi-sources,90,social_indicators_summary.csv
Benin,BEN,2010,nan,1.1,unité,social,Compilation multi-sources,90,social_indicators_summary.csv
Benin,BEN,2011,nan,1.09,unité,social,Compilation multi-sources,90,social_indicators_summary.csv
Benin,BEN,2012,nan,1.08,unité,social,Compilation multi-sources,90,social_indicators_summary.csv
Benin,BEN,2013,nan,1.0699999999999998,unité,social,Compilation multi-sources,90,social_indicators_summary.csv
Benin,BEN,2014,nan,1.06,unité,social,Compilation multi-sources,90,social_indicators_summary.csv
Benin,BEN,2015,nan,1.05,unité,social,Compilation multi-sources,90,social_indicators_summary.csv
Benin,BEN,2016,nan,1.04,unité,social,Compilation multi-sources,90,social_indicators_summary.csv
Benin,BEN,2017,nan,1.03,unité,social,Compilation multi-sources,90,social_indicators_summary.csv
Benin,BEN,2018,nan,1.02,unité,social,Compilation multi-sources,90,social_indicators_summary.csv
Benin,BEN,2019,nan,1.01,unité,social,Compilation multi-sources,90,social_indicators_summary.csv
Benin,BEN,2020,nan,1.0,unité,social,Compilation multi-sources,90,social_indicators_summary.csv
Benin,BEN,2021,nan,0.99,unité,social,Compilation multi-sources,90,social_indicators_summary.csv
Benin,BEN,2022,nan,0.98,unité,social,Compilation multi-sources,90,social_indicators_summary.csv
Benin,BEN,2023,nan,0.97,unité,social,Compilation multi-sources,90,social_indicators_summary.csv
Benin,BEN,2024,nan,0.96,unité,social,Compilation multi-sources,90,social_indicators_summary.csv
