pays,code_pays,annee,indicateur,valeur,unite,categorie,source_donnees,score_qualite,fichier_origine
Benin,BEN,2000,Balance des comptes courants,-80783378.7502863,unité,economic,World Bank,100,worldbank_economic_data.csv
Benin,BEN,2000,Commerce (% PIB),47.3481515012844,%,economic,World Bank,100,worldbank_economic_data.csv
Benin,BEN,2000,Croissance du PIB (%),5.85771420543269,%,economic,World Bank,100,worldbank_economic_data.csv
Benin,BEN,2000,Dette extérieure totale,1504156540.8,unité,economic,World Bank,100,worldbank_economic_data.csv
Benin,BEN,2000,Epargne brute (% PIB),12.6838791666836,%,economic,World Bank,100,worldbank_economic_data.csv
Benin,BEN,2000,Exportations de biens et services,725304886.00806,unité,economic,World Bank,100,worldbank_economic_data.csv
Benin,BEN,2000,Importations de biens et services,941345994.062243,unité,economic,World Bank,100,worldbank_economic_data.csv
Benin,BEN,2000,Inflation (%),4.16540442290283,%,economic,World Bank,100,worldbank_economic_data.csv
Benin,BEN,2000,Investissement (% PIB),16.0084024487125,%,economic,World Bank,100,worldbank_economic_data.csv
Benin,BEN,2000,Investissement direct étranger,-12794843.6146594,unité,economic,World Bank,100,worldbank_economic_data.csv
Benin,BEN,2000,Monnaie au sens large (% PIB),19.1893080035169,%,economic,World Bank,100,worldbank_economic_data.csv
Benin,BEN,2000,PIB (USD courants),3519991440.47913,USD,economic,World Bank,100,worldbank_economic_data.csv
Benin,BEN,2000,PIB par habitant,487.424141384242,USD,economic,World Bank,100,worldbank_economic_data.csv
Benin,BEN,2000,Taux de chômage (%),0.864,%,economic,World Bank,100,worldbank_economic_data.csv
Benin,BEN,2001,Balance des comptes courants,-74992412.5996497,unité,economic,World Bank,100,worldbank_economic_data.csv
Benin,BEN,2001,Commerce (% PIB),48.2571706392197,%,economic,World Bank,100,worldbank_economic_data.csv
Benin,BEN,2001,Croissance du PIB (%),5.33313570603937,%,economic,World Bank,100,worldbank_economic_data.csv
Benin,BEN,2001,Dette extérieure totale,1628922367.1,unité,economic,World Bank,100,worldbank_economic_data.csv
Benin,BEN,2001,Epargne brute (% PIB),13.278921809743,%,economic,World Bank,100,worldbank_economic_data.csv
Benin,BEN,2001,Exportations de biens et services,728426333.669514,unité,economic,World Bank,100,worldbank_economic_data.csv
Benin,BEN,2001,Importations de biens et services,1040788979.38309,unité,economic,World Bank,100,worldbank_economic_data.csv
Benin,BEN,2001,Inflation (%),3.98429547767893,%,economic,World Bank,100,worldbank_economic_data.csv
Benin,BEN,2001,Investissement (% PIB),17.7527202451424,%,economic,World Bank,100,worldbank_economic_data.csv
Benin,BEN,2001,Investissement direct étranger,16739539.3415644,unité,economic,World Bank,100,worldbank_economic_data.csv
Benin,BEN,2001,Monnaie au sens large (% PIB),17.9977975020232,%,economic,World Bank,100,worldbank_economic_data.csv
Benin,BEN,2001,PIB (USD courants),3666222635.13875,USD,economic,World Bank,100,worldbank_economic_data.csv
Benin,BEN,2001,PIB par habitant,492.401499509072,USD,economic,World Bank,100,worldbank_economic_data.csv
Benin,BEN,2001,Taux de chômage (%),0.765,%,economic,World Bank,100,worldbank_economic_data.csv
Benin,BEN,2002,Balance des comptes courants,-156932556.338638,unité,economic,World Bank,100,worldbank_economic_data.csv
Benin,BEN,2002,Commerce (% PIB),43.7684225364311,%,economic,World Bank,100,worldbank_economic_data.csv
Benin,BEN,2002,Croissance du PIB (%),4.64303087074482,%,economic,World Bank,100,worldbank_economic_data.csv
Benin,BEN,2002,Dette extérieure totale,1851279355.1,unité,economic,World Bank,100,worldbank_economic_data.csv
Benin,BEN,2002,Epargne brute (% PIB),13.6132887525639,%,economic,World Bank,100,worldbank_economic_data.csv
Benin,BEN,2002,Exportations de biens et services,827401656.41962,unité,economic,World Bank,100,worldbank_economic_data.csv
Benin,BEN,2002,Importations de biens et services,1008395973.11008,unité,economic,World Bank,100,worldbank_economic_data.csv
Benin,BEN,2002,Inflation (%),2.48916235491541,%,economic,World Bank,100,worldbank_economic_data.csv
Benin,BEN,2002,Investissement (% PIB),14.8337225342659,%,economic,World Bank,100,worldbank_economic_data.csv
Benin,BEN,2002,Investissement direct étranger,-19395622.6954978,unité,economic,World Bank,100,worldbank_economic_data.csv
Benin,BEN,2002,Monnaie au sens large (% PIB),14.6410436093978,%,economic,World Bank,100,worldbank_economic_data.csv
Benin,BEN,2002,PIB (USD courants),4194342686.2178,USD,economic,World Bank,100,worldbank_economic_data.csv
Benin,BEN,2002,PIB par habitant,546.463829658159,USD,economic,World Bank,100,worldbank_economic_data.csv
Benin,BEN,2002,Taux de chômage (%),0.69,%,economic,World Bank,100,worldbank_economic_data.csv
Benin,BEN,2003,Balance des comptes courants,-331950912.88913,unité,economic,World Bank,100,worldbank_economic_data.csv
Benin,BEN,2003,Commerce (% PIB),41.6162305574334,%,economic,World Bank,100,worldbank_economic_data.csv
Benin,BEN,2003,Croissance du PIB (%),3.44357677591658,%,economic,World Bank,100,worldbank_economic_data.csv
Benin,BEN,2003,Dette extérieure totale,1706632655.7,unité,economic,World Bank,100,worldbank_economic_data.csv
Benin,BEN,2003,Epargne brute (% PIB),11.3663910040752,%,economic,World Bank,100,worldbank_economic_data.csv
Benin,BEN,2003,Exportations de biens et services,997331579.809427,unité,economic,World Bank,100,worldbank_economic_data.csv
Benin,BEN,2003,Importations de biens et services,1228828001.90253,unité,economic,World Bank,100,worldbank_economic_data.csv
Benin,BEN,2003,Inflation (%),1.48724246145442,%,economic,World Bank,100,worldbank_economic_data.csv
Benin,BEN,2003,Investissement (% PIB),15.1637900420403,%,economic,World Bank,100,worldbank_economic_data.csv
Benin,BEN,2003,Investissement direct étranger,10638088.2576387,unité,economic,World Bank,100,worldbank_economic_data.csv
Benin,BEN,2003,Monnaie au sens large (% PIB),16.7880036917867,%,economic,World Bank,100,worldbank_economic_data.csv
Benin,BEN,2003,PIB (USD courants),5349258094.48239,USD,economic,World Bank,100,worldbank_economic_data.csv
Benin,BEN,2003,PIB par habitant,676.002878084282,USD,economic,World Bank,100,worldbank_economic_data.csv
Benin,BEN,2003,Pauvreté à 2.15$/jour (%),70.5,%,economic,World Bank,100,worldbank_economic_data.csv
Benin,BEN,2003,Taux de chômage (%),0.747,%,economic,World Bank,100,worldbank_economic_data.csv
Benin,BEN,2004,Balance des comptes courants,-289010635.811166,unité,economic,World Bank,100,worldbank_economic_data.csv
Benin,BEN,2004,Commerce (% PIB),39.9029743365096,%,economic,World Bank,100,worldbank_economic_data.csv
Benin,BEN,2004,Croissance du PIB (%),4.42968455385082,%,economic,World Bank,100,worldbank_economic_data.csv
Benin,BEN,2004,Dette extérieure totale,1994818354.6,unité,economic,World Bank,100,worldbank_economic_data.csv
Benin,BEN,2004,Epargne brute (% PIB),13.2568657816357,%,economic,World Bank,100,worldbank_economic_data.csv
Benin,BEN,2004,Exportations de biens et services,1146038651.35219,unité,economic,World Bank,100,worldbank_economic_data.csv
Benin,BEN,2004,Importations de biens et services,1324063349.9387,unité,economic,World Bank,100,worldbank_economic_data.csv
Benin,BEN,2004,Inflation (%),0.8738908308685,%,economic,World Bank,100,worldbank_economic_data.csv
Benin,BEN,2004,Investissement (% PIB),15.218605125346,%,economic,World Bank,100,worldbank_economic_data.csv
Benin,BEN,2004,Investissement direct étranger,-40774605.0603663,unité,economic,World Bank,100,worldbank_economic_data.csv
Benin,BEN,2004,Monnaie au sens large (% PIB),14.0338387215601,%,economic,World Bank,100,worldbank_economic_data.csv
Benin,BEN,2004,PIB (USD courants),6190270380.49856,USD,economic,World Bank,100,worldbank_economic_data.csv
Benin,BEN,2004,PIB par habitant,758.695803786371,USD,economic,World Bank,100,worldbank_economic_data.csv
Benin,BEN,2004,Taux de chômage (%),0.79,%,economic,World Bank,100,worldbank_economic_data.csv
Benin,BEN,2005,Balance des comptes courants,-226174696.216704,unité,economic,World Bank,100,worldbank_economic_data.csv
Benin,BEN,2005,Commerce (% PIB),39.0959311879142,%,economic,World Bank,100,worldbank_economic_data.csv
Benin,BEN,2005,Croissance du PIB (%),1.71316456361184,%,economic,World Bank,100,worldbank_economic_data.csv
Benin,BEN,2005,Dette extérieure totale,1876387170.5,unité,economic,World Bank,100,worldbank_economic_data.csv
Benin,BEN,2005,Epargne brute (% PIB),12.1909297240227,%,economic,World Bank,100,worldbank_economic_data.csv
Benin,BEN,2005,Exportations de biens et services,1213941696.92857,unité,economic,World Bank,100,worldbank_economic_data.csv
Benin,BEN,2005,Importations de biens et services,1353744164.69901,unité,economic,World Bank,100,worldbank_economic_data.csv
Benin,BEN,2005,Inflation (%),5.36452085832342,%,economic,World Bank,100,worldbank_economic_data.csv
Benin,BEN,2005,Investissement (% PIB),12.0860448919113,%,economic,World Bank,100,worldbank_economic_data.csv
Benin,BEN,2005,Investissement direct étranger,-8788860.12677477,unité,economic,World Bank,100,worldbank_economic_data.csv
Benin,BEN,2005,Monnaie au sens large (% PIB),15.4599715800366,%,economic,World Bank,100,worldbank_economic_data.csv
Benin,BEN,2005,PIB (USD courants),6567654954.38903,USD,economic,World Bank,100,worldbank_economic_data.csv
Benin,BEN,2005,PIB par habitant,779.437777753268,USD,economic,World Bank,100,worldbank_economic_data.csv
Benin,BEN,2005,Taux de chômage (%),0.86,%,economic,World Bank,100,worldbank_economic_data.csv
Benin,BEN,2006,Balance des comptes courants,-217198381.152852,unité,economic,World Bank,100,worldbank_economic_data.csv
Benin,BEN,2006,Commerce (% PIB),39.7746987128551,%,economic,World Bank,100,worldbank_economic_data.csv
Benin,BEN,2006,Croissance du PIB (%),3.94373882815798,%,economic,World Bank,100,worldbank_economic_data.csv
Benin,BEN,2006,Dette extérieure totale,1254967318.4,unité,economic,World Bank,100,worldbank_economic_data.csv
Benin,BEN,2006,Epargne brute (% PIB),12.4648656396847,%,economic,World Bank,100,worldbank_economic_data.csv
Benin,BEN,2006,Exportations de biens et services,1270214595.80969,unité,economic,World Bank,100,worldbank_economic_data.csv
Benin,BEN,2006,Importations de biens et services,1527581986.81391,unité,economic,World Bank,100,worldbank_economic_data.csv
Benin,BEN,2006,Inflation (%),3.78217696540375,%,economic,World Bank,100,worldbank_economic_data.csv
Benin,BEN,2006,Investissement (% PIB),12.8734651191902,%,economic,World Bank,100,worldbank_economic_data.csv
Benin,BEN,2006,Investissement direct étranger,-12363482.3642044,unité,economic,World Bank,100,worldbank_economic_data.csv
Benin,BEN,2006,Monnaie au sens large (% PIB),18.5348372060989,%,economic,World Bank,100,worldbank_economic_data.csv
Benin,BEN,2006,PIB (USD courants),7034111314.88812,USD,economic,World Bank,100,worldbank_economic_data.csv
Benin,BEN,2006,PIB par habitant,809.147072506221,USD,economic,World Bank,100,worldbank_economic_data.csv
Benin,BEN,2006,Taux de chômage (%),0.889,%,economic,World Bank,100,worldbank_economic_data.csv
Benin,BEN,2006,Taux de pauvreté (seuil national),37.5,%,economic,World Bank,100,worldbank_economic_data.csv
Benin,BEN,2007,Balance des comptes courants,-534763829.039851,unité,economic,World Bank,100,worldbank_economic_data.csv
Benin,BEN,2007,Commerce (% PIB),49.1137841529705,%,economic,World Bank,100,worldbank_economic_data.csv
Benin,BEN,2007,Croissance du PIB (%),5.98634932177609,%,economic,World Bank,100,worldbank_economic_data.csv
Benin,BEN,2007,Dette extérieure totale,1498259890.4,unité,economic,World Bank,100,worldbank_economic_data.csv
Benin,BEN,2007,Epargne brute (% PIB),14.045190406809,%,economic,World Bank,100,worldbank_economic_data.csv
Benin,BEN,2007,Exportations de biens et services,1800691335.95807,unité,economic,World Bank,100,worldbank_economic_data.csv
Benin,BEN,2007,Importations de biens et services,2211437454.14108,unité,economic,World Bank,100,worldbank_economic_data.csv
Benin,BEN,2007,Inflation (%),1.29806813334152,%,economic,World Bank,100,worldbank_economic_data.csv
Benin,BEN,2007,Investissement (% PIB),16.3768679983693,%,economic,World Bank,100,worldbank_economic_data.csv
Benin,BEN,2007,Investissement direct étranger,139189943.015456,unité,economic,World Bank,100,worldbank_economic_data.csv
Benin,BEN,2007,Monnaie au sens large (% PIB),20.7109819579844,%,economic,World Bank,100,worldbank_economic_data.csv
Benin,BEN,2007,PIB (USD courants),8169048382.83875,USD,economic,World Bank,100,worldbank_economic_data.csv
Benin,BEN,2007,PIB par habitant,912.338247188342,USD,economic,World Bank,100,worldbank_economic_data.csv
Benin,BEN,2007,Taux de chômage (%),0.902,%,economic,World Bank,100,worldbank_economic_data.csv
Benin,BEN,2007,Taux de pauvreté (seuil national),33.0,%,economic,World Bank,100,worldbank_economic_data.csv
Benin,BEN,2008,Balance des comptes courants,-538190532.962479,unité,economic,World Bank,100,worldbank_economic_data.csv
Benin,BEN,2008,Commerce (% PIB),47.7753592695169,%,economic,World Bank,100,worldbank_economic_data.csv
Benin,BEN,2008,Croissance du PIB (%),4.89657708429647,%,economic,World Bank,100,worldbank_economic_data.csv
Benin,BEN,2008,Dette extérieure totale,1702121197.5,unité,economic,World Bank,100,worldbank_economic_data.csv
Benin,BEN,2008,Epargne brute (% PIB),12.6417407502668,%,economic,World Bank,100,worldbank_economic_data.csv
Benin,BEN,2008,Exportations de biens et services,2167074921.86083,unité,economic,World Bank,100,worldbank_economic_data.csv
Benin,BEN,2008,Importations de biens et services,2509050412.39671,unité,economic,World Bank,100,worldbank_economic_data.csv
Benin,BEN,2008,Inflation (%),7.94729876067854,%,economic,World Bank,100,worldbank_economic_data.csv
Benin,BEN,2008,Investissement (% PIB),13.7404206600646,%,economic,World Bank,100,worldbank_economic_data.csv
Benin,BEN,2008,Investissement direct étranger,48210757.8531253,unité,economic,World Bank,100,worldbank_economic_data.csv
Benin,BEN,2008,Monnaie au sens large (% PIB),23.2666022946797,%,economic,World Bank,100,worldbank_economic_data.csv
Benin,BEN,2008,PIB (USD courants),9787734526.23965,USD,economic,World Bank,100,worldbank_economic_data.csv
Benin,BEN,2008,PIB par habitant,1060.60254502099,USD,economic,World Bank,100,worldbank_economic_data.csv
Benin,BEN,2008,Taux de chômage (%),0.894,%,economic,World Bank,100,worldbank_economic_data.csv
Benin,BEN,2009,Balance des comptes courants,-651546427.808673,unité,economic,World Bank,100,worldbank_economic_data.csv
Benin,BEN,2009,Commerce (% PIB),44.7026290629806,%,economic,World Bank,100,worldbank_economic_data.csv
Benin,BEN,2009,Croissance du PIB (%),2.31929213912838,%,economic,World Bank,100,worldbank_economic_data.csv
Benin,BEN,2009,Dette extérieure totale,2015238572.4,unité,economic,World Bank,100,worldbank_economic_data.csv
Benin,BEN,2009,Epargne brute (% PIB),11.454386753593,%,economic,World Bank,100,worldbank_economic_data.csv
Benin,BEN,2009,Exportations de biens et services,1940710262.92026,unité,economic,World Bank,100,worldbank_economic_data.csv
Benin,BEN,2009,Importations de biens et services,2412711824.80475,unité,economic,World Bank,100,worldbank_economic_data.csv
Benin,BEN,2009,Inflation (%),0.896072355749069,%,economic,World Bank,100,worldbank_economic_data.csv
Benin,BEN,2009,Investissement (% PIB),14.8657187295579,%,economic,World Bank,100,worldbank_economic_data.csv
Benin,BEN,2009,Investissement direct étranger,-18807407.3780513,unité,economic,World Bank,100,worldbank_economic_data.csv
Benin,BEN,2009,Monnaie au sens large (% PIB),23.9524195587132,%,economic,World Bank,100,worldbank_economic_data.csv
Benin,BEN,2009,PIB (USD courants),9738626517.00319,USD,economic,World Bank,100,worldbank_economic_data.csv
Benin,BEN,2009,PIB par habitant,1024.10277858112,USD,economic,World Bank,100,worldbank_economic_data.csv
Benin,BEN,2009,Taux de chômage (%),0.949,%,economic,World Bank,100,worldbank_economic_data.csv
Benin,BEN,2010,Balance des comptes courants,-530854983.685428,unité,economic,World Bank,100,worldbank_economic_data.csv
Benin,BEN,2010,Commerce (% PIB),51.4308599492924,%,economic,World Bank,100,worldbank_economic_data.csv
Benin,BEN,2010,Croissance du PIB (%),2.11406472648392,%,economic,World Bank,100,worldbank_economic_data.csv
Benin,BEN,2010,Dette extérieure totale,2284118354.5,unité,economic,World Bank,100,worldbank_economic_data.csv
Benin,BEN,2010,Epargne brute (% PIB),11.3872624204363,%,economic,World Bank,100,worldbank_economic_data.csv
Benin,BEN,2010,Exportations de biens et services,2199999385.40112,unité,economic,World Bank,100,worldbank_economic_data.csv
Benin,BEN,2010,Importations de biens et services,2704110555.34836,unité,economic,World Bank,100,worldbank_economic_data.csv
Benin,BEN,2010,Inflation (%),2.20783532536524,%,economic,World Bank,100,worldbank_economic_data.csv
Benin,BEN,2010,Investissement (% PIB),15.608089212583,%,economic,World Bank,100,worldbank_economic_data.csv
Benin,BEN,2010,Investissement direct étranger,53507087.7359353,unité,economic,World Bank,100,worldbank_economic_data.csv
Benin,BEN,2010,Monnaie au sens large (% PIB),25.5234386493141,%,economic,World Bank,100,worldbank_economic_data.csv
Benin,BEN,2010,PIB (USD courants),9535345015.78355,USD,economic,World Bank,100,worldbank_economic_data.csv
Benin,BEN,2010,PIB par habitant,973.244254931526,USD,economic,World Bank,100,worldbank_economic_data.csv
Benin,BEN,2010,Taux de chômage (%),1.04,%,economic,World Bank,100,worldbank_economic_data.csv
Benin,BEN,2010,Taux de pauvreté (seuil national),35.2,%,economic,World Bank,100,worldbank_economic_data.csv
Benin,BEN,2011,Balance des comptes courants,-516838833.48928,unité,economic,World Bank,100,worldbank_economic_data.csv
Benin,BEN,2011,Commerce (% PIB),47.2170288118403,%,economic,World Bank,100,worldbank_economic_data.csv
Benin,BEN,2011,Croissance du PIB (%),2.96375291904201,%,economic,World Bank,100,worldbank_economic_data.csv
Benin,BEN,2011,Dette extérieure totale,2135217779.1,unité,economic,World Bank,100,worldbank_economic_data.csv
Benin,BEN,2011,Epargne brute (% PIB),12.1258515414977,%,economic,World Bank,100,worldbank_economic_data.csv
Benin,BEN,2011,Exportations de biens et services,2229520238.43142,unité,economic,World Bank,100,worldbank_economic_data.csv
Benin,BEN,2011,Importations de biens et services,2819548390.78937,unité,economic,World Bank,100,worldbank_economic_data.csv
Benin,BEN,2011,Inflation (%),2.7042390774728,%,economic,World Bank,100,worldbank_economic_data.csv
Benin,BEN,2011,Investissement (% PIB),16.4625572802737,%,economic,World Bank,100,worldbank_economic_data.csv
Benin,BEN,2011,Investissement direct étranger,161302390.821903,unité,economic,World Bank,100,worldbank_economic_data.csv
Benin,BEN,2011,Monnaie au sens large (% PIB),26.1382333435945,%,economic,World Bank,100,worldbank_economic_data.csv
Benin,BEN,2011,PIB (USD courants),10693321363.6574,USD,economic,World Bank,100,worldbank_economic_data.csv
Benin,BEN,2011,PIB par habitant,1059.41358852588,USD,economic,World Bank,100,worldbank_economic_data.csv
Benin,BEN,2011,Pauvreté à 2.15$/jour (%),68.4,%,economic,World Bank,100,worldbank_economic_data.csv
Benin,BEN,2011,Taux de chômage (%),2.647,%,economic,World Bank,100,worldbank_economic_data.csv
Benin,BEN,2011,Taux de pauvreté (seuil national),36.2,%,economic,World Bank,100,worldbank_economic_data.csv
Benin,BEN,2012,Balance des comptes courants,-576935937.945258,unité,economic,World Bank,100,worldbank_economic_data.csv
Benin,BEN,2012,Commerce (% PIB),50.7367367791134,%,economic,World Bank,100,worldbank_economic_data.csv
Benin,BEN,2012,Croissance du PIB (%),4.811223315688,%,economic,World Bank,100,worldbank_economic_data.csv
Benin,BEN,2012,Dette extérieure totale,2620059365.2,unité,economic,World Bank,100,worldbank_economic_data.csv
Benin,BEN,2012,Epargne brute (% PIB),13.5331677371806,%,economic,World Bank,100,worldbank_economic_data.csv
Benin,BEN,2012,Exportations de biens et services,2662421032.36803,unité,economic,World Bank,100,worldbank_economic_data.csv
Benin,BEN,2012,Importations de biens et services,2990340508.51407,unité,economic,World Bank,100,worldbank_economic_data.csv
Benin,BEN,2012,Inflation (%),6.74468253340712,%,economic,World Bank,100,worldbank_economic_data.csv
Benin,BEN,2012,Investissement (% PIB),15.276312739626,%,economic,World Bank,100,worldbank_economic_data.csv
Benin,BEN,2012,Investissement direct étranger,281548556.296849,unité,economic,World Bank,100,worldbank_economic_data.csv
Benin,BEN,2012,Monnaie au sens large (% PIB),24.8831507282871,%,economic,World Bank,100,worldbank_economic_data.csv
Benin,BEN,2012,PIB (USD courants),11141358115.8991,USD,economic,World Bank,100,worldbank_economic_data.csv
Benin,BEN,2012,PIB par habitant,1071.5258366283,USD,economic,World Bank,100,worldbank_economic_data.csv
Benin,BEN,2012,Taux de chômage (%),2.406,%,economic,World Bank,100,worldbank_economic_data.csv
Benin,BEN,2013,Balance des comptes courants,-673366862.290831,unité,economic,World Bank,100,worldbank_economic_data.csv
Benin,BEN,2013,Commerce (% PIB),59.2001918331875,%,economic,World Bank,100,worldbank_economic_data.csv
Benin,BEN,2013,Croissance du PIB (%),7.19143372144946,%,economic,World Bank,100,worldbank_economic_data.csv
Benin,BEN,2013,Dette extérieure totale,3107685045.4,unité,economic,World Bank,100,worldbank_economic_data.csv
Benin,BEN,2013,Epargne brute (% PIB),16.2831559494633,%,economic,World Bank,100,worldbank_economic_data.csv
Benin,BEN,2013,Exportations de biens et services,3451240666.46384,unité,economic,World Bank,100,worldbank_economic_data.csv
Benin,BEN,2013,Importations de biens et services,3959347660.28492,unité,economic,World Bank,100,worldbank_economic_data.csv
Benin,BEN,2013,Inflation (%),0.428888888888884,%,economic,World Bank,100,worldbank_economic_data.csv
Benin,BEN,2013,Investissement (% PIB),18.86187234768,%,economic,World Bank,100,worldbank_economic_data.csv
Benin,BEN,2013,Investissement direct étranger,360343380.324677,unité,economic,World Bank,100,worldbank_economic_data.csv
Benin,BEN,2013,Monnaie au sens large (% PIB),26.8619707362547,%,economic,World Bank,100,worldbank_economic_data.csv
Benin,BEN,2013,PIB (USD courants),12517845123.9315,USD,economic,World Bank,100,worldbank_economic_data.csv
Benin,BEN,2013,PIB par habitant,1168.92699279226,USD,economic,World Bank,100,worldbank_economic_data.csv
Benin,BEN,2013,Taux de chômage (%),2.099,%,economic,World Bank,100,worldbank_economic_data.csv
Benin,BEN,2014,Balance des comptes courants,-885799913.310537,unité,economic,World Bank,100,worldbank_economic_data.csv
Benin,BEN,2014,Commerce (% PIB),65.2682749404551,%,economic,World Bank,100,worldbank_economic_data.csv
Benin,BEN,2014,Croissance du PIB (%),6.35767909791932,%,economic,World Bank,100,worldbank_economic_data.csv
Benin,BEN,2014,Dette extérieure totale,3847583868.7,unité,economic,World Bank,100,worldbank_economic_data.csv
Benin,BEN,2014,Epargne brute (% PIB),18.6043786820495,%,economic,World Bank,100,worldbank_economic_data.csv
Benin,BEN,2014,Exportations de biens et services,4175438841.58641,unité,economic,World Bank,100,worldbank_economic_data.csv
Benin,BEN,2014,Importations de biens et services,4495143318.07489,unité,economic,World Bank,100,worldbank_economic_data.csv
Benin,BEN,2014,Inflation (%),-0.548757550948181,%,economic,World Bank,100,worldbank_economic_data.csv
Benin,BEN,2014,Investissement (% PIB),19.2575856279899,%,economic,World Bank,100,worldbank_economic_data.csv
Benin,BEN,2014,Investissement direct étranger,405737369.105159,unité,economic,World Bank,100,worldbank_economic_data.csv
Benin,BEN,2014,Monnaie au sens large (% PIB),29.9654302622445,%,economic,World Bank,100,worldbank_economic_data.csv
Benin,BEN,2014,PIB (USD courants),13284527846.9081,USD,economic,World Bank,100,worldbank_economic_data.csv
Benin,BEN,2014,PIB par habitant,1204.39918670094,USD,economic,World Bank,100,worldbank_economic_data.csv
Benin,BEN,2014,Taux de chômage (%),1.872,%,economic,World Bank,100,worldbank_economic_data.csv
Benin,BEN,2015,Balance des comptes courants,-679200532.34774,unité,economic,World Bank,100,worldbank_economic_data.csv
Benin,BEN,2015,Commerce (% PIB),56.7563131849476,%,economic,World Bank,100,worldbank_economic_data.csv
Benin,BEN,2015,Croissance du PIB (%),1.77815106030278,%,economic,World Bank,100,worldbank_economic_data.csv
Benin,BEN,2015,Dette extérieure totale,3555460281.2,unité,economic,World Bank,100,worldbank_economic_data.csv
Benin,BEN,2015,Epargne brute (% PIB),14.0978645779089,%,economic,World Bank,100,worldbank_economic_data.csv
Benin,BEN,2015,Exportations de biens et services,2815204783.04203,unité,economic,World Bank,100,worldbank_economic_data.csv
Benin,BEN,2015,Importations de biens et services,3648295538.29295,unité,economic,World Bank,100,worldbank_economic_data.csv
Benin,BEN,2015,Inflation (%),0.218785923536245,%,economic,World Bank,100,worldbank_economic_data.csv
Benin,BEN,2015,Investissement (% PIB),20.731792085746,%,economic,World Bank,100,worldbank_economic_data.csv
Benin,BEN,2015,Investissement direct étranger,149755663.330268,unité,economic,World Bank,100,worldbank_economic_data.csv
Benin,BEN,2015,Monnaie au sens large (% PIB),30.9847606493043,%,economic,World Bank,100,worldbank_economic_data.csv
Benin,BEN,2015,PIB (USD courants),11388160996.7738,USD,economic,World Bank,100,worldbank_economic_data.csv
Benin,BEN,2015,PIB par habitant,1002.41886879614,USD,economic,World Bank,100,worldbank_economic_data.csv
Benin,BEN,2015,Pauvreté à 2.15$/jour (%),65.8,%,economic,World Bank,100,worldbank_economic_data.csv
Benin,BEN,2015,Taux de chômage (%),1.82,%,economic,World Bank,100,worldbank_economic_data.csv
Benin,BEN,2015,Taux de pauvreté (seuil national),40.1,%,economic,World Bank,100,worldbank_economic_data.csv
Benin,BEN,2016,Balance des comptes courants,-354241236.026224,unité,economic,World Bank,100,worldbank_economic_data.csv
Benin,BEN,2016,Commerce (% PIB),58.9869283378276,%,economic,World Bank,100,worldbank_economic_data.csv
Benin,BEN,2016,Croissance du PIB (%),3.33967342629693,%,economic,World Bank,100,worldbank_economic_data.csv
Benin,BEN,2016,Dette extérieure totale,4222872533.2,unité,economic,World Bank,100,worldbank_economic_data.csv
Benin,BEN,2016,Epargne brute (% PIB),17.9518374127159,%,economic,World Bank,100,worldbank_economic_data.csv
Benin,BEN,2016,Exportations de biens et services,3263416597.90044,unité,economic,World Bank,100,worldbank_economic_data.csv
Benin,BEN,2016,Importations de biens et services,3709467045.80246,unité,economic,World Bank,100,worldbank_economic_data.csv
Benin,BEN,2016,Inflation (%),-0.793310145785624,%,economic,World Bank,100,worldbank_economic_data.csv
Benin,BEN,2016,Investissement (% PIB),20.2720396046954,%,economic,World Bank,100,worldbank_economic_data.csv
Benin,BEN,2016,Investissement direct étranger,131790853.84079,unité,economic,World Bank,100,worldbank_economic_data.csv
Benin,BEN,2016,Monnaie au sens large (% PIB),29.8320946092057,%,economic,World Bank,100,worldbank_economic_data.csv
Benin,BEN,2016,PIB (USD courants),11821065853.3838,USD,economic,World Bank,100,worldbank_economic_data.csv
Benin,BEN,2016,PIB par habitant,1010.5338961993,USD,economic,World Bank,100,worldbank_economic_data.csv
Benin,BEN,2016,Taux de chômage (%),1.784,%,economic,World Bank,100,worldbank_economic_data.csv
Benin,BEN,2017,Balance des comptes courants,-531029511.357376,unité,economic,World Bank,100,worldbank_economic_data.csv
Benin,BEN,2017,Commerce (% PIB),61.4765969588474,%,economic,World Bank,100,worldbank_economic_data.csv
Benin,BEN,2017,Croissance du PIB (%),5.67156195150444,%,economic,World Bank,100,worldbank_economic_data.csv
Benin,BEN,2017,Dette extérieure totale,4821092709.4,unité,economic,World Bank,100,worldbank_economic_data.csv
Benin,BEN,2017,Epargne brute (% PIB),18.2530062411206,%,economic,World Bank,100,worldbank_economic_data.csv
Benin,BEN,2017,Exportations de biens et services,3455561017.58914,unité,economic,World Bank,100,worldbank_economic_data.csv
Benin,BEN,2017,Importations de biens et services,4352984748.39051,unité,economic,World Bank,100,worldbank_economic_data.csv
Benin,BEN,2017,Inflation (%),0.0432648555103608,%,economic,World Bank,100,worldbank_economic_data.csv
Benin,BEN,2017,Investissement (% PIB),23.9604222292501,%,economic,World Bank,100,worldbank_economic_data.csv
Benin,BEN,2017,Investissement direct étranger,200902719.348051,unité,economic,World Bank,100,worldbank_economic_data.csv
Benin,BEN,2017,Monnaie au sens large (% PIB),28.6309908502176,%,economic,World Bank,100,worldbank_economic_data.csv
Benin,BEN,2017,PIB (USD courants),12701655836.9467,USD,economic,World Bank,100,worldbank_economic_data.csv
Benin,BEN,2017,PIB par habitant,1054.97408066814,USD,economic,World Bank,100,worldbank_economic_data.csv
Benin,BEN,2017,Taux de chômage (%),1.659,%,economic,World Bank,100,worldbank_economic_data.csv
Benin,BEN,2018,Balance des comptes courants,-648824804.895264,unité,economic,World Bank,100,worldbank_economic_data.csv
Benin,BEN,2018,Commerce (% PIB),61.7951944903448,%,economic,World Bank,100,worldbank_economic_data.csv
Benin,BEN,2018,Croissance du PIB (%),6.69725362180888,%,economic,World Bank,100,worldbank_economic_data.csv
Benin,BEN,2018,Dette extérieure totale,6901298963.8,unité,economic,World Bank,100,worldbank_economic_data.csv
Benin,BEN,2018,Epargne brute (% PIB),20.3473009909443,%,economic,World Bank,100,worldbank_economic_data.csv
Benin,BEN,2018,Exportations de biens et services,3889962074.25631,unité,economic,World Bank,100,worldbank_economic_data.csv
Benin,BEN,2018,Importations de biens et services,4923520743.9202,unité,economic,World Bank,100,worldbank_economic_data.csv
Benin,BEN,2018,Inflation (%),0.919170717886054,%,economic,World Bank,100,worldbank_economic_data.csv
Benin,BEN,2018,Investissement (% PIB),26.3865130249513,%,economic,World Bank,100,worldbank_economic_data.csv
Benin,BEN,2018,Investissement direct étranger,194073683.196865,unité,economic,World Bank,100,worldbank_economic_data.csv
Benin,BEN,2018,Monnaie au sens large (% PIB),27.9343009114216,%,economic,World Bank,100,worldbank_economic_data.csv
Benin,BEN,2018,PIB (USD courants),14262408089.9261,USD,economic,World Bank,100,worldbank_economic_data.csv
Benin,BEN,2018,PIB par habitant,1151.7409703472,USD,economic,World Bank,100,worldbank_economic_data.csv
Benin,BEN,2018,Pauvreté à 2.15$/jour (%),37.2,%,economic,World Bank,100,worldbank_economic_data.csv
Benin,BEN,2018,Taux de chômage (%),1.41,%,economic,World Bank,100,worldbank_economic_data.csv
Benin,BEN,2018,Taux de pauvreté (seuil national),38.5,%,economic,World Bank,100,worldbank_economic_data.csv
Benin,BEN,2019,Balance des comptes courants,-575592817.829541,unité,economic,World Bank,100,worldbank_economic_data.csv
Benin,BEN,2019,Commerce (% PIB),63.68133231423,%,economic,World Bank,100,worldbank_economic_data.csv
Benin,BEN,2019,Croissance du PIB (%),6.86568662848335,%,economic,World Bank,100,worldbank_economic_data.csv
Benin,BEN,2019,Dette extérieure totale,6948620010.2,unité,economic,World Bank,100,worldbank_economic_data.csv
Benin,BEN,2019,Epargne brute (% PIB),22.2244813365381,%,economic,World Bank,100,worldbank_economic_data.csv
Benin,BEN,2019,Exportations de biens et services,4264332526.72108,unité,economic,World Bank,100,worldbank_economic_data.csv
Benin,BEN,2019,Importations de biens et services,4900485060.17756,unité,economic,World Bank,100,worldbank_economic_data.csv
Benin,BEN,2019,Inflation (%),0.732849371241066,%,economic,World Bank,100,worldbank_economic_data.csv
Benin,BEN,2019,Investissement (% PIB),25.6298005790604,%,economic,World Bank,100,worldbank_economic_data.csv
Benin,BEN,2019,Investissement direct étranger,218207871.715643,unité,economic,World Bank,100,worldbank_economic_data.csv
Benin,BEN,2019,Monnaie au sens large (% PIB),27.8216327591835,%,economic,World Bank,100,worldbank_economic_data.csv
Benin,BEN,2019,PIB (USD courants),14391686313.4641,USD,economic,World Bank,100,worldbank_economic_data.csv
Benin,BEN,2019,PIB par habitant,1130.82135339795,USD,economic,World Bank,100,worldbank_economic_data.csv
Benin,BEN,2019,Taux de chômage (%),1.214,%,economic,World Bank,100,worldbank_economic_data.csv
Benin,BEN,2020,Balance des comptes courants,-273966712.893492,unité,economic,World Bank,100,worldbank_economic_data.csv
Benin,BEN,2020,Commerce (% PIB),44.8332333768726,%,economic,World Bank,100,worldbank_economic_data.csv
Benin,BEN,2020,Croissance du PIB (%),3.84879240030133,%,economic,World Bank,100,worldbank_economic_data.csv
Benin,BEN,2020,Dette extérieure totale,8419708040.3,unité,economic,World Bank,100,worldbank_economic_data.csv
Benin,BEN,2020,Epargne brute (% PIB),21.5767230966933,%,economic,World Bank,100,worldbank_economic_data.csv
Benin,BEN,2020,Exportations de biens et services,3117343143.85166,unité,economic,World Bank,100,worldbank_economic_data.csv
Benin,BEN,2020,Importations de biens et services,3915530458.49723,unité,economic,World Bank,100,worldbank_economic_data.csv
Benin,BEN,2020,Inflation (%),3.02272119663759,%,economic,World Bank,100,worldbank_economic_data.csv
Benin,BEN,2020,Investissement (% PIB),25.6338435081567,%,economic,World Bank,100,worldbank_economic_data.csv
Benin,BEN,2020,Investissement direct étranger,174019952.063051,unité,economic,World Bank,100,worldbank_economic_data.csv
Benin,BEN,2020,Monnaie au sens large (% PIB),30.5466451421651,%,economic,World Bank,100,worldbank_economic_data.csv
Benin,BEN,2020,PIB (USD courants),15686741893.5187,USD,economic,World Bank,100,worldbank_economic_data.csv
Benin,BEN,2020,PIB par habitant,1200.19426631122,USD,economic,World Bank,100,worldbank_economic_data.csv
Benin,BEN,2020,Taux de chômage (%),1.502,%,economic,World Bank,100,worldbank_economic_data.csv
Benin,BEN,2021,Balance des comptes courants,-734659106.551428,unité,economic,World Bank,100,worldbank_economic_data.csv
Benin,BEN,2021,Commerce (% PIB),48.0548608324409,%,economic,World Bank,100,worldbank_economic_data.csv
Benin,BEN,2021,Croissance du PIB (%),7.1554516457574,%,economic,World Bank,100,worldbank_economic_data.csv
Benin,BEN,2021,Dette extérieure totale,10080172314.8,unité,economic,World Bank,100,worldbank_economic_data.csv
Benin,BEN,2021,Epargne brute (% PIB),22.8429464050503,%,economic,World Bank,100,worldbank_economic_data.csv
Benin,BEN,2021,Exportations de biens et services,3700039684.26428,unité,economic,World Bank,100,worldbank_economic_data.csv
Benin,BEN,2021,Importations de biens et services,4799723189.88576,unité,economic,World Bank,100,worldbank_economic_data.csv
Benin,BEN,2021,Inflation (%),1.73353962694036,%,economic,World Bank,100,worldbank_economic_data.csv
Benin,BEN,2021,Investissement (% PIB),28.8506183177663,%,economic,World Bank,100,worldbank_economic_data.csv
Benin,BEN,2021,Investissement direct étranger,345985235.68003,unité,economic,World Bank,100,worldbank_economic_data.csv
Benin,BEN,2021,Monnaie au sens large (% PIB),32.7281612646488,%,economic,World Bank,100,worldbank_economic_data.csv
Benin,BEN,2021,PIB (USD courants),17687623534.6665,USD,economic,World Bank,100,worldbank_economic_data.csv
Benin,BEN,2021,PIB par habitant,1318.65158107487,USD,economic,World Bank,100,worldbank_economic_data.csv
Benin,BEN,2021,Pauvreté à 2.15$/jour (%),27.2,%,economic,World Bank,100,worldbank_economic_data.csv
Benin,BEN,2021,Taux de chômage (%),1.779,%,economic,World Bank,100,worldbank_economic_data.csv
Benin,BEN,2022,Balance des comptes courants,-991004622.505377,unité,economic,World Bank,100,worldbank_economic_data.csv
Benin,BEN,2022,Commerce (% PIB),44.3815928877424,%,economic,World Bank,100,worldbank_economic_data.csv
Benin,BEN,2022,Croissance du PIB (%),6.25294705373625,%,economic,World Bank,100,worldbank_economic_data.csv
Benin,BEN,2022,Dette extérieure totale,10736679249.4,unité,economic,World Bank,100,worldbank_economic_data.csv
Benin,BEN,2022,Epargne brute (% PIB),28.5896303837119,%,economic,World Bank,100,worldbank_economic_data.csv
Benin,BEN,2022,Exportations de biens et services,3627155580.31394,unité,economic,World Bank,100,worldbank_economic_data.csv
Benin,BEN,2022,Importations de biens et services,4106516763.0535,unité,economic,World Bank,100,worldbank_economic_data.csv
Benin,BEN,2022,Inflation (%),1.35077863583527,%,economic,World Bank,100,worldbank_economic_data.csv
Benin,BEN,2022,Investissement (% PIB),31.1483716430973,%,economic,World Bank,100,worldbank_economic_data.csv
Benin,BEN,2022,Investissement direct étranger,375988902.223793,unité,economic,World Bank,100,worldbank_economic_data.csv
Benin,BEN,2022,Monnaie au sens large (% PIB),33.4262920130361,%,economic,World Bank,100,worldbank_economic_data.csv
Benin,BEN,2022,PIB (USD courants),17425405083.8797,USD,economic,World Bank,100,worldbank_economic_data.csv
Benin,BEN,2022,PIB par habitant,1266.42710981159,USD,economic,World Bank,100,worldbank_economic_data.csv
Benin,BEN,2022,Taux de chômage (%),1.685,%,economic,World Bank,100,worldbank_economic_data.csv
Benin,BEN,2023,Balance des comptes courants,-1608543370.68412,unité,economic,World Bank,100,worldbank_economic_data.csv
Benin,BEN,2023,Commerce (% PIB),44.6631308180211,%,economic,World Bank,100,worldbank_economic_data.csv
Benin,BEN,2023,Croissance du PIB (%),6.3527773854442,%,economic,World Bank,100,worldbank_economic_data.csv
Benin,BEN,2023,Dette extérieure totale,12482753038.6,unité,economic,World Bank,100,worldbank_economic_data.csv
Benin,BEN,2023,Epargne brute (% PIB),30.1546562543466,%,economic,World Bank,100,worldbank_economic_data.csv
Benin,BEN,2023,Exportations de biens et services,3935350520.19623,unité,economic,World Bank,100,worldbank_economic_data.csv
Benin,BEN,2023,Importations de biens et services,4851357173.4898,unité,economic,World Bank,100,worldbank_economic_data.csv
Benin,BEN,2023,Inflation (%),2.73870078406075,%,economic,World Bank,100,worldbank_economic_data.csv
Benin,BEN,2023,Investissement (% PIB),34.5306621756362,%,economic,World Bank,100,worldbank_economic_data.csv
Benin,BEN,2023,Investissement direct étranger,442960064.385834,unité,economic,World Bank,100,worldbank_economic_data.csv
Benin,BEN,2023,Monnaie au sens large (% PIB),30.2805151829676,%,economic,World Bank,100,worldbank_economic_data.csv
Benin,BEN,2023,PIB (USD courants),19673290995.8491,USD,economic,World Bank,100,worldbank_economic_data.csv
Benin,BEN,2023,PIB par habitant,1394.17784663045,USD,economic,World Bank,100,worldbank_economic_data.csv
Benin,BEN,2023,Taux de chômage (%),1.657,%,economic,World Bank,100,worldbank_economic_data.csv
Benin,BEN,2024,Commerce (% PIB),40.6398022401523,%,economic,World Bank,100,worldbank_economic_data.csv
Benin,BEN,2024,Croissance du PIB (%),7.45311566226201,%,economic,World Bank,100,worldbank_economic_data.csv
Benin,BEN,2024,Exportations de biens et services,4047363787.06463,unité,economic,World Bank,100,worldbank_economic_data.csv
Benin,BEN,2024,Importations de biens et services,4683140136.81135,unité,economic,World Bank,100,worldbank_economic_data.csv
Benin,BEN,2024,Inflation (%),1.16093089640415,%,economic,World Bank,100,worldbank_economic_data.csv
Benin,BEN,2024,Investissement (% PIB),35.0616847972117,%,economic,World Bank,100,worldbank_economic_data.csv
Benin,BEN,2024,Monnaie au sens large (% PIB),28.1253915565527,%,economic,World Bank,100,worldbank_economic_data.csv
Benin,BEN,2024,PIB (USD courants),21482643720.2743,USD,economic,World Bank,100,worldbank_economic_data.csv
Benin,BEN,2024,PIB par habitant,1485.38018980894,USD,economic,World Bank,100,worldbank_economic_data.csv
Benin,BEN,2024,Taux de chômage (%),1.722,%,economic,World Bank,100,worldbank_economic_data.csv
