pays,code_pays,annee,indicateur,valeur,unite,categorie,source_donnees,score_qualite,fichier_origine
Benin,BEN,2000,Balance des comptes courants (% PIB),-2.3,unité,economic,IMF,100,imf_economic_data.csv
Benin,BEN,2000,Croissance PIB réel,5.9,unité,economic,IMF,100,imf_economic_data.csv
Benin,BEN,2000,Dette publique brute (% PIB),39.6,unité,economic,IMF,100,imf_economic_data.csv
Benin,BEN,2000,Inflation prix consommation,4.2,unité,economic,IMF,100,imf_economic_data.csv
Benin,BEN,2000,PIB (PPA),12.637,unité,economic,IMF,100,imf_economic_data.csv
Benin,BEN,2000,PIB nominal,3.522,unité,economic,IMF,100,imf_economic_data.csv
Benin,BEN,2000,Solde budgétaire net (% PIB),-3.7,unité,economic,IMF,100,imf_economic_data.csv
Benin,BEN,2001,Balance des comptes courants (% PIB),-2.0,unité,economic,IMF,100,imf_economic_data.csv
Benin,BEN,2001,Croissance PIB réel,5.3,unité,economic,IMF,100,imf_economic_data.csv
Benin,BEN,2001,Dette publique brute (% PIB),38.0,unité,economic,IMF,100,imf_economic_data.csv
Benin,BEN,2001,Inflation prix consommation,4.0,unité,economic,IMF,100,imf_economic_data.csv
Benin,BEN,2001,PIB (PPA),13.61,unité,economic,IMF,100,imf_economic_data.csv
Benin,BEN,2001,PIB nominal,3.666,unité,economic,IMF,100,imf_economic_data.csv
Benin,BEN,2001,Solde budgétaire net (% PIB),-3.3,unité,economic,IMF,100,imf_economic_data.csv
Benin,BEN,2002,Balance des comptes courants (% PIB),-3.7,unité,economic,IMF,100,imf_economic_data.csv
Benin,BEN,2002,Croissance PIB réel,4.6,unité,economic,IMF,100,imf_economic_data.csv
Benin,BEN,2002,Dette publique brute (% PIB),30.8,unité,economic,IMF,100,imf_economic_data.csv
Benin,BEN,2002,Inflation prix consommation,2.4,unité,economic,IMF,100,imf_economic_data.csv
Benin,BEN,2002,PIB (PPA),14.464,unité,economic,IMF,100,imf_economic_data.csv
Benin,BEN,2002,PIB nominal,4.191,unité,economic,IMF,100,imf_economic_data.csv
Benin,BEN,2002,Solde budgétaire net (% PIB),-3.3,unité,economic,IMF,100,imf_economic_data.csv
Benin,BEN,2003,Balance des comptes courants (% PIB),-6.2,unité,economic,IMF,100,imf_economic_data.csv
Benin,BEN,2003,Croissance PIB réel,3.4,unité,economic,IMF,100,imf_economic_data.csv
Benin,BEN,2003,Dette publique brute (% PIB),23.4,unité,economic,IMF,100,imf_economic_data.csv
Benin,BEN,2003,Inflation prix consommation,1.5,unité,economic,IMF,100,imf_economic_data.csv
Benin,BEN,2003,PIB (PPA),15.257,unité,economic,IMF,100,imf_economic_data.csv
Benin,BEN,2003,PIB nominal,5.348,unité,economic,IMF,100,imf_economic_data.csv
Benin,BEN,2003,Solde budgétaire net (% PIB),-1.1,unité,economic,IMF,100,imf_economic_data.csv
Benin,BEN,2004,Balance des comptes courants (% PIB),-4.7,unité,economic,IMF,100,imf_economic_data.csv
Benin,BEN,2004,Croissance PIB réel,4.4,unité,economic,IMF,100,imf_economic_data.csv
Benin,BEN,2004,Dette publique brute (% PIB),21.5,unité,economic,IMF,100,imf_economic_data.csv
Benin,BEN,2004,Inflation prix consommation,0.9,unité,economic,IMF,100,imf_economic_data.csv
Benin,BEN,2004,PIB (PPA),16.361,unité,economic,IMF,100,imf_economic_data.csv
Benin,BEN,2004,PIB nominal,6.187,unité,economic,IMF,100,imf_economic_data.csv
Benin,BEN,2004,Solde budgétaire net (% PIB),-0.7,unité,economic,IMF,100,imf_economic_data.csv
Benin,BEN,2005,Balance des comptes courants (% PIB),-3.4,unité,economic,IMF,100,imf_economic_data.csv
Benin,BEN,2005,Croissance PIB réel,1.7,unité,economic,IMF,100,imf_economic_data.csv
Benin,BEN,2005,Dette publique brute (% PIB),27.0,unité,economic,IMF,100,imf_economic_data.csv
Benin,BEN,2005,Inflation prix consommation,5.4,unité,economic,IMF,100,imf_economic_data.csv
Benin,BEN,2005,PIB (PPA),17.163,unité,economic,IMF,100,imf_economic_data.csv
Benin,BEN,2005,PIB nominal,6.571,unité,economic,IMF,100,imf_economic_data.csv
Benin,BEN,2005,Solde budgétaire net (% PIB),-1.5,unité,economic,IMF,100,imf_economic_data.csv
Benin,BEN,2006,Balance des comptes courants (% PIB),-3.1,unité,economic,IMF,100,imf_economic_data.csv
Benin,BEN,2006,Croissance PIB réel,3.9,unité,economic,IMF,100,imf_economic_data.csv
Benin,BEN,2006,Dette publique brute (% PIB),8.4,unité,economic,IMF,100,imf_economic_data.csv
Benin,BEN,2006,Inflation prix consommation,3.8,unité,economic,IMF,100,imf_economic_data.csv
Benin,BEN,2006,PIB (PPA),18.39,unité,economic,IMF,100,imf_economic_data.csv
Benin,BEN,2006,PIB nominal,7.034,unité,economic,IMF,100,imf_economic_data.csv
Benin,BEN,2006,Solde budgétaire net (% PIB),-0.1,unité,economic,IMF,100,imf_economic_data.csv
Benin,BEN,2007,Balance des comptes courants (% PIB),-6.5,unité,economic,IMF,100,imf_economic_data.csv
Benin,BEN,2007,Croissance PIB réel,6.0,unité,economic,IMF,100,imf_economic_data.csv
Benin,BEN,2007,Dette publique brute (% PIB),14.3,unité,economic,IMF,100,imf_economic_data.csv
Benin,BEN,2007,Inflation prix consommation,1.3,unité,economic,IMF,100,imf_economic_data.csv
Benin,BEN,2007,PIB (PPA),20.019,unité,economic,IMF,100,imf_economic_data.csv
Benin,BEN,2007,PIB nominal,8.17,unité,economic,IMF,100,imf_economic_data.csv
Benin,BEN,2007,Solde budgétaire net (% PIB),0.2,unité,economic,IMF,100,imf_economic_data.csv
Benin,BEN,2008,Balance des comptes courants (% PIB),-5.5,unité,economic,IMF,100,imf_economic_data.csv
Benin,BEN,2008,Croissance PIB réel,4.9,unité,economic,IMF,100,imf_economic_data.csv
Benin,BEN,2008,Dette publique brute (% PIB),18.3,unité,economic,IMF,100,imf_economic_data.csv
Benin,BEN,2008,Inflation prix consommation,7.4,unité,economic,IMF,100,imf_economic_data.csv
Benin,BEN,2008,PIB (PPA),21.404,unité,economic,IMF,100,imf_economic_data.csv
Benin,BEN,2008,PIB nominal,9.787,unité,economic,IMF,100,imf_economic_data.csv
Benin,BEN,2008,Solde budgétaire net (% PIB),0.0,unité,economic,IMF,100,imf_economic_data.csv
Benin,BEN,2009,Balance des comptes courants (% PIB),-6.7,unité,economic,IMF,100,imf_economic_data.csv
Benin,BEN,2009,Croissance PIB réel,2.3,unité,economic,IMF,100,imf_economic_data.csv
Benin,BEN,2009,Dette publique brute (% PIB),18.7,unité,economic,IMF,100,imf_economic_data.csv
Benin,BEN,2009,Inflation prix consommation,0.9,unité,economic,IMF,100,imf_economic_data.csv
Benin,BEN,2009,PIB (PPA),22.036,unité,economic,IMF,100,imf_economic_data.csv
Benin,BEN,2009,PIB nominal,9.728,unité,economic,IMF,100,imf_economic_data.csv
Benin,BEN,2009,Solde budgétaire net (% PIB),-2.2,unité,economic,IMF,100,imf_economic_data.csv
Benin,BEN,2010,Balance des comptes courants (% PIB),-5.6,unité,economic,IMF,100,imf_economic_data.csv
Benin,BEN,2010,Croissance PIB réel,2.1,unité,economic,IMF,100,imf_economic_data.csv
Benin,BEN,2010,Dette publique brute (% PIB),21.0,unité,economic,IMF,100,imf_economic_data.csv
Benin,BEN,2010,Inflation prix consommation,2.1,unité,economic,IMF,100,imf_economic_data.csv
Benin,BEN,2010,PIB (PPA),22.775,unité,economic,IMF,100,imf_economic_data.csv
Benin,BEN,2010,PIB nominal,9.543,unité,economic,IMF,100,imf_economic_data.csv
Benin,BEN,2010,Solde budgétaire net (% PIB),-0.3,unité,economic,IMF,100,imf_economic_data.csv
Benin,BEN,2011,Balance des comptes courants (% PIB),-4.8,unité,economic,IMF,100,imf_economic_data.csv
Benin,BEN,2011,Croissance PIB réel,3.0,unité,economic,IMF,100,imf_economic_data.csv
Benin,BEN,2011,Dette publique brute (% PIB),21.9,unité,economic,IMF,100,imf_economic_data.csv
Benin,BEN,2011,Inflation prix consommation,2.7,unité,economic,IMF,100,imf_economic_data.csv
Benin,BEN,2011,PIB (PPA),23.934,unité,economic,IMF,100,imf_economic_data.csv
Benin,BEN,2011,PIB nominal,10.691,unité,economic,IMF,100,imf_economic_data.csv
Benin,BEN,2011,Solde budgétaire net (% PIB),-1.0,unité,economic,IMF,100,imf_economic_data.csv
Benin,BEN,2012,Balance des comptes courants (% PIB),-5.2,unité,economic,IMF,100,imf_economic_data.csv
Benin,BEN,2012,Croissance PIB réel,4.8,unité,economic,IMF,100,imf_economic_data.csv
Benin,BEN,2012,Dette publique brute (% PIB),19.5,unité,economic,IMF,100,imf_economic_data.csv
Benin,BEN,2012,Inflation prix consommation,6.7,unité,economic,IMF,100,imf_economic_data.csv
Benin,BEN,2012,PIB (PPA),25.553,unité,economic,IMF,100,imf_economic_data.csv
Benin,BEN,2012,PIB nominal,11.148,unité,economic,IMF,100,imf_economic_data.csv
Benin,BEN,2012,Solde budgétaire net (% PIB),-0.2,unité,economic,IMF,100,imf_economic_data.csv
Benin,BEN,2013,Balance des comptes courants (% PIB),-5.4,unité,economic,IMF,100,imf_economic_data.csv
Benin,BEN,2013,Croissance PIB réel,7.2,unité,economic,IMF,100,imf_economic_data.csv
Benin,BEN,2013,Dette publique brute (% PIB),18.5,unité,economic,IMF,100,imf_economic_data.csv
Benin,BEN,2013,Inflation prix consommation,0.4,unité,economic,IMF,100,imf_economic_data.csv
Benin,BEN,2013,PIB (PPA),27.856,unité,economic,IMF,100,imf_economic_data.csv
Benin,BEN,2013,PIB nominal,12.518,unité,economic,IMF,100,imf_economic_data.csv
Benin,BEN,2013,Solde budgétaire net (% PIB),-1.4,unité,economic,IMF,100,imf_economic_data.csv
Benin,BEN,2014,Balance des comptes courants (% PIB),-6.7,unité,economic,IMF,100,imf_economic_data.csv
Benin,BEN,2014,Croissance PIB réel,6.4,unité,economic,IMF,100,imf_economic_data.csv
Benin,BEN,2014,Dette publique brute (% PIB),22.3,unité,economic,IMF,100,imf_economic_data.csv
Benin,BEN,2014,Inflation prix consommation,-0.6,unité,economic,IMF,100,imf_economic_data.csv
Benin,BEN,2014,PIB (PPA),30.143,unité,economic,IMF,100,imf_economic_data.csv
Benin,BEN,2014,PIB nominal,13.288,unité,economic,IMF,100,imf_economic_data.csv
Benin,BEN,2014,Solde budgétaire net (% PIB),-1.7,unité,economic,IMF,100,imf_economic_data.csv
Benin,BEN,2015,Balance des comptes courants (% PIB),-6.0,unité,economic,IMF,100,imf_economic_data.csv
Benin,BEN,2015,Croissance PIB réel,1.8,unité,economic,IMF,100,imf_economic_data.csv
Benin,BEN,2015,Dette publique brute (% PIB),30.9,unité,economic,IMF,100,imf_economic_data.csv
Benin,BEN,2015,Inflation prix consommation,0.2,unité,economic,IMF,100,imf_economic_data.csv
Benin,BEN,2015,PIB (PPA),30.964,unité,economic,IMF,100,imf_economic_data.csv
Benin,BEN,2015,PIB nominal,11.389,unité,economic,IMF,100,imf_economic_data.csv
Benin,BEN,2015,Solde budgétaire net (% PIB),-5.6,unité,economic,IMF,100,imf_economic_data.csv
Benin,BEN,2016,Balance des comptes courants (% PIB),-3.0,unité,economic,IMF,100,imf_economic_data.csv
Benin,BEN,2016,Croissance PIB réel,3.3,unité,economic,IMF,100,imf_economic_data.csv
Benin,BEN,2016,Dette publique brute (% PIB),35.9,unité,economic,IMF,100,imf_economic_data.csv
Benin,BEN,2016,Inflation prix consommation,-0.8,unité,economic,IMF,100,imf_economic_data.csv
Benin,BEN,2016,PIB (PPA),32.302,unité,economic,IMF,100,imf_economic_data.csv
Benin,BEN,2016,PIB nominal,11.818,unité,economic,IMF,100,imf_economic_data.csv
Benin,BEN,2016,Solde budgétaire net (% PIB),-4.3,unité,economic,IMF,100,imf_economic_data.csv
Benin,BEN,2017,Balance des comptes courants (% PIB),-4.2,unité,economic,IMF,100,imf_economic_data.csv
Benin,BEN,2017,Croissance PIB réel,5.7,unité,economic,IMF,100,imf_economic_data.csv
Benin,BEN,2017,Dette publique brute (% PIB),39.6,unité,economic,IMF,100,imf_economic_data.csv
Benin,BEN,2017,Inflation prix consommation,1.8,unité,economic,IMF,100,imf_economic_data.csv
Benin,BEN,2017,PIB (PPA),34.746,unité,economic,IMF,100,imf_economic_data.csv
Benin,BEN,2017,PIB nominal,12.697,unité,economic,IMF,100,imf_economic_data.csv
Benin,BEN,2017,Solde budgétaire net (% PIB),-4.2,unité,economic,IMF,100,imf_economic_data.csv
Benin,BEN,2018,Balance des comptes courants (% PIB),-4.6,unité,economic,IMF,100,imf_economic_data.csv
Benin,BEN,2018,Croissance PIB réel,6.7,unité,economic,IMF,100,imf_economic_data.csv
Benin,BEN,2018,Dette publique brute (% PIB),41.1,unité,economic,IMF,100,imf_economic_data.csv
Benin,BEN,2018,Inflation prix consommation,0.8,unité,economic,IMF,100,imf_economic_data.csv
Benin,BEN,2018,PIB (PPA),36.691,unité,economic,IMF,100,imf_economic_data.csv
Benin,BEN,2018,PIB nominal,14.257,unité,economic,IMF,100,imf_economic_data.csv
Benin,BEN,2018,Solde budgétaire net (% PIB),-3.0,unité,economic,IMF,100,imf_economic_data.csv
Benin,BEN,2019,Balance des comptes courants (% PIB),-4.0,unité,economic,IMF,100,imf_economic_data.csv
Benin,BEN,2019,Croissance PIB réel,6.9,unité,economic,IMF,100,imf_economic_data.csv
Benin,BEN,2019,Dette publique brute (% PIB),41.2,unité,economic,IMF,100,imf_economic_data.csv
Benin,BEN,2019,Inflation prix consommation,-0.9,unité,economic,IMF,100,imf_economic_data.csv
Benin,BEN,2019,PIB (PPA),40.076,unité,economic,IMF,100,imf_economic_data.csv
Benin,BEN,2019,PIB nominal,14.392,unité,economic,IMF,100,imf_economic_data.csv
Benin,BEN,2019,Solde budgétaire net (% PIB),-0.5,unité,economic,IMF,100,imf_economic_data.csv
Benin,BEN,2020,Balance des comptes courants (% PIB),-1.7,unité,economic,IMF,100,imf_economic_data.csv
Benin,BEN,2020,Croissance PIB réel,3.8,unité,economic,IMF,100,imf_economic_data.csv
Benin,BEN,2020,Dette publique brute (% PIB),46.1,unité,economic,IMF,100,imf_economic_data.csv
Benin,BEN,2020,Inflation prix consommation,3.0,unité,economic,IMF,100,imf_economic_data.csv
Benin,BEN,2020,PIB (PPA),42.407,unité,economic,IMF,100,imf_economic_data.csv
Benin,BEN,2020,PIB nominal,15.674,unité,economic,IMF,100,imf_economic_data.csv
Benin,BEN,2020,Solde budgétaire net (% PIB),-4.7,unité,economic,IMF,100,imf_economic_data.csv
Benin,BEN,2021,Balance des comptes courants (% PIB),-4.2,unité,economic,IMF,100,imf_economic_data.csv
Benin,BEN,2021,Croissance PIB réel,7.2,unité,economic,IMF,100,imf_economic_data.csv
Benin,BEN,2021,Dette publique brute (% PIB),50.3,unité,economic,IMF,100,imf_economic_data.csv
Benin,BEN,2021,Inflation prix consommation,1.7,unité,economic,IMF,100,imf_economic_data.csv
Benin,BEN,2021,PIB (PPA),46.468,unité,economic,IMF,100,imf_economic_data.csv
Benin,BEN,2021,PIB nominal,17.699,unité,economic,IMF,100,imf_economic_data.csv
Benin,BEN,2021,Solde budgétaire net (% PIB),-5.7,unité,economic,IMF,100,imf_economic_data.csv
Benin,BEN,2022,Balance des comptes courants (% PIB),-6.0,unité,economic,IMF,100,imf_economic_data.csv
Benin,BEN,2022,Croissance PIB réel,6.3,unité,economic,IMF,100,imf_economic_data.csv
Benin,BEN,2022,Dette publique brute (% PIB),54.2,unité,economic,IMF,100,imf_economic_data.csv
Benin,BEN,2022,Inflation prix consommation,1.4,unité,economic,IMF,100,imf_economic_data.csv
Benin,BEN,2022,PIB (PPA),52.894,unité,economic,IMF,100,imf_economic_data.csv
Benin,BEN,2022,PIB nominal,17.439,unité,economic,IMF,100,imf_economic_data.csv
Benin,BEN,2022,Solde budgétaire net (% PIB),-5.6,unité,economic,IMF,100,imf_economic_data.csv
Benin,BEN,2023,Balance des comptes courants (% PIB),-8.2,unité,economic,IMF,100,imf_economic_data.csv
Benin,BEN,2023,Croissance PIB réel,6.4,unité,economic,IMF,100,imf_economic_data.csv
Benin,BEN,2023,Dette publique brute (% PIB),54.9,unité,economic,IMF,100,imf_economic_data.csv
Benin,BEN,2023,Inflation prix consommation,2.7,unité,economic,IMF,100,imf_economic_data.csv
Benin,BEN,2023,PIB (PPA),58.278,unité,economic,IMF,100,imf_economic_data.csv
Benin,BEN,2023,PIB nominal,19.679,unité,economic,IMF,100,imf_economic_data.csv
Benin,BEN,2023,Solde budgétaire net (% PIB),-4.1,unité,economic,IMF,100,imf_economic_data.csv
Benin,BEN,2024,Balance des comptes courants (% PIB),-6.4,unité,economic,IMF,100,imf_economic_data.csv
Benin,BEN,2024,Croissance PIB réel,6.5,unité,economic,IMF,100,imf_economic_data.csv
Benin,BEN,2024,Dette publique brute (% PIB),54.0,unité,economic,IMF,100,imf_economic_data.csv
Benin,BEN,2024,Inflation prix consommation,1.2,unité,economic,IMF,100,imf_economic_data.csv
Benin,BEN,2024,PIB (PPA),63.571,unité,economic,IMF,100,imf_economic_data.csv
Benin,BEN,2024,PIB nominal,21.249,unité,economic,IMF,100,imf_economic_data.csv
Benin,BEN,2024,Solde budgétaire net (% PIB),-3.1,unité,economic,IMF,100,imf_economic_data.csv
