pays,code_pays,annee,indicateur,valeur,unite,categorie,source_donnees,score_qualite,fichier_origine
Benin,BEN,2000,nan,0.38,unité,social,UNDP Human Development Reports,100,undp_hdi_data.csv
Benin,BEN,2001,nan,0.388,unité,social,UNDP Human Development Reports,100,undp_hdi_data.csv
Benin,BEN,2002,nan,0.396,unité,social,UNDP Human Development Reports,100,undp_hdi_data.csv
Benin,BEN,2003,nan,0.404,unité,social,UNDP Human Development Reports,100,undp_hdi_data.csv
Benin,BEN,2004,nan,0.412,unité,social,UNDP Human Development Reports,100,undp_hdi_data.csv
Benin,BEN,2005,nan,0.42,unité,social,UNDP Human Development Reports,100,undp_hdi_data.csv
Benin,BEN,2006,nan,0.428,unité,social,UNDP Human Development Reports,100,undp_hdi_data.csv
Benin,BEN,2007,nan,0.436,unité,social,UNDP Human Development Reports,100,undp_hdi_data.csv
Benin,BEN,2008,nan,0.444,unité,social,UNDP Human Development Reports,100,undp_hdi_data.csv
Benin,BEN,2009,nan,0.452,unité,social,UNDP Human Development Reports,100,undp_hdi_data.csv
Benin,BEN,2010,nan,0.46,unité,social,UNDP Human Development Reports,100,undp_hdi_data.csv
Benin,BEN,2011,nan,0.4679999999999999,unité,social,UNDP Human Development Reports,100,undp_hdi_data.csv
Benin,BEN,2012,nan,0.476,unité,social,UNDP Human Development Reports,100,undp_hdi_data.csv
Benin,BEN,2013,nan,0.484,unité,social,UNDP Human Development Reports,100,undp_hdi_data.csv
Benin,BEN,2014,nan,0.492,unité,social,UNDP Human Development Reports,100,undp_hdi_data.csv
Benin,BEN,2015,nan,0.5,unité,social,UNDP Human Development Reports,100,undp_hdi_data.csv
Benin,BEN,2016,nan,0.508,unité,social,UNDP Human Development Reports,100,undp_hdi_data.csv
Benin,BEN,2017,nan,0.516,unité,social,UNDP Human Development Reports,100,undp_hdi_data.csv
Benin,BEN,2018,nan,0.524,unité,social,UNDP Human Development Reports,100,undp_hdi_data.csv
Benin,BEN,2019,nan,0.532,unité,social,UNDP Human Development Reports,100,undp_hdi_data.csv
Benin,BEN,2020,nan,0.54,unité,social,UNDP Human Development Reports,100,undp_hdi_data.csv
Benin,BEN,2021,nan,0.548,unité,social,UNDP Human Development Reports,100,undp_hdi_data.csv
Benin,BEN,2022,nan,0.556,unité,social,UNDP Human Development Reports,100,undp_hdi_data.csv
Benin,BEN,2023,nan,0.5640000000000001,unité,social,UNDP Human Development Reports,100,undp_hdi_data.csv
Benin,BEN,2024,nan,0.5720000000000001,unité,social,UNDP Human Development Reports,100,undp_hdi_data.csv
