pays,code_pays,annee,indicateur,valeur,unite,categorie,source_donnees,score_qualite,fichier_origine
Benin,BEN,2000,Abonnements mobile (pour 100),0.768193,pour 100,social,World Bank,100,worldbank_social_data.csv
Benin,BEN,2000,Accès assainissement de base,8.60566700510411,unité,social,World Bank,100,worldbank_social_data.csv
Benin,BEN,2000,Accès électricité (%),21.5,%,social,World Bank,100,worldbank_social_data.csv
Benin,BEN,2000,Dépenses santé (% PIB),2.9591713,%,social,World Bank,100,worldbank_social_data.csv
Benin,BEN,2000,Dépenses éducation (% PIB),2.11366009712219,%,social,World Bank,100,worldbank_social_data.csv
Benin,BEN,2000,Femmes au parlement (%),6.02409638554217,%,social,World Bank,100,worldbank_social_data.csv
Benin,BEN,2000,Mortalité infantile,136.1,pour 1000,social,World Bank,100,worldbank_social_data.csv
Benin,BEN,2000,Mortalité maternelle (pour 100000),529.0,pour 1000,social,World Bank,100,worldbank_social_data.csv
Benin,BEN,2000,Participation femmes emploi,63.474,unité,social,World Bank,100,worldbank_social_data.csv
Benin,BEN,2000,Population totale,2830348.0,unité,social,World Bank,100,worldbank_social_data.csv
Benin,BEN,2000,Prévalence VIH (% 15-49 ans),1.6,%,social,World Bank,100,worldbank_social_data.csv
Benin,BEN,2000,Ratio filles/garçons primaire,0.685660004615784,%,social,World Bank,100,worldbank_social_data.csv
Benin,BEN,2000,Ratio filles/garçons secondaire,0.457639992237091,%,social,World Bank,100,worldbank_social_data.csv
Benin,BEN,2000,Taux achèvement primaire,36.3207397460938,%,social,World Bank,100,worldbank_social_data.csv
Benin,BEN,2000,Taux fécondité adolescentes,118.14,%,social,World Bank,100,worldbank_social_data.csv
Benin,BEN,2000,Taux scolarisation primaire,80.111213684082,%,social,World Bank,100,worldbank_social_data.csv
Benin,BEN,2000,Taux scolarisation secondaire,20.8747406005859,%,social,World Bank,100,worldbank_social_data.csv
Benin,BEN,2000,Taux scolarisation tertiaire,3.62698006629944,%,social,World Bank,100,worldbank_social_data.csv
Benin,BEN,2000,Utilisateurs internet (%),0.225,%,social,World Bank,100,worldbank_social_data.csv
Benin,BEN,2000,Vaccination DTC (% enfants),78.0,%,social,World Bank,100,worldbank_social_data.csv
Benin,BEN,2000,Vaccination rougeole,70.0,unité,social,World Bank,100,worldbank_social_data.csv
Benin,BEN,2001,Abonnements mobile (pour 100),1.67884,pour 100,social,World Bank,100,worldbank_social_data.csv
Benin,BEN,2001,Accès assainissement de base,9.00424752605042,unité,social,World Bank,100,worldbank_social_data.csv
Benin,BEN,2001,Accès électricité (%),21.9,%,social,World Bank,100,worldbank_social_data.csv
Benin,BEN,2001,Dépenses santé (% PIB),3.30417323,%,social,World Bank,100,worldbank_social_data.csv
Benin,BEN,2001,Dépenses éducation (% PIB),2.36509990692139,%,social,World Bank,100,worldbank_social_data.csv
Benin,BEN,2001,Femmes au parlement (%),6.02409638554217,%,social,World Bank,100,worldbank_social_data.csv
Benin,BEN,2001,Femmes mariées <18 ans,7.2,unité,social,World Bank,100,worldbank_social_data.csv
Benin,BEN,2001,Malnutrition infantile,36.2,unité,social,World Bank,100,worldbank_social_data.csv
Benin,BEN,2001,Mortalité infantile,132.8,pour 1000,social,World Bank,100,worldbank_social_data.csv
Benin,BEN,2001,Mortalité maternelle (pour 100000),532.0,pour 1000,social,World Bank,100,worldbank_social_data.csv
Benin,BEN,2001,Participation femmes emploi,64.381,unité,social,World Bank,100,worldbank_social_data.csv
Benin,BEN,2001,Population totale,2925855.0,unité,social,World Bank,100,worldbank_social_data.csv
Benin,BEN,2001,Prévalence VIH (% 15-49 ans),1.5,%,social,World Bank,100,worldbank_social_data.csv
Benin,BEN,2001,Ratio filles/garçons primaire,0.697329998016357,%,social,World Bank,100,worldbank_social_data.csv
Benin,BEN,2001,Ratio filles/garçons secondaire,0.4723100066185,%,social,World Bank,100,worldbank_social_data.csv
Benin,BEN,2001,Taux achèvement primaire,40.3337211608887,%,social,World Bank,100,worldbank_social_data.csv
Benin,BEN,2001,Taux fécondité adolescentes,119.261,%,social,World Bank,100,worldbank_social_data.csv
Benin,BEN,2001,Taux scolarisation primaire,87.4075012207031,%,social,World Bank,100,worldbank_social_data.csv
Benin,BEN,2001,Taux scolarisation secondaire,22.6525707244873,%,social,World Bank,100,worldbank_social_data.csv
Benin,BEN,2001,Taux scolarisation tertiaire,4.36625003814697,%,social,World Bank,100,worldbank_social_data.csv
Benin,BEN,2001,Utilisateurs internet (%),0.363,%,social,World Bank,100,worldbank_social_data.csv
Benin,BEN,2001,Vaccination DTC (% enfants),76.0,%,social,World Bank,100,worldbank_social_data.csv
Benin,BEN,2001,Vaccination rougeole,68.0,unité,social,World Bank,100,worldbank_social_data.csv
Benin,BEN,2001,Violence basée sur le genre,60.4,unité,social,World Bank,100,worldbank_social_data.csv
Benin,BEN,2002,Abonnements mobile (pour 100),2.85027,pour 100,social,World Bank,100,worldbank_social_data.csv
Benin,BEN,2002,Accès assainissement de base,9.42522879725803,unité,social,World Bank,100,worldbank_social_data.csv
Benin,BEN,2002,Accès électricité (%),23.4,%,social,World Bank,100,worldbank_social_data.csv
Benin,BEN,2002,Dépenses santé (% PIB),3.09589195,%,social,World Bank,100,worldbank_social_data.csv
Benin,BEN,2002,Dépenses éducation (% PIB),2.15949010848999,%,social,World Bank,100,worldbank_social_data.csv
Benin,BEN,2002,Femmes au parlement (%),6.02409638554217,%,social,World Bank,100,worldbank_social_data.csv
Benin,BEN,2002,Mortalité infantile,129.6,pour 1000,social,World Bank,100,worldbank_social_data.csv
Benin,BEN,2002,Mortalité maternelle (pour 100000),534.0,pour 1000,social,World Bank,100,worldbank_social_data.csv
Benin,BEN,2002,Participation femmes emploi,65.319,unité,social,World Bank,100,worldbank_social_data.csv
Benin,BEN,2002,Population totale,3024243.0,unité,social,World Bank,100,worldbank_social_data.csv
Benin,BEN,2002,Prévalence VIH (% 15-49 ans),1.5,%,social,World Bank,100,worldbank_social_data.csv
Benin,BEN,2002,Ratio filles/garçons primaire,0.718450009822845,%,social,World Bank,100,worldbank_social_data.csv
Benin,BEN,2002,Ratio filles/garçons secondaire,0.472689986228943,%,social,World Bank,100,worldbank_social_data.csv
Benin,BEN,2002,Taux achèvement primaire,42.2971992492676,%,social,World Bank,100,worldbank_social_data.csv
Benin,BEN,2002,Taux d'alphabétisation,35.0,%,social,World Bank,100,worldbank_social_data.csv
Benin,BEN,2002,Taux fécondité adolescentes,116.523,%,social,World Bank,100,worldbank_social_data.csv
Benin,BEN,2002,Taux scolarisation primaire,92.6105804443359,%,social,World Bank,100,worldbank_social_data.csv
Benin,BEN,2002,Taux scolarisation secondaire,24.5954608917236,%,social,World Bank,100,worldbank_social_data.csv
Benin,BEN,2002,Taux scolarisation tertiaire,5.1319899559021,%,social,World Bank,100,worldbank_social_data.csv
Benin,BEN,2002,Utilisateurs internet (%),0.703,%,social,World Bank,100,worldbank_social_data.csv
Benin,BEN,2002,Vaccination DTC (% enfants),75.0,%,social,World Bank,100,worldbank_social_data.csv
Benin,BEN,2002,Vaccination rougeole,66.0,unité,social,World Bank,100,worldbank_social_data.csv
Benin,BEN,2003,Abonnements mobile (pour 100),2.98462,pour 100,social,World Bank,100,worldbank_social_data.csv
Benin,BEN,2003,Accès assainissement de base,9.87676965998667,unité,social,World Bank,100,worldbank_social_data.csv
Benin,BEN,2003,Accès électricité (%),24.3,%,social,World Bank,100,worldbank_social_data.csv
Benin,BEN,2003,Coefficient GINI,38.6,unité,social,World Bank,100,worldbank_social_data.csv
Benin,BEN,2003,Dépenses santé (% PIB),3.11678505,%,social,World Bank,100,worldbank_social_data.csv
Benin,BEN,2003,Dépenses éducation (% PIB),2.28315997123718,%,social,World Bank,100,worldbank_social_data.csv
Benin,BEN,2003,Femmes au parlement (%),6.02409638554217,%,social,World Bank,100,worldbank_social_data.csv
Benin,BEN,2003,Mortalité infantile,126.5,pour 1000,social,World Bank,100,worldbank_social_data.csv
Benin,BEN,2003,Mortalité maternelle (pour 100000),532.0,pour 1000,social,World Bank,100,worldbank_social_data.csv
Benin,BEN,2003,Participation femmes emploi,65.78,unité,social,World Bank,100,worldbank_social_data.csv
Benin,BEN,2003,Population totale,3128205.0,unité,social,World Bank,100,worldbank_social_data.csv
Benin,BEN,2003,Prévalence VIH (% 15-49 ans),1.5,%,social,World Bank,100,worldbank_social_data.csv
Benin,BEN,2003,Ratio filles/garçons primaire,0.736899971961975,%,social,World Bank,100,worldbank_social_data.csv
Benin,BEN,2003,Ratio filles/garçons secondaire,0.467150002717972,%,social,World Bank,100,worldbank_social_data.csv
Benin,BEN,2003,Taux achèvement primaire,46.5348091125488,%,social,World Bank,100,worldbank_social_data.csv
Benin,BEN,2003,Taux fécondité adolescentes,116.259,%,social,World Bank,100,worldbank_social_data.csv
Benin,BEN,2003,Taux scolarisation primaire,96.3288879394531,%,social,World Bank,100,worldbank_social_data.csv
Benin,BEN,2003,Taux scolarisation secondaire,25.9423904418945,%,social,World Bank,100,worldbank_social_data.csv
Benin,BEN,2003,Taux scolarisation tertiaire,5.66462993621826,%,social,World Bank,100,worldbank_social_data.csv
Benin,BEN,2003,Utilisateurs internet (%),0.951,%,social,World Bank,100,worldbank_social_data.csv
Benin,BEN,2003,Vaccination DTC (% enfants),73.0,%,social,World Bank,100,worldbank_social_data.csv
Benin,BEN,2003,Vaccination rougeole,65.0,unité,social,World Bank,100,worldbank_social_data.csv
Benin,BEN,2004,Abonnements mobile (pour 100),5.62957,pour 100,social,World Bank,100,worldbank_social_data.csv
Benin,BEN,2004,Accès assainissement de base,10.3400677635835,unité,social,World Bank,100,worldbank_social_data.csv
Benin,BEN,2004,Accès électricité (%),25.2,%,social,World Bank,100,worldbank_social_data.csv
Benin,BEN,2004,Dépenses santé (% PIB),3.23273873,%,social,World Bank,100,worldbank_social_data.csv
Benin,BEN,2004,Dépenses éducation (% PIB),2.56690001487732,%,social,World Bank,100,worldbank_social_data.csv
Benin,BEN,2004,Femmes au parlement (%),7.2289156626506,%,social,World Bank,100,worldbank_social_data.csv
Benin,BEN,2004,Mortalité infantile,123.5,pour 1000,social,World Bank,100,worldbank_social_data.csv
Benin,BEN,2004,Mortalité maternelle (pour 100000),531.0,pour 1000,social,World Bank,100,worldbank_social_data.csv
Benin,BEN,2004,Médecins (pour 1000 hab),0.039,pour 1000,social,World Bank,100,worldbank_social_data.csv
Benin,BEN,2004,Participation femmes emploi,66.244,unité,social,World Bank,100,worldbank_social_data.csv
Benin,BEN,2004,Population totale,3235131.0,unité,social,World Bank,100,worldbank_social_data.csv
Benin,BEN,2004,Prévalence VIH (% 15-49 ans),1.4,%,social,World Bank,100,worldbank_social_data.csv
Benin,BEN,2004,Ratio filles/garçons primaire,0.766409993171692,%,social,World Bank,100,worldbank_social_data.csv
Benin,BEN,2004,Ratio filles/garçons secondaire,0.471179991960526,%,social,World Bank,100,worldbank_social_data.csv
Benin,BEN,2004,Taux achèvement primaire,50.4555587768555,%,social,World Bank,100,worldbank_social_data.csv
Benin,BEN,2004,Taux fécondité adolescentes,115.301,%,social,World Bank,100,worldbank_social_data.csv
Benin,BEN,2004,Taux scolarisation primaire,100.354598999023,%,social,World Bank,100,worldbank_social_data.csv
Benin,BEN,2004,Taux scolarisation secondaire,27.7856101989746,%,social,World Bank,100,worldbank_social_data.csv
Benin,BEN,2004,Taux scolarisation tertiaire,5.71906995773315,%,social,World Bank,100,worldbank_social_data.csv
Benin,BEN,2004,Utilisateurs internet (%),1.18,%,social,World Bank,100,worldbank_social_data.csv
Benin,BEN,2004,Vaccination DTC (% enfants),72.0,%,social,World Bank,100,worldbank_social_data.csv
Benin,BEN,2004,Vaccination rougeole,63.0,unité,social,World Bank,100,worldbank_social_data.csv
Benin,BEN,2005,Abonnements mobile (pour 100),7.07639,pour 100,social,World Bank,100,worldbank_social_data.csv
Benin,BEN,2005,Accès assainissement de base,10.814694218731,unité,social,World Bank,100,worldbank_social_data.csv
Benin,BEN,2005,Accès électricité (%),26.1,%,social,World Bank,100,worldbank_social_data.csv
Benin,BEN,2005,Dépenses santé (% PIB),3.22345805,%,social,World Bank,100,worldbank_social_data.csv
Benin,BEN,2005,Dépenses éducation (% PIB),2.6566801071167,%,social,World Bank,100,worldbank_social_data.csv
Benin,BEN,2005,Femmes au parlement (%),7.2289156626506,%,social,World Bank,100,worldbank_social_data.csv
Benin,BEN,2005,Mortalité infantile,120.6,pour 1000,social,World Bank,100,worldbank_social_data.csv
Benin,BEN,2005,Mortalité maternelle (pour 100000),514.0,pour 1000,social,World Bank,100,worldbank_social_data.csv
Benin,BEN,2005,Participation femmes emploi,66.715,unité,social,World Bank,100,worldbank_social_data.csv
Benin,BEN,2005,Population totale,3353095.0,unité,social,World Bank,100,worldbank_social_data.csv
Benin,BEN,2005,Prévalence VIH (% 15-49 ans),1.4,%,social,World Bank,100,worldbank_social_data.csv
Benin,BEN,2005,Ratio filles/garçons primaire,0.791209995746613,%,social,World Bank,100,worldbank_social_data.csv
Benin,BEN,2005,Taux fécondité adolescentes,110.285,%,social,World Bank,100,worldbank_social_data.csv
Benin,BEN,2005,Taux scolarisation primaire,97.6395721435547,%,social,World Bank,100,worldbank_social_data.csv
Benin,BEN,2005,Taux scolarisation tertiaire,5.65152978897095,%,social,World Bank,100,worldbank_social_data.csv
Benin,BEN,2005,Utilisateurs internet (%),1.27,%,social,World Bank,100,worldbank_social_data.csv
Benin,BEN,2005,Vaccination DTC (% enfants),70.0,%,social,World Bank,100,worldbank_social_data.csv
Benin,BEN,2005,Vaccination rougeole,61.0,unité,social,World Bank,100,worldbank_social_data.csv
Benin,BEN,2006,Abonnements mobile (pour 100),12.1442,pour 100,social,World Bank,100,worldbank_social_data.csv
Benin,BEN,2006,Accès assainissement de base,11.3007400084745,unité,social,World Bank,100,worldbank_social_data.csv
Benin,BEN,2006,Accès électricité (%),27.9,%,social,World Bank,100,worldbank_social_data.csv
Benin,BEN,2006,Dépenses santé (% PIB),3.28773856,%,social,World Bank,100,worldbank_social_data.csv
Benin,BEN,2006,Dépenses éducation (% PIB),2.56340003013611,%,social,World Bank,100,worldbank_social_data.csv
Benin,BEN,2006,Femmes au parlement (%),7.2289156626506,%,social,World Bank,100,worldbank_social_data.csv
Benin,BEN,2006,Femmes mariées <18 ans,6.1,unité,social,World Bank,100,worldbank_social_data.csv
Benin,BEN,2006,Mortalité infantile,117.9,pour 1000,social,World Bank,100,worldbank_social_data.csv
Benin,BEN,2006,Mortalité maternelle (pour 100000),509.0,pour 1000,social,World Bank,100,worldbank_social_data.csv
Benin,BEN,2006,Participation femmes emploi,67.187,unité,social,World Bank,100,worldbank_social_data.csv
Benin,BEN,2006,Population totale,3468401.0,unité,social,World Bank,100,worldbank_social_data.csv
Benin,BEN,2006,Prévalence VIH (% 15-49 ans),1.3,%,social,World Bank,100,worldbank_social_data.csv
Benin,BEN,2006,Ratio filles/garçons primaire,0.819700002670288,%,social,World Bank,100,worldbank_social_data.csv
Benin,BEN,2006,Taux d'alphabétisation,28.7021102905273,%,social,World Bank,100,worldbank_social_data.csv
Benin,BEN,2006,Taux fécondité adolescentes,107.641,%,social,World Bank,100,worldbank_social_data.csv
Benin,BEN,2006,Taux scolarisation primaire,97.9188232421875,%,social,World Bank,100,worldbank_social_data.csv
Benin,BEN,2006,Taux scolarisation tertiaire,6.47643995285034,%,social,World Bank,100,worldbank_social_data.csv
Benin,BEN,2006,Utilisateurs internet (%),1.54,%,social,World Bank,100,worldbank_social_data.csv
Benin,BEN,2006,Vaccination DTC (% enfants),74.0,%,social,World Bank,100,worldbank_social_data.csv
Benin,BEN,2006,Vaccination rougeole,66.0,unité,social,World Bank,100,worldbank_social_data.csv
Benin,BEN,2006,Violence basée sur le genre,46.5,unité,social,World Bank,100,worldbank_social_data.csv
Benin,BEN,2007,Abonnements mobile (pour 100),22.9147,pour 100,social,World Bank,100,worldbank_social_data.csv
Benin,BEN,2007,Accès assainissement de base,11.7983015321379,unité,social,World Bank,100,worldbank_social_data.csv
Benin,BEN,2007,Accès électricité (%),28.0,%,social,World Bank,100,worldbank_social_data.csv
Benin,BEN,2007,Dépenses santé (% PIB),2.93715644,%,social,World Bank,100,worldbank_social_data.csv
Benin,BEN,2007,Dépenses éducation (% PIB),2.36331009864807,%,social,World Bank,100,worldbank_social_data.csv
Benin,BEN,2007,Femmes au parlement (%),10.8433734939759,%,social,World Bank,100,worldbank_social_data.csv
Benin,BEN,2007,Mortalité infantile,115.4,pour 1000,social,World Bank,100,worldbank_social_data.csv
Benin,BEN,2007,Mortalité maternelle (pour 100000),501.0,pour 1000,social,World Bank,100,worldbank_social_data.csv
Benin,BEN,2007,Participation femmes emploi,67.66,unité,social,World Bank,100,worldbank_social_data.csv
Benin,BEN,2007,Population totale,3577425.0,unité,social,World Bank,100,worldbank_social_data.csv
Benin,BEN,2007,Prévalence VIH (% 15-49 ans),1.3,%,social,World Bank,100,worldbank_social_data.csv
Benin,BEN,2007,Taux fécondité adolescentes,106.115,%,social,World Bank,100,worldbank_social_data.csv
Benin,BEN,2007,Taux scolarisation tertiaire,7.7589898109436,%,social,World Bank,100,worldbank_social_data.csv
Benin,BEN,2007,Utilisateurs internet (%),1.79,%,social,World Bank,100,worldbank_social_data.csv
Benin,BEN,2007,Vaccination DTC (% enfants),82.0,%,social,World Bank,100,worldbank_social_data.csv
Benin,BEN,2007,Vaccination rougeole,70.0,unité,social,World Bank,100,worldbank_social_data.csv
Benin,BEN,2008,Abonnements mobile (pour 100),39.2846,pour 100,social,World Bank,100,worldbank_social_data.csv
Benin,BEN,2008,Accès assainissement de base,12.3071178648893,unité,social,World Bank,100,worldbank_social_data.csv
Benin,BEN,2008,Accès électricité (%),29.0,%,social,World Bank,100,worldbank_social_data.csv
Benin,BEN,2008,Dépenses santé (% PIB),2.65178108,%,social,World Bank,100,worldbank_social_data.csv
Benin,BEN,2008,Dépenses éducation (% PIB),2.77728009223938,%,social,World Bank,100,worldbank_social_data.csv
Benin,BEN,2008,Femmes au parlement (%),10.8433734939759,%,social,World Bank,100,worldbank_social_data.csv
Benin,BEN,2008,Malnutrition infantile,37.4,unité,social,World Bank,100,worldbank_social_data.csv
Benin,BEN,2008,Mortalité infantile,113.0,pour 1000,social,World Bank,100,worldbank_social_data.csv
Benin,BEN,2008,Mortalité maternelle (pour 100000),563.0,pour 1000,social,World Bank,100,worldbank_social_data.csv
Benin,BEN,2008,Médecins (pour 1000 hab),0.061,pour 1000,social,World Bank,100,worldbank_social_data.csv
Benin,BEN,2008,Participation femmes emploi,68.136,unité,social,World Bank,100,worldbank_social_data.csv
Benin,BEN,2008,Population totale,3695226.0,unité,social,World Bank,100,worldbank_social_data.csv
Benin,BEN,2008,Prévalence VIH (% 15-49 ans),1.2,%,social,World Bank,100,worldbank_social_data.csv
Benin,BEN,2008,Ratio filles/garçons primaire,0.858399987220764,%,social,World Bank,100,worldbank_social_data.csv
Benin,BEN,2008,Taux achèvement primaire,61.858570098877,%,social,World Bank,100,worldbank_social_data.csv
Benin,BEN,2008,Taux fécondité adolescentes,102.513,%,social,World Bank,100,worldbank_social_data.csv
Benin,BEN,2008,Taux scolarisation primaire,110.888137817383,%,social,World Bank,100,worldbank_social_data.csv
Benin,BEN,2008,Taux scolarisation tertiaire,7.66394996643066,%,social,World Bank,100,worldbank_social_data.csv
Benin,BEN,2008,Utilisateurs internet (%),1.85,%,social,World Bank,100,worldbank_social_data.csv
Benin,BEN,2008,Vaccination DTC (% enfants),75.0,%,social,World Bank,100,worldbank_social_data.csv
Benin,BEN,2008,Vaccination rougeole,66.0,unité,social,World Bank,100,worldbank_social_data.csv
Benin,BEN,2009,Abonnements mobile (pour 100),52.9301,pour 100,social,World Bank,100,worldbank_social_data.csv
Benin,BEN,2009,Accès assainissement de base,12.8267358396861,unité,social,World Bank,100,worldbank_social_data.csv
Benin,BEN,2009,Accès électricité (%),30.0,%,social,World Bank,100,worldbank_social_data.csv
Benin,BEN,2009,Dépenses santé (% PIB),2.88892651,%,social,World Bank,100,worldbank_social_data.csv
Benin,BEN,2009,Dépenses éducation (% PIB),3.08927011489868,%,social,World Bank,100,worldbank_social_data.csv
Benin,BEN,2009,Femmes au parlement (%),10.8433734939759,%,social,World Bank,100,worldbank_social_data.csv
Benin,BEN,2009,Mortalité infantile,110.6,pour 1000,social,World Bank,100,worldbank_social_data.csv
Benin,BEN,2009,Mortalité maternelle (pour 100000),598.0,pour 1000,social,World Bank,100,worldbank_social_data.csv
Benin,BEN,2009,Participation femmes emploi,68.616,unité,social,World Bank,100,worldbank_social_data.csv
Benin,BEN,2009,Population totale,3820397.0,unité,social,World Bank,100,worldbank_social_data.csv
Benin,BEN,2009,Prévalence VIH (% 15-49 ans),1.2,%,social,World Bank,100,worldbank_social_data.csv
Benin,BEN,2009,Ratio filles/garçons primaire,0.876020014286041,%,social,World Bank,100,worldbank_social_data.csv
Benin,BEN,2009,Taux fécondité adolescentes,99.044,%,social,World Bank,100,worldbank_social_data.csv
Benin,BEN,2009,Taux scolarisation primaire,116.08260345459,%,social,World Bank,100,worldbank_social_data.csv
Benin,BEN,2009,Taux scolarisation tertiaire,9.74950981140137,%,social,World Bank,100,worldbank_social_data.csv
Benin,BEN,2009,Utilisateurs internet (%),2.24,%,social,World Bank,100,worldbank_social_data.csv
Benin,BEN,2009,Vaccination DTC (% enfants),79.0,%,social,World Bank,100,worldbank_social_data.csv
Benin,BEN,2009,Vaccination rougeole,71.0,unité,social,World Bank,100,worldbank_social_data.csv
Benin,BEN,2010,Abonnements mobile (pour 100),72.2115,pour 100,social,World Bank,100,worldbank_social_data.csv
Benin,BEN,2010,Accès assainissement de base,13.3574318576564,unité,social,World Bank,100,worldbank_social_data.csv
Benin,BEN,2010,Accès électricité (%),34.2,%,social,World Bank,100,worldbank_social_data.csv
Benin,BEN,2010,Dépenses santé (% PIB),3.00988984,%,social,World Bank,100,worldbank_social_data.csv
Benin,BEN,2010,Dépenses éducation (% PIB),3.67997002601624,%,social,World Bank,100,worldbank_social_data.csv
Benin,BEN,2010,Femmes au parlement (%),10.8433734939759,%,social,World Bank,100,worldbank_social_data.csv
Benin,BEN,2010,Mortalité infantile,108.4,pour 1000,social,World Bank,100,worldbank_social_data.csv
Benin,BEN,2010,Mortalité maternelle (pour 100000),607.0,pour 1000,social,World Bank,100,worldbank_social_data.csv
Benin,BEN,2010,Médecins (pour 1000 hab),0.054,pour 1000,social,World Bank,100,worldbank_social_data.csv
Benin,BEN,2010,Participation femmes emploi,69.1,unité,social,World Bank,100,worldbank_social_data.csv
Benin,BEN,2010,Population totale,3950108.0,unité,social,World Bank,100,worldbank_social_data.csv
Benin,BEN,2010,Prévalence VIH (% 15-49 ans),1.2,%,social,World Bank,100,worldbank_social_data.csv
Benin,BEN,2010,Ratio filles/garçons primaire,0.89164000749588,%,social,World Bank,100,worldbank_social_data.csv
Benin,BEN,2010,Taux achèvement primaire,65.3145980834961,%,social,World Bank,100,worldbank_social_data.csv
Benin,BEN,2010,Taux fécondité adolescentes,98.186,%,social,World Bank,100,worldbank_social_data.csv
Benin,BEN,2010,Taux scolarisation primaire,117.383979797363,%,social,World Bank,100,worldbank_social_data.csv
Benin,BEN,2010,Taux scolarisation tertiaire,13.1351699829102,%,social,World Bank,100,worldbank_social_data.csv
Benin,BEN,2010,Utilisateurs internet (%),3.13,%,social,World Bank,100,worldbank_social_data.csv
Benin,BEN,2010,Vaccination DTC (% enfants),76.0,%,social,World Bank,100,worldbank_social_data.csv
Benin,BEN,2010,Vaccination rougeole,68.0,unité,social,World Bank,100,worldbank_social_data.csv
Benin,BEN,2011,Abonnements mobile (pour 100),76.9318,pour 100,social,World Bank,100,worldbank_social_data.csv
Benin,BEN,2011,Accès assainissement de base,13.8991204082012,unité,social,World Bank,100,worldbank_social_data.csv
Benin,BEN,2011,Accès électricité (%),36.9,%,social,World Bank,100,worldbank_social_data.csv
Benin,BEN,2011,Coefficient GINI,43.4,unité,social,World Bank,100,worldbank_social_data.csv
Benin,BEN,2011,Dépenses santé (% PIB),2.99707985,%,social,World Bank,100,worldbank_social_data.csv
Benin,BEN,2011,Dépenses éducation (% PIB),4.40000009536743,%,social,World Bank,100,worldbank_social_data.csv
Benin,BEN,2011,Femmes au parlement (%),8.43373493975904,%,social,World Bank,100,worldbank_social_data.csv
Benin,BEN,2011,Mortalité infantile,106.2,pour 1000,social,World Bank,100,worldbank_social_data.csv
Benin,BEN,2011,Mortalité maternelle (pour 100000),613.0,pour 1000,social,World Bank,100,worldbank_social_data.csv
Benin,BEN,2011,Médecins (pour 1000 hab),0.056,pour 1000,social,World Bank,100,worldbank_social_data.csv
Benin,BEN,2011,Participation femmes emploi,69.588,unité,social,World Bank,100,worldbank_social_data.csv
Benin,BEN,2011,Population totale,4080183.0,unité,social,World Bank,100,worldbank_social_data.csv
Benin,BEN,2011,Prévalence VIH (% 15-49 ans),1.2,%,social,World Bank,100,worldbank_social_data.csv
Benin,BEN,2011,Ratio filles/garçons primaire,0.894900023937225,%,social,World Bank,100,worldbank_social_data.csv
Benin,BEN,2011,Ratio filles/garçons secondaire,0.623480021953583,%,social,World Bank,100,worldbank_social_data.csv
Benin,BEN,2011,Taux achèvement primaire,70.1288681030273,%,social,World Bank,100,worldbank_social_data.csv
Benin,BEN,2011,Taux fécondité adolescentes,95.564,%,social,World Bank,100,worldbank_social_data.csv
Benin,BEN,2011,Taux scolarisation primaire,119.239990234375,%,social,World Bank,100,worldbank_social_data.csv
Benin,BEN,2011,Taux scolarisation secondaire,47.4146003723145,%,social,World Bank,100,worldbank_social_data.csv
Benin,BEN,2011,Taux scolarisation tertiaire,12.2822198867798,%,social,World Bank,100,worldbank_social_data.csv
Benin,BEN,2011,Utilisateurs internet (%),4.15,%,social,World Bank,100,worldbank_social_data.csv
Benin,BEN,2011,Vaccination DTC (% enfants),75.0,%,social,World Bank,100,worldbank_social_data.csv
Benin,BEN,2011,Vaccination rougeole,70.0,unité,social,World Bank,100,worldbank_social_data.csv
Benin,BEN,2012,Abonnements mobile (pour 100),80.8629,pour 100,social,World Bank,100,worldbank_social_data.csv
Benin,BEN,2012,Accès assainissement de base,14.4517136045026,unité,social,World Bank,100,worldbank_social_data.csv
Benin,BEN,2012,Accès électricité (%),38.4,%,social,World Bank,100,worldbank_social_data.csv
Benin,BEN,2012,Dépenses santé (% PIB),3.07562971,%,social,World Bank,100,worldbank_social_data.csv
Benin,BEN,2012,Dépenses éducation (% PIB),3.56202006340027,%,social,World Bank,100,worldbank_social_data.csv
Benin,BEN,2012,Femmes au parlement (%),8.43373493975904,%,social,World Bank,100,worldbank_social_data.csv
Benin,BEN,2012,Femmes mariées <18 ans,7.9,unité,social,World Bank,100,worldbank_social_data.csv
Benin,BEN,2012,Mortalité infantile,103.9,pour 1000,social,World Bank,100,worldbank_social_data.csv
Benin,BEN,2012,Mortalité maternelle (pour 100000),618.0,pour 1000,social,World Bank,100,worldbank_social_data.csv
Benin,BEN,2012,Participation femmes emploi,70.202,unité,social,World Bank,100,worldbank_social_data.csv
Benin,BEN,2012,Population totale,4235463.0,unité,social,World Bank,100,worldbank_social_data.csv
Benin,BEN,2012,Prévalence VIH (% 15-49 ans),1.2,%,social,World Bank,100,worldbank_social_data.csv
Benin,BEN,2012,Ratio filles/garçons primaire,0.907239973545074,%,social,World Bank,100,worldbank_social_data.csv
Benin,BEN,2012,Taux achèvement primaire,71.6108627319336,%,social,World Bank,100,worldbank_social_data.csv
Benin,BEN,2012,Taux d'alphabétisation,32.9488182067871,%,social,World Bank,100,worldbank_social_data.csv
Benin,BEN,2012,Taux fécondité adolescentes,95.179,%,social,World Bank,100,worldbank_social_data.csv
Benin,BEN,2012,Taux scolarisation primaire,123.163383483887,%,social,World Bank,100,worldbank_social_data.csv
Benin,BEN,2012,Taux scolarisation tertiaire,13.3533802032471,%,social,World Bank,100,worldbank_social_data.csv
Benin,BEN,2012,Utilisateurs internet (%),4.5,%,social,World Bank,100,worldbank_social_data.csv
Benin,BEN,2012,Vaccination DTC (% enfants),80.0,%,social,World Bank,100,worldbank_social_data.csv
Benin,BEN,2012,Vaccination rougeole,74.0,unité,social,World Bank,100,worldbank_social_data.csv
Benin,BEN,2012,Violence basée sur le genre,16.2,unité,social,World Bank,100,worldbank_social_data.csv
Benin,BEN,2013,Abonnements mobile (pour 100),89.9019,pour 100,social,World Bank,100,worldbank_social_data.csv
Benin,BEN,2013,Accès assainissement de base,15.0147440721455,unité,social,World Bank,100,worldbank_social_data.csv
Benin,BEN,2013,Accès électricité (%),34.7,%,social,World Bank,100,worldbank_social_data.csv
Benin,BEN,2013,Dépenses santé (% PIB),2.86880755,%,social,World Bank,100,worldbank_social_data.csv
Benin,BEN,2013,Dépenses éducation (% PIB),3.3275101184845,%,social,World Bank,100,worldbank_social_data.csv
Benin,BEN,2013,Femmes au parlement (%),8.43373493975904,%,social,World Bank,100,worldbank_social_data.csv
Benin,BEN,2013,Mortalité infantile,101.6,pour 1000,social,World Bank,100,worldbank_social_data.csv
Benin,BEN,2013,Mortalité maternelle (pour 100000),607.0,pour 1000,social,World Bank,100,worldbank_social_data.csv
Benin,BEN,2013,Participation femmes emploi,70.81,unité,social,World Bank,100,worldbank_social_data.csv
Benin,BEN,2013,Population totale,4393926.0,unité,social,World Bank,100,worldbank_social_data.csv
Benin,BEN,2013,Prévalence VIH (% 15-49 ans),1.2,%,social,World Bank,100,worldbank_social_data.csv
Benin,BEN,2013,Ratio filles/garçons primaire,0.915210008621216,%,social,World Bank,100,worldbank_social_data.csv
Benin,BEN,2013,Ratio filles/garçons secondaire,0.670080006122589,%,social,World Bank,100,worldbank_social_data.csv
Benin,BEN,2013,Taux achèvement primaire,76.898193359375,%,social,World Bank,100,worldbank_social_data.csv
Benin,BEN,2013,Taux fécondité adolescentes,96.125,%,social,World Bank,100,worldbank_social_data.csv
Benin,BEN,2013,Taux scolarisation primaire,124.061050415039,%,social,World Bank,100,worldbank_social_data.csv
Benin,BEN,2013,Taux scolarisation secondaire,54.0870780944824,%,social,World Bank,100,worldbank_social_data.csv
Benin,BEN,2013,Taux scolarisation tertiaire,15.3102397918701,%,social,World Bank,100,worldbank_social_data.csv
Benin,BEN,2013,Utilisateurs internet (%),4.9,%,social,World Bank,100,worldbank_social_data.csv
Benin,BEN,2013,Vaccination DTC (% enfants),77.0,%,social,World Bank,100,worldbank_social_data.csv
Benin,BEN,2013,Vaccination rougeole,68.0,unité,social,World Bank,100,worldbank_social_data.csv
Benin,BEN,2014,Abonnements mobile (pour 100),78.517,pour 100,social,World Bank,100,worldbank_social_data.csv
Benin,BEN,2014,Accès assainissement de base,15.5894570732653,unité,social,World Bank,100,worldbank_social_data.csv
Benin,BEN,2014,Accès électricité (%),34.1,%,social,World Bank,100,worldbank_social_data.csv
Benin,BEN,2014,Dépenses santé (% PIB),2.69111967,%,social,World Bank,100,worldbank_social_data.csv
Benin,BEN,2014,Dépenses éducation (% PIB),3.161789894104,%,social,World Bank,100,worldbank_social_data.csv
Benin,BEN,2014,Femmes au parlement (%),8.43373493975904,%,social,World Bank,100,worldbank_social_data.csv
Benin,BEN,2014,Femmes mariées <18 ans,12.35804714,unité,social,World Bank,100,worldbank_social_data.csv
Benin,BEN,2014,Malnutrition infantile,34.0,unité,social,World Bank,100,worldbank_social_data.csv
Benin,BEN,2014,Mortalité infantile,99.3,pour 1000,social,World Bank,100,worldbank_social_data.csv
Benin,BEN,2014,Mortalité maternelle (pour 100000),605.0,pour 1000,social,World Bank,100,worldbank_social_data.csv
Benin,BEN,2014,Participation femmes emploi,71.412,unité,social,World Bank,100,worldbank_social_data.csv
Benin,BEN,2014,Population totale,4557889.0,unité,social,World Bank,100,worldbank_social_data.csv
Benin,BEN,2014,Prévalence VIH (% 15-49 ans),1.1,%,social,World Bank,100,worldbank_social_data.csv
Benin,BEN,2014,Ratio filles/garçons primaire,0.92426997423172,%,social,World Bank,100,worldbank_social_data.csv
Benin,BEN,2014,Ratio filles/garçons secondaire,0.689710021018982,%,social,World Bank,100,worldbank_social_data.csv
Benin,BEN,2014,Taux achèvement primaire,77.3113479614258,%,social,World Bank,100,worldbank_social_data.csv
Benin,BEN,2014,Taux fécondité adolescentes,96.383,%,social,World Bank,100,worldbank_social_data.csv
Benin,BEN,2014,Taux scolarisation primaire,124.522239685059,%,social,World Bank,100,worldbank_social_data.csv
Benin,BEN,2014,Taux scolarisation secondaire,54.7326316833496,%,social,World Bank,100,worldbank_social_data.csv
Benin,BEN,2014,Taux scolarisation tertiaire,15.196590423584,%,social,World Bank,100,worldbank_social_data.csv
Benin,BEN,2014,Utilisateurs internet (%),6.0,%,social,World Bank,100,worldbank_social_data.csv
Benin,BEN,2014,Vaccination DTC (% enfants),74.0,%,social,World Bank,100,worldbank_social_data.csv
Benin,BEN,2014,Vaccination rougeole,65.0,unité,social,World Bank,100,worldbank_social_data.csv
Benin,BEN,2015,Abonnements mobile (pour 100),82.0193,pour 100,social,World Bank,100,worldbank_social_data.csv
Benin,BEN,2015,Accès assainissement de base,16.17540036159,unité,social,World Bank,100,worldbank_social_data.csv
Benin,BEN,2015,Accès électricité (%),29.6,%,social,World Bank,100,worldbank_social_data.csv
Benin,BEN,2015,Coefficient GINI,47.6,unité,social,World Bank,100,worldbank_social_data.csv
Benin,BEN,2015,Dépenses santé (% PIB),2.72813416,%,social,World Bank,100,worldbank_social_data.csv
Benin,BEN,2015,Dépenses éducation (% PIB),3.17298007011414,%,social,World Bank,100,worldbank_social_data.csv
Benin,BEN,2015,Femmes au parlement (%),7.2289156626506,%,social,World Bank,100,worldbank_social_data.csv
Benin,BEN,2015,Mortalité infantile,97.1,pour 1000,social,World Bank,100,worldbank_social_data.csv
Benin,BEN,2015,Mortalité maternelle (pour 100000),606.0,pour 1000,social,World Bank,100,worldbank_social_data.csv
Benin,BEN,2015,Participation femmes emploi,72.007,unité,social,World Bank,100,worldbank_social_data.csv
Benin,BEN,2015,Population totale,4727555.0,unité,social,World Bank,100,worldbank_social_data.csv
Benin,BEN,2015,Prévalence VIH (% 15-49 ans),1.1,%,social,World Bank,100,worldbank_social_data.csv
Benin,BEN,2015,Ratio filles/garçons primaire,0.930239975452423,%,social,World Bank,100,worldbank_social_data.csv
Benin,BEN,2015,Ratio filles/garçons secondaire,0.714070022106171,%,social,World Bank,100,worldbank_social_data.csv
Benin,BEN,2015,Taux achèvement primaire,78.0327072143555,%,social,World Bank,100,worldbank_social_data.csv
Benin,BEN,2015,Taux fécondité adolescentes,96.339,%,social,World Bank,100,worldbank_social_data.csv
Benin,BEN,2015,Taux scolarisation primaire,127.121139526367,%,social,World Bank,100,worldbank_social_data.csv
Benin,BEN,2015,Taux scolarisation secondaire,57.3949584960938,%,social,World Bank,100,worldbank_social_data.csv
Benin,BEN,2015,Taux scolarisation tertiaire,12.9073896408081,%,social,World Bank,100,worldbank_social_data.csv
Benin,BEN,2015,Utilisateurs internet (%),11.3,%,social,World Bank,100,worldbank_social_data.csv
Benin,BEN,2015,Vaccination DTC (% enfants),74.0,%,social,World Bank,100,worldbank_social_data.csv
Benin,BEN,2015,Vaccination rougeole,67.0,unité,social,World Bank,100,worldbank_social_data.csv
Benin,BEN,2016,Abonnements mobile (pour 100),76.0182,pour 100,social,World Bank,100,worldbank_social_data.csv
Benin,BEN,2016,Accès assainissement de base,16.7724928532971,unité,social,World Bank,100,worldbank_social_data.csv
Benin,BEN,2016,Accès électricité (%),37.0,%,social,World Bank,100,worldbank_social_data.csv
Benin,BEN,2016,Dépenses santé (% PIB),2.79549599,%,social,World Bank,100,worldbank_social_data.csv
Benin,BEN,2016,Dépenses éducation (% PIB),2.89910006523132,%,social,World Bank,100,worldbank_social_data.csv
Benin,BEN,2016,Femmes au parlement (%),7.2289156626506,%,social,World Bank,100,worldbank_social_data.csv
Benin,BEN,2016,Mortalité infantile,95.0,pour 1000,social,World Bank,100,worldbank_social_data.csv
Benin,BEN,2016,Mortalité maternelle (pour 100000),604.0,pour 1000,social,World Bank,100,worldbank_social_data.csv
Benin,BEN,2016,Médecins (pour 1000 hab),0.046,pour 1000,social,World Bank,100,worldbank_social_data.csv
Benin,BEN,2016,Participation femmes emploi,72.597,unité,social,World Bank,100,worldbank_social_data.csv
Benin,BEN,2016,Population totale,4901776.0,unité,social,World Bank,100,worldbank_social_data.csv
Benin,BEN,2016,Prévalence VIH (% 15-49 ans),1.1,%,social,World Bank,100,worldbank_social_data.csv
Benin,BEN,2016,Ratio filles/garçons primaire,0.936269998550415,%,social,World Bank,100,worldbank_social_data.csv
Benin,BEN,2016,Ratio filles/garçons secondaire,0.75559002161026,%,social,World Bank,100,worldbank_social_data.csv
Benin,BEN,2016,Taux achèvement primaire,77.419189453125,%,social,World Bank,100,worldbank_social_data.csv
Benin,BEN,2016,Taux fécondité adolescentes,95.223,%,social,World Bank,100,worldbank_social_data.csv
Benin,BEN,2016,Taux scolarisation primaire,125.554527282715,%,social,World Bank,100,worldbank_social_data.csv
Benin,BEN,2016,Taux scolarisation secondaire,57.529670715332,%,social,World Bank,100,worldbank_social_data.csv
Benin,BEN,2016,Taux scolarisation tertiaire,12.3617095947266,%,social,World Bank,100,worldbank_social_data.csv
Benin,BEN,2016,Utilisateurs internet (%),14.5,%,social,World Bank,100,worldbank_social_data.csv
Benin,BEN,2016,Vaccination DTC (% enfants),76.0,%,social,World Bank,100,worldbank_social_data.csv
Benin,BEN,2016,Vaccination rougeole,68.0,unité,social,World Bank,100,worldbank_social_data.csv
Benin,BEN,2017,Abonnements mobile (pour 100),72.8671,pour 100,social,World Bank,100,worldbank_social_data.csv
Benin,BEN,2017,Accès assainissement de base,17.3806539321045,unité,social,World Bank,100,worldbank_social_data.csv
Benin,BEN,2017,Accès électricité (%),34.5,%,social,World Bank,100,worldbank_social_data.csv
Benin,BEN,2017,Dépenses santé (% PIB),2.66813827,%,social,World Bank,100,worldbank_social_data.csv
Benin,BEN,2017,Dépenses éducation (% PIB),3.53558993339539,%,social,World Bank,100,worldbank_social_data.csv
Benin,BEN,2017,Femmes au parlement (%),7.2289156626506,%,social,World Bank,100,worldbank_social_data.csv
Benin,BEN,2017,Mortalité infantile,92.7,pour 1000,social,World Bank,100,worldbank_social_data.csv
Benin,BEN,2017,Mortalité maternelle (pour 100000),592.0,pour 1000,social,World Bank,100,worldbank_social_data.csv
Benin,BEN,2017,Participation femmes emploi,73.179,unité,social,World Bank,100,worldbank_social_data.csv
Benin,BEN,2017,Population totale,5081385.0,unité,social,World Bank,100,worldbank_social_data.csv
Benin,BEN,2017,Prévalence VIH (% 15-49 ans),1.0,%,social,World Bank,100,worldbank_social_data.csv
Benin,BEN,2017,Ratio filles/garçons primaire,0.935029983520508,%,social,World Bank,100,worldbank_social_data.csv
Benin,BEN,2017,Taux d'alphabétisation,38.871208190918,%,social,World Bank,100,worldbank_social_data.csv
Benin,BEN,2017,Taux fécondité adolescentes,91.759,%,social,World Bank,100,worldbank_social_data.csv
Benin,BEN,2017,Taux scolarisation primaire,121.606216430664,%,social,World Bank,100,worldbank_social_data.csv
Benin,BEN,2017,Taux scolarisation tertiaire,11.7388401031494,%,social,World Bank,100,worldbank_social_data.csv
Benin,BEN,2017,Utilisateurs internet (%),18.7,%,social,World Bank,100,worldbank_social_data.csv
Benin,BEN,2017,Vaccination DTC (% enfants),75.0,%,social,World Bank,100,worldbank_social_data.csv
Benin,BEN,2017,Vaccination rougeole,65.0,unité,social,World Bank,100,worldbank_social_data.csv
Benin,BEN,2018,Abonnements mobile (pour 100),76.408,pour 100,social,World Bank,100,worldbank_social_data.csv
Benin,BEN,2018,Accès assainissement de base,17.9998030901084,unité,social,World Bank,100,worldbank_social_data.csv
Benin,BEN,2018,Accès électricité (%),39.0,%,social,World Bank,100,worldbank_social_data.csv
Benin,BEN,2018,Coefficient GINI,37.9,unité,social,World Bank,100,worldbank_social_data.csv
Benin,BEN,2018,Dépenses santé (% PIB),2.88632035,%,social,World Bank,100,worldbank_social_data.csv
Benin,BEN,2018,Dépenses éducation (% PIB),2.93161988258362,%,social,World Bank,100,worldbank_social_data.csv
Benin,BEN,2018,Femmes au parlement (%),7.2289156626506,%,social,World Bank,100,worldbank_social_data.csv
Benin,BEN,2018,Femmes mariées <18 ans,12.4,unité,social,World Bank,100,worldbank_social_data.csv
Benin,BEN,2018,Malnutrition infantile,32.2,unité,social,World Bank,100,worldbank_social_data.csv
Benin,BEN,2018,Mortalité infantile,90.5,pour 1000,social,World Bank,100,worldbank_social_data.csv
Benin,BEN,2018,Mortalité maternelle (pour 100000),585.0,pour 1000,social,World Bank,100,worldbank_social_data.csv
Benin,BEN,2018,Médecins (pour 1000 hab),0.076,pour 1000,social,World Bank,100,worldbank_social_data.csv
Benin,BEN,2018,Participation femmes emploi,73.755,unité,social,World Bank,100,worldbank_social_data.csv
Benin,BEN,2018,Population totale,5267149.0,unité,social,World Bank,100,worldbank_social_data.csv
Benin,BEN,2018,Prévalence VIH (% 15-49 ans),1.0,%,social,World Bank,100,worldbank_social_data.csv
Benin,BEN,2018,Ratio filles/garçons primaire,0.937330007553101,%,social,World Bank,100,worldbank_social_data.csv
Benin,BEN,2018,Taux fécondité adolescentes,87.888,%,social,World Bank,100,worldbank_social_data.csv
Benin,BEN,2018,Taux scolarisation primaire,117.116798400879,%,social,World Bank,100,worldbank_social_data.csv
Benin,BEN,2018,Taux scolarisation tertiaire,12.0070600509644,%,social,World Bank,100,worldbank_social_data.csv
Benin,BEN,2018,Utilisateurs internet (%),19.0,%,social,World Bank,100,worldbank_social_data.csv
Benin,BEN,2018,Vaccination DTC (% enfants),73.0,%,social,World Bank,100,worldbank_social_data.csv
Benin,BEN,2018,Vaccination rougeole,61.0,unité,social,World Bank,100,worldbank_social_data.csv
Benin,BEN,2018,Violence basée sur le genre,31.8,unité,social,World Bank,100,worldbank_social_data.csv
Benin,BEN,2019,Abonnements mobile (pour 100),81.3235,pour 100,social,World Bank,100,worldbank_social_data.csv
Benin,BEN,2019,Accès assainissement de base,18.6298545928192,unité,social,World Bank,100,worldbank_social_data.csv
Benin,BEN,2019,Accès électricité (%),40.0,%,social,World Bank,100,worldbank_social_data.csv
Benin,BEN,2019,Dépenses santé (% PIB),2.50914454,%,social,World Bank,100,worldbank_social_data.csv
Benin,BEN,2019,Dépenses éducation (% PIB),2.96520113945007,%,social,World Bank,100,worldbank_social_data.csv
Benin,BEN,2019,Femmes au parlement (%),7.2289156626506,%,social,World Bank,100,worldbank_social_data.csv
Benin,BEN,2019,Mortalité infantile,88.0,pour 1000,social,World Bank,100,worldbank_social_data.csv
Benin,BEN,2019,Mortalité maternelle (pour 100000),572.0,pour 1000,social,World Bank,100,worldbank_social_data.csv
Benin,BEN,2019,Médecins (pour 1000 hab),0.062,pour 1000,social,World Bank,100,worldbank_social_data.csv
Benin,BEN,2019,Participation femmes emploi,74.325,unité,social,World Bank,100,worldbank_social_data.csv
Benin,BEN,2019,Population totale,5459336.0,unité,social,World Bank,100,worldbank_social_data.csv
Benin,BEN,2019,Prévalence VIH (% 15-49 ans),0.9,%,social,World Bank,100,worldbank_social_data.csv
Benin,BEN,2019,Ratio filles/garçons primaire,0.929679989814758,%,social,World Bank,100,worldbank_social_data.csv
Benin,BEN,2019,Taux achèvement primaire,61.7928314208984,%,social,World Bank,100,worldbank_social_data.csv
Benin,BEN,2019,Taux fécondité adolescentes,83.84,%,social,World Bank,100,worldbank_social_data.csv
Benin,BEN,2019,Taux scolarisation primaire,112.029891967773,%,social,World Bank,100,worldbank_social_data.csv
Benin,BEN,2019,Taux scolarisation tertiaire,10.7973299026489,%,social,World Bank,100,worldbank_social_data.csv
Benin,BEN,2019,Utilisateurs internet (%),20.5,%,social,World Bank,100,worldbank_social_data.csv
Benin,BEN,2019,Vaccination DTC (% enfants),72.0,%,social,World Bank,100,worldbank_social_data.csv
Benin,BEN,2019,Vaccination rougeole,58.0,unité,social,World Bank,100,worldbank_social_data.csv
Benin,BEN,2020,Abonnements mobile (pour 100),85.2391,pour 100,social,World Bank,100,worldbank_social_data.csv
Benin,BEN,2020,Accès assainissement de base,19.2707223290055,unité,social,World Bank,100,worldbank_social_data.csv
Benin,BEN,2020,Accès électricité (%),41.0,%,social,World Bank,100,worldbank_social_data.csv
Benin,BEN,2020,Dépenses santé (% PIB),2.7123611,%,social,World Bank,100,worldbank_social_data.csv
Benin,BEN,2020,Dépenses éducation (% PIB),3.09441518783569,%,social,World Bank,100,worldbank_social_data.csv
Benin,BEN,2020,Femmes au parlement (%),7.2289156626506,%,social,World Bank,100,worldbank_social_data.csv
Benin,BEN,2020,Mortalité infantile,85.5,pour 1000,social,World Bank,100,worldbank_social_data.csv
Benin,BEN,2020,Mortalité maternelle (pour 100000),578.0,pour 1000,social,World Bank,100,worldbank_social_data.csv
Benin,BEN,2020,Participation femmes emploi,73.677,unité,social,World Bank,100,worldbank_social_data.csv
Benin,BEN,2020,Population totale,5605830.0,unité,social,World Bank,100,worldbank_social_data.csv
Benin,BEN,2020,Prévalence VIH (% 15-49 ans),0.9,%,social,World Bank,100,worldbank_social_data.csv
Benin,BEN,2020,Ratio filles/garçons primaire,0.925499975681305,%,social,World Bank,100,worldbank_social_data.csv
Benin,BEN,2020,Ratio filles/garçons secondaire,0.809300005435944,%,social,World Bank,100,worldbank_social_data.csv
Benin,BEN,2020,Taux achèvement primaire,60.2596817016602,%,social,World Bank,100,worldbank_social_data.csv
Benin,BEN,2020,Taux fécondité adolescentes,81.062,%,social,World Bank,100,worldbank_social_data.csv
Benin,BEN,2020,Taux scolarisation primaire,109.148918151855,%,social,World Bank,100,worldbank_social_data.csv
Benin,BEN,2020,Taux scolarisation secondaire,45.7407913208008,%,social,World Bank,100,worldbank_social_data.csv
Benin,BEN,2020,Taux scolarisation tertiaire,10.8024797439575,%,social,World Bank,100,worldbank_social_data.csv
Benin,BEN,2020,Utilisateurs internet (%),22.1,%,social,World Bank,100,worldbank_social_data.csv
Benin,BEN,2020,Vaccination DTC (% enfants),70.0,%,social,World Bank,100,worldbank_social_data.csv
Benin,BEN,2020,Vaccination rougeole,54.0,unité,social,World Bank,100,worldbank_social_data.csv
Benin,BEN,2021,Abonnements mobile (pour 100),94.9183,pour 100,social,World Bank,100,worldbank_social_data.csv
Benin,BEN,2021,Accès assainissement de base,19.3816144059671,unité,social,World Bank,100,worldbank_social_data.csv
Benin,BEN,2021,Accès électricité (%),42.0,%,social,World Bank,100,worldbank_social_data.csv
Benin,BEN,2021,Coefficient GINI,34.4,unité,social,World Bank,100,worldbank_social_data.csv
Benin,BEN,2021,Dépenses santé (% PIB),2.58129549,%,social,World Bank,100,worldbank_social_data.csv
Benin,BEN,2021,Dépenses éducation (% PIB),3.20348429679871,%,social,World Bank,100,worldbank_social_data.csv
Benin,BEN,2021,Femmes au parlement (%),8.43373493975904,%,social,World Bank,100,worldbank_social_data.csv
Benin,BEN,2021,Malnutrition infantile,34.1,unité,social,World Bank,100,worldbank_social_data.csv
Benin,BEN,2021,Mortalité infantile,83.1,pour 1000,social,World Bank,100,worldbank_social_data.csv
Benin,BEN,2021,Mortalité maternelle (pour 100000),584.0,pour 1000,social,World Bank,100,worldbank_social_data.csv
Benin,BEN,2021,Médecins (pour 1000 hab),0.212,pour 1000,social,World Bank,100,worldbank_social_data.csv
Benin,BEN,2021,Participation femmes emploi,74.791,unité,social,World Bank,100,worldbank_social_data.csv
Benin,BEN,2021,Population totale,5870968.0,unité,social,World Bank,100,worldbank_social_data.csv
Benin,BEN,2021,Prévalence VIH (% 15-49 ans),0.8,%,social,World Bank,100,worldbank_social_data.csv
Benin,BEN,2021,Ratio filles/garçons primaire,0.925650000572205,%,social,World Bank,100,worldbank_social_data.csv
Benin,BEN,2021,Ratio filles/garçons secondaire,0.831520020961761,%,social,World Bank,100,worldbank_social_data.csv
Benin,BEN,2021,Taux achèvement primaire,70.7910232543945,%,social,World Bank,100,worldbank_social_data.csv
Benin,BEN,2021,Taux d'alphabétisation,43.834171295166,%,social,World Bank,100,worldbank_social_data.csv
Benin,BEN,2021,Taux fécondité adolescentes,79.804,%,social,World Bank,100,worldbank_social_data.csv
Benin,BEN,2021,Taux scolarisation primaire,110.70588684082,%,social,World Bank,100,worldbank_social_data.csv
Benin,BEN,2021,Taux scolarisation secondaire,46.0770416259766,%,social,World Bank,100,worldbank_social_data.csv
Benin,BEN,2021,Taux scolarisation tertiaire,10.2315101623535,%,social,World Bank,100,worldbank_social_data.csv
Benin,BEN,2021,Utilisateurs internet (%),28.2,%,social,World Bank,100,worldbank_social_data.csv
Benin,BEN,2021,Vaccination DTC (% enfants),70.0,%,social,World Bank,100,worldbank_social_data.csv
Benin,BEN,2021,Vaccination rougeole,53.0,unité,social,World Bank,100,worldbank_social_data.csv
Benin,BEN,2022,Abonnements mobile (pour 100),105.745,pour 100,social,World Bank,100,worldbank_social_data.csv
Benin,BEN,2022,Accès assainissement de base,19.4935017104267,unité,social,World Bank,100,worldbank_social_data.csv
Benin,BEN,2022,Accès électricité (%),56.5,%,social,World Bank,100,worldbank_social_data.csv
Benin,BEN,2022,Dépenses santé (% PIB),2.67981386,%,social,World Bank,100,worldbank_social_data.csv
Benin,BEN,2022,Dépenses éducation (% PIB),3.37785911560059,%,social,World Bank,100,worldbank_social_data.csv
Benin,BEN,2022,Femmes au parlement (%),7.40740740740741,%,social,World Bank,100,worldbank_social_data.csv
Benin,BEN,2022,Femmes mariées <18 ans,16.9,unité,social,World Bank,100,worldbank_social_data.csv
Benin,BEN,2022,Mortalité infantile,80.4,pour 1000,social,World Bank,100,worldbank_social_data.csv
Benin,BEN,2022,Mortalité maternelle (pour 100000),547.0,pour 1000,social,World Bank,100,worldbank_social_data.csv
Benin,BEN,2022,Médecins (pour 1000 hab),0.195,pour 1000,social,World Bank,100,worldbank_social_data.csv
Benin,BEN,2022,Participation femmes emploi,74.264,unité,social,World Bank,100,worldbank_social_data.csv
Benin,BEN,2022,Population totale,6035371.0,unité,social,World Bank,100,worldbank_social_data.csv
Benin,BEN,2022,Prévalence VIH (% 15-49 ans),0.8,%,social,World Bank,100,worldbank_social_data.csv
Benin,BEN,2022,Taux achèvement primaire,64.5733337402344,%,social,World Bank,100,worldbank_social_data.csv
Benin,BEN,2022,Taux d'alphabétisation,47.0999984741211,%,social,World Bank,100,worldbank_social_data.csv
Benin,BEN,2022,Taux fécondité adolescentes,78.86,%,social,World Bank,100,worldbank_social_data.csv
Benin,BEN,2022,Taux scolarisation primaire,113.04891204834,%,social,World Bank,100,worldbank_social_data.csv
Benin,BEN,2022,Taux scolarisation secondaire,45.3651695251465,%,social,World Bank,100,worldbank_social_data.csv
Benin,BEN,2022,Taux scolarisation tertiaire,10.647970199585,%,social,World Bank,100,worldbank_social_data.csv
Benin,BEN,2022,Utilisateurs internet (%),30.0,%,social,World Bank,100,worldbank_social_data.csv
Benin,BEN,2022,Vaccination DTC (% enfants),69.0,%,social,World Bank,100,worldbank_social_data.csv
Benin,BEN,2022,Vaccination rougeole,52.0,unité,social,World Bank,100,worldbank_social_data.csv
Benin,BEN,2023,Abonnements mobile (pour 100),116.036,pour 100,social,World Bank,100,worldbank_social_data.csv
Benin,BEN,2023,Accès électricité (%),57.0,%,social,World Bank,100,worldbank_social_data.csv
Benin,BEN,2023,Femmes au parlement (%),26.605504587156,%,social,World Bank,100,worldbank_social_data.csv
Benin,BEN,2023,Mortalité infantile,77.9,pour 1000,social,World Bank,100,worldbank_social_data.csv
Benin,BEN,2023,Mortalité maternelle (pour 100000),518.0,pour 1000,social,World Bank,100,worldbank_social_data.csv
Benin,BEN,2023,Participation femmes emploi,74.183,unité,social,World Bank,100,worldbank_social_data.csv
Benin,BEN,2023,Population totale,6204134.0,unité,social,World Bank,100,worldbank_social_data.csv
Benin,BEN,2023,Taux fécondité adolescentes,77.844,%,social,World Bank,100,worldbank_social_data.csv
Benin,BEN,2023,Utilisateurs internet (%),32.2,%,social,World Bank,100,worldbank_social_data.csv
Benin,BEN,2023,Vaccination DTC (% enfants),69.0,%,social,World Bank,100,worldbank_social_data.csv
Benin,BEN,2023,Vaccination rougeole,52.0,unité,social,World Bank,100,worldbank_social_data.csv
Benin,BEN,2024,Femmes au parlement (%),26.605504587156,%,social,World Bank,100,worldbank_social_data.csv
Benin,BEN,2024,Participation femmes emploi,74.321,unité,social,World Bank,100,worldbank_social_data.csv
Benin,BEN,2024,Population totale,6397139.0,unité,social,World Bank,100,worldbank_social_data.csv
