fichier,nombre_lignes,nombre_indicateurs,annee_debut,annee_fin,score_qualite_moyen,valeurs_manquantes,categorie
worldbank_demographic_data.csv,344,14,2000,2024,100.0,0,demographic
worldbank_economic_data.csv,357,16,2000,2024,100.0,0,economic
imf_economic_data.csv,175,7,2000,2024,100.0,0,economic
social_indicators_summary.csv,25,1,2000,2024,90.0,0,social
who_health_data.csv,161,7,2000,2024,100.0,0,social
undp_hdi_data.csv,25,1,2000,2024,100.0,0,social
worldbank_social_data.csv,502,27,2000,2024,100.0,0,social
