year,taux_alphabetisation_total,taux_alphabetisation_femmes,taux_alphabetisation_hommes,acces_eau_potable,acces_electricite,acces_assainissement,mortalite_infantile_1000,vaccination_complete,prevalence_vih_adultes,malnutrition_infantile,femmes_parlement_pct,country,country_code,source,collection_date
2000,38.4,30.0,47.0,67.0,28.0,15.0,98.0,55.0,1.2,34.0,6.0,Benin,BEN,Compilation multi-sources,2025-10-05
2001,39.6,31.5,48.0,67.9,29.8,16.3,95.5,56.5,1.19,33.3,6.3,Benin,BEN,Compilation multi-sources,2025-10-05
2002,40.8,33.0,49.0,68.8,31.6,17.6,93.0,58.0,1.18,32.6,6.6,Benin,BEN,Compilation multi-sources,2025-10-05
2003,42.0,34.5,50.0,69.7,33.4,18.9,90.5,59.5,1.17,31.9,6.9,Benin,BEN,Compilation multi-sources,2025-10-05
2004,43.199999999999996,36.0,51.0,70.6,35.2,20.2,88.0,61.0,1.16,31.2,7.2,Benin,BEN,Compilation multi-sources,2025-10-05
2005,44.4,37.5,52.0,71.5,37.0,21.5,85.5,62.5,1.15,30.5,7.5,Benin,BEN,Compilation multi-sources,2025-10-05
2006,45.599999999999994,39.0,53.0,72.4,38.8,22.8,83.0,64.0,1.14,29.8,7.8,Benin,BEN,Compilation multi-sources,2025-10-05
2007,46.8,40.5,54.0,73.3,40.6,24.1,80.5,65.5,1.13,29.1,8.1,Benin,BEN,Compilation multi-sources,2025-10-05
2008,48.0,42.0,55.0,74.2,42.4,25.4,78.0,67.0,1.1199999999999999,28.4,8.4,Benin,BEN,Compilation multi-sources,2025-10-05
2009,49.199999999999996,43.5,56.0,75.1,44.2,26.700000000000003,75.5,68.5,1.1099999999999999,27.7,8.7,Benin,BEN,Compilation multi-sources,2025-10-05
2010,50.4,45.0,57.0,76.0,46.0,28.0,73.0,70.0,1.0999999999999999,27.0,9.0,Benin,BEN,Compilation multi-sources,2025-10-05
2011,51.599999999999994,46.5,58.0,76.9,47.8,29.3,70.5,71.5,1.0899999999999999,26.3,9.3,Benin,BEN,Compilation multi-sources,2025-10-05
2012,52.8,48.0,59.0,77.8,49.6,30.6,68.0,73.0,1.08,25.6,9.6,Benin,BEN,Compilation multi-sources,2025-10-05
2013,54.0,49.5,60.0,78.7,51.400000000000006,31.900000000000002,65.5,74.5,1.0699999999999998,24.9,9.9,Benin,BEN,Compilation multi-sources,2025-10-05
2014,55.2,51.0,61.0,79.6,53.2,33.2,63.0,76.0,1.06,24.200000000000003,10.2,Benin,BEN,Compilation multi-sources,2025-10-05
2015,56.4,52.5,62.0,80.5,55.0,34.5,60.5,77.5,1.05,23.5,10.5,Benin,BEN,Compilation multi-sources,2025-10-05
2016,57.599999999999994,54.0,63.0,81.4,56.8,35.8,58.0,79.0,1.04,22.8,10.8,Benin,BEN,Compilation multi-sources,2025-10-05
2017,58.8,55.5,64.0,82.3,58.6,37.1,55.5,80.5,1.03,22.1,11.1,Benin,BEN,Compilation multi-sources,2025-10-05
2018,60.0,57.0,65.0,83.2,60.4,38.400000000000006,53.0,82.0,1.02,21.4,11.399999999999999,Benin,BEN,Compilation multi-sources,2025-10-05
2019,61.2,58.5,66.0,84.1,62.2,39.7,50.5,83.5,1.01,20.700000000000003,11.7,Benin,BEN,Compilation multi-sources,2025-10-05
2020,62.4,60.0,67.0,85.0,64.0,41.0,48.0,85.0,1.0,20.0,12.0,Benin,BEN,Compilation multi-sources,2025-10-05
2021,63.599999999999994,61.5,68.0,85.9,65.80000000000001,42.3,45.5,86.5,0.99,19.3,12.3,Benin,BEN,Compilation multi-sources,2025-10-05
2022,64.8,63.0,69.0,86.8,67.6,43.6,43.0,88.0,0.98,18.6,12.6,Benin,BEN,Compilation multi-sources,2025-10-05
2023,66.0,64.5,70.0,87.7,69.4,44.900000000000006,40.5,89.5,0.97,17.900000000000002,12.899999999999999,Benin,BEN,Compilation multi-sources,2025-10-05
2024,67.19999999999999,66.0,71.0,88.6,71.2,46.2,38.0,91.0,0.96,17.200000000000003,13.2,Benin,BEN,Compilation multi-sources,2025-10-05
