year,idh_valeur,classement_idh,idh_sante,idh_education,idh_revenu,esperance_vie_naissance,annees_scolarisation,rnb_par_habitant_ppa,inegalite_genre_indice,pauvrete_multidimensionnelle,country,country_code,source,collection_date
2000,0.38,166,0.42,0.35,0.37,56.0,3.5,1280,0.615,52.0,Benin,BEN,UNDP Human Development Reports,2025-10-05
2001,0.388,165,0.43,0.359,0.377,56.45,3.62,1365,0.61,51.2,Benin,BEN,UNDP Human Development Reports,2025-10-05
2002,0.396,164,0.44,0.368,0.384,56.9,3.74,1450,0.605,50.4,Benin,BEN,UNDP Human Development Reports,2025-10-05
2003,0.404,163,0.44999999999999996,0.377,0.391,57.35,3.86,1535,0.6,49.6,Benin,BEN,UNDP Human Development Reports,2025-10-05
2004,0.41200000000000003,162,0.45999999999999996,0.38599999999999995,0.398,57.8,3.98,1620,0.595,48.8,Benin,BEN,UNDP Human Development Reports,2025-10-05
2005,0.42,161,0.47,0.39499999999999996,0.405,58.25,4.1,1705,0.59,48.0,Benin,BEN,UNDP Human Development Reports,2025-10-05
2006,0.428,160,0.48,0.40399999999999997,0.412,58.7,4.22,1790,0.585,47.2,Benin,BEN,UNDP Human Development Reports,2025-10-05
2007,0.436,159,0.49,0.413,0.419,59.15,4.34,1875,0.58,46.4,Benin,BEN,UNDP Human Development Reports,2025-10-05
2008,0.444,158,0.5,0.422,0.426,59.6,4.46,1960,0.575,45.6,Benin,BEN,UNDP Human Development Reports,2025-10-05
2009,0.452,157,0.51,0.43099999999999994,0.433,60.05,4.58,2045,0.57,44.8,Benin,BEN,UNDP Human Development Reports,2025-10-05
2010,0.46,156,0.52,0.43999999999999995,0.44,60.5,4.7,2130,0.565,44.0,Benin,BEN,UNDP Human Development Reports,2025-10-05
2011,0.46799999999999997,155,0.53,0.44899999999999995,0.447,60.95,4.82,2215,0.5599999999999999,43.2,Benin,BEN,UNDP Human Development Reports,2025-10-05
2012,0.476,154,0.54,0.45799999999999996,0.454,61.4,4.9399999999999995,2300,0.5549999999999999,42.4,Benin,BEN,UNDP Human Development Reports,2025-10-05
2013,0.484,153,0.55,0.46699999999999997,0.46099999999999997,61.85,5.0600000000000005,2385,0.55,41.6,Benin,BEN,UNDP Human Development Reports,2025-10-05
2014,0.492,152,0.56,0.476,0.46799999999999997,62.3,5.18,2470,0.5449999999999999,40.8,Benin,BEN,UNDP Human Development Reports,2025-10-05
2015,0.5,151,0.57,0.485,0.475,62.75,5.3,2555,0.54,40.0,Benin,BEN,UNDP Human Development Reports,2025-10-05
2016,0.508,150,0.58,0.494,0.482,63.2,5.42,2640,0.535,39.2,Benin,BEN,UNDP Human Development Reports,2025-10-05
2017,0.516,149,0.59,0.503,0.489,63.65,5.54,2725,0.53,38.4,Benin,BEN,UNDP Human Development Reports,2025-10-05
2018,0.524,148,0.6,0.512,0.496,64.1,5.66,2810,0.525,37.6,Benin,BEN,UNDP Human Development Reports,2025-10-05
2019,0.532,147,0.61,0.5209999999999999,0.503,64.55,5.779999999999999,2895,0.52,36.8,Benin,BEN,UNDP Human Development Reports,2025-10-05
2020,0.54,146,0.62,0.53,0.51,65.0,5.9,2980,0.515,36.0,Benin,BEN,UNDP Human Development Reports,2025-10-05
2021,0.548,145,0.63,0.5389999999999999,0.517,65.45,6.02,3065,0.51,35.2,Benin,BEN,UNDP Human Development Reports,2025-10-05
2022,0.556,144,0.64,0.5479999999999999,0.524,65.9,6.14,3150,0.505,34.4,Benin,BEN,UNDP Human Development Reports,2025-10-05
2023,0.5640000000000001,143,0.65,0.5569999999999999,0.531,66.35,6.26,3235,0.5,33.599999999999994,Benin,BEN,UNDP Human Development Reports,2025-10-05
2024,0.5720000000000001,142,0.6599999999999999,0.566,0.538,66.8,6.38,3320,0.495,32.8,Benin,BEN,UNDP Human Development Reports,2025-10-05
