country,country_code,year,indicator,indicator_code,value,sex,source,collection_date
Benin,BEN,2018,Mortalité infantile,MDG_0000000001,47.485430309,SEX_FMLE,WHO,2025-10-05
Benin,BEN,2002,Mortalité infantile,MDG_0000000001,75.998275385,SEX_BTSX,WHO,2025-10-05
Benin,BEN,2012,Mortalité infantile,MDG_0000000001,66.81915649,SEX_MLE,WHO,2025-10-05
Benin,BEN,2009,Mortalité infantile,MDG_0000000001,65.060889283,SEX_BTSX,WHO,2025-10-05
Benin,BEN,2005,Mortalité infantile,MDG_0000000001,76.273742715,SEX_MLE,WHO,2025-10-05
Benin,BEN,2007,Mortalité infantile,MDG_0000000001,61.945491669,SEX_FMLE,WHO,2025-10-05
Benin,BEN,2001,Mortalité infantile,MDG_0000000001,83.103781375,SEX_MLE,WHO,2025-10-05
Benin,BEN,2007,Mortalité infantile,MDG_0000000001,73.460235232,SEX_MLE,WHO,2025-10-05
Benin,BEN,2012,Mortalité infantile,MDG_0000000001,54.880144245,SEX_FMLE,WHO,2025-10-05
Benin,BEN,2000,Mortalité infantile,MDG_0000000001,79.659322427,SEX_BTSX,WHO,2025-10-05
Benin,BEN,2022,Mortalité infantile,MDG_0000000001,42.660225775,SEX_FMLE,WHO,2025-10-05
Benin,BEN,2014,Mortalité infantile,MDG_0000000001,64.06920426,SEX_MLE,WHO,2025-10-05
Benin,BEN,2020,Mortalité infantile,MDG_0000000001,45.050147084,SEX_FMLE,WHO,2025-10-05
Benin,BEN,2014,Mortalité infantile,MDG_0000000001,58.320053516,SEX_BTSX,WHO,2025-10-05
Benin,BEN,2016,Mortalité infantile,MDG_0000000001,61.204316798,SEX_MLE,WHO,2025-10-05
Benin,BEN,2014,Mortalité infantile,MDG_0000000001,52.261401846,SEX_FMLE,WHO,2025-10-05
Benin,BEN,2021,Mortalité infantile,MDG_0000000001,43.86529608,SEX_FMLE,WHO,2025-10-05
Benin,BEN,2013,Mortalité infantile,MDG_0000000001,59.657914683,SEX_BTSX,WHO,2025-10-05
Benin,BEN,2007,Mortalité infantile,MDG_0000000001,67.867042295,SEX_BTSX,WHO,2025-10-05
Benin,BEN,2015,Mortalité infantile,MDG_0000000001,51.041237085,SEX_FMLE,WHO,2025-10-05
Benin,BEN,2003,Mortalité infantile,MDG_0000000001,79.456889943,SEX_MLE,WHO,2025-10-05
Benin,BEN,2020,Mortalité infantile,MDG_0000000001,50.433823878,SEX_BTSX,WHO,2025-10-05
Benin,BEN,2004,Mortalité infantile,MDG_0000000001,77.774321193,SEX_MLE,WHO,2025-10-05
Benin,BEN,2018,Mortalité infantile,MDG_0000000001,58.368536055,SEX_MLE,WHO,2025-10-05
Benin,BEN,2001,Mortalité infantile,MDG_0000000001,72.209255957,SEX_FMLE,WHO,2025-10-05
Benin,BEN,2000,Mortalité infantile,MDG_0000000001,74.109533235,SEX_FMLE,WHO,2025-10-05
Benin,BEN,2017,Mortalité infantile,MDG_0000000001,59.817521686,SEX_MLE,WHO,2025-10-05
Benin,BEN,2018,Mortalité infantile,MDG_0000000001,53.119442019,SEX_BTSX,WHO,2025-10-05
Benin,BEN,2011,Mortalité infantile,MDG_0000000001,56.231912523,SEX_FMLE,WHO,2025-10-05
Benin,BEN,2006,Mortalité infantile,MDG_0000000001,63.465939201,SEX_FMLE,WHO,2025-10-05
Benin,BEN,2010,Mortalité infantile,MDG_0000000001,69.522375374,SEX_MLE,WHO,2025-10-05
Benin,BEN,2013,Mortalité infantile,MDG_0000000001,53.570405363,SEX_FMLE,WHO,2025-10-05
Benin,BEN,2006,Mortalité infantile,MDG_0000000001,69.305381423,SEX_BTSX,WHO,2025-10-05
Benin,BEN,2004,Mortalité infantile,MDG_0000000001,66.897071797,SEX_FMLE,WHO,2025-10-05
Benin,BEN,2017,Mortalité infantile,MDG_0000000001,54.39769,SEX_BTSX,WHO,2025-10-05
Benin,BEN,2017,Mortalité infantile,MDG_0000000001,48.673779912,SEX_FMLE,WHO,2025-10-05
Benin,BEN,2009,Mortalité infantile,MDG_0000000001,58.997584627,SEX_FMLE,WHO,2025-10-05
Benin,BEN,2011,Mortalité infantile,MDG_0000000001,62.409942046,SEX_BTSX,WHO,2025-10-05
Benin,BEN,2009,Mortalité infantile,MDG_0000000001,70.817276792,SEX_MLE,WHO,2025-10-05
Benin,BEN,2000,Mortalité infantile,MDG_0000000001,84.875713401,SEX_MLE,WHO,2025-10-05
Benin,BEN,2010,Mortalité infantile,MDG_0000000001,57.604031351,SEX_FMLE,WHO,2025-10-05
Benin,BEN,2013,Mortalité infantile,MDG_0000000001,65.430335648,SEX_MLE,WHO,2025-10-05
Benin,BEN,2004,Mortalité infantile,MDG_0000000001,72.488716947,SEX_BTSX,WHO,2025-10-05
Benin,BEN,2020,Mortalité infantile,MDG_0000000001,55.482622192,SEX_MLE,WHO,2025-10-05
Benin,BEN,2002,Mortalité infantile,MDG_0000000001,81.252775018,SEX_MLE,WHO,2025-10-05
Benin,BEN,2023,Mortalité infantile,MDG_0000000001,41.429104263,SEX_FMLE,WHO,2025-10-05
Benin,BEN,2011,Mortalité infantile,MDG_0000000001,68.233907442,SEX_MLE,WHO,2025-10-05
Benin,BEN,2008,Mortalité infantile,MDG_0000000001,60.434158787,SEX_FMLE,WHO,2025-10-05
Benin,BEN,2002,Mortalité infantile,MDG_0000000001,70.46417657,SEX_FMLE,WHO,2025-10-05
Benin,BEN,2010,Mortalité infantile,MDG_0000000001,63.710546173,SEX_BTSX,WHO,2025-10-05
Benin,BEN,2006,Mortalité infantile,MDG_0000000001,74.827488512,SEX_MLE,WHO,2025-10-05
Benin,BEN,2021,Mortalité infantile,MDG_0000000001,49.119435503,SEX_BTSX,WHO,2025-10-05
Benin,BEN,2022,Mortalité infantile,MDG_0000000001,52.590327521,SEX_MLE,WHO,2025-10-05
Benin,BEN,2008,Mortalité infantile,MDG_0000000001,72.132679672,SEX_MLE,WHO,2025-10-05
Benin,BEN,2023,Mortalité infantile,MDG_0000000001,46.421506382,SEX_BTSX,WHO,2025-10-05
Benin,BEN,2003,Mortalité infantile,MDG_0000000001,68.679292574,SEX_FMLE,WHO,2025-10-05
Benin,BEN,2015,Mortalité infantile,MDG_0000000001,62.586029066,SEX_MLE,WHO,2025-10-05
Benin,BEN,2016,Mortalité infantile,MDG_0000000001,49.843993474,SEX_FMLE,WHO,2025-10-05
Benin,BEN,2005,Mortalité infantile,MDG_0000000001,70.853798432,SEX_BTSX,WHO,2025-10-05
Benin,BEN,2003,Mortalité infantile,MDG_0000000001,74.210583013,SEX_BTSX,WHO,2025-10-05
Benin,BEN,2022,Mortalité infantile,MDG_0000000001,47.731985886,SEX_BTSX,WHO,2025-10-05
Benin,BEN,2001,Mortalité infantile,MDG_0000000001,77.824411073,SEX_BTSX,WHO,2025-10-05
Benin,BEN,2016,Mortalité infantile,MDG_0000000001,55.693341656,SEX_BTSX,WHO,2025-10-05
Benin,BEN,2019,Mortalité infantile,MDG_0000000001,56.932783354,SEX_MLE,WHO,2025-10-05
Benin,BEN,2021,Mortalité infantile,MDG_0000000001,54.044838202,SEX_MLE,WHO,2025-10-05
Benin,BEN,2012,Mortalité infantile,MDG_0000000001,61.013219217,SEX_BTSX,WHO,2025-10-05
Benin,BEN,2015,Mortalité infantile,MDG_0000000001,56.965581064,SEX_BTSX,WHO,2025-10-05
Benin,BEN,2019,Mortalité infantile,MDG_0000000001,46.245515626,SEX_FMLE,WHO,2025-10-05
Benin,BEN,2005,Mortalité infantile,MDG_0000000001,65.165889731,SEX_FMLE,WHO,2025-10-05
Benin,BEN,2023,Mortalité infantile,MDG_0000000001,51.155247476,SEX_MLE,WHO,2025-10-05
Benin,BEN,2008,Mortalité infantile,MDG_0000000001,66.44678353,SEX_BTSX,WHO,2025-10-05
Benin,BEN,2019,Mortalité infantile,MDG_0000000001,51.750638356,SEX_BTSX,WHO,2025-10-05
Benin,BEN,2007,Mortalité maternelle,MDG_0000000003,103.0437164,SEX_FMLE,WHO,2025-10-05
Benin,BEN,2017,Mortalité maternelle,MDG_0000000003,2.671127319,SEX_FMLE,WHO,2025-10-05
Benin,BEN,2010,Mortalité maternelle,MDG_0000000003,94.0,SEX_FMLE,WHO,2025-10-05
Benin,BEN,2011,Mortalité maternelle,MDG_0000000003,2.730382204,SEX_FMLE,WHO,2025-10-05
Benin,BEN,2001,Mortalité maternelle,MDG_0000000003,130.1123505,SEX_FMLE,WHO,2025-10-05
Benin,BEN,2020,Mortalité maternelle,MDG_0000000003,77.22821808,SEX_FMLE,WHO,2025-10-05
Benin,BEN,2014,Mortalité maternelle,MDG_0000000003,102.0113907,SEX_FMLE,WHO,2025-10-05
Benin,BEN,2012,Mortalité maternelle,MDG_0000000003,2.008790493,SEX_FMLE,WHO,2025-10-05
Benin,BEN,2006,Mortalité maternelle,MDG_0000000003,7.263964653,SEX_FMLE,WHO,2025-10-05
Benin,BEN,2008,Mortalité maternelle,MDG_0000000003,7.63499403,SEX_FMLE,WHO,2025-10-05
Benin,BEN,2010,Mortalité maternelle,MDG_0000000003,5.504310131,SEX_FMLE,WHO,2025-10-05
Benin,BEN,2001,Mortalité maternelle,MDG_0000000003,10.83103943,SEX_FMLE,WHO,2025-10-05
Benin,BEN,2019,Mortalité maternelle,MDG_0000000003,1.7920295,SEX_FMLE,WHO,2025-10-05
Benin,BEN,2012,Mortalité maternelle,MDG_0000000003,94.2647934,SEX_FMLE,WHO,2025-10-05
Benin,BEN,2003,Mortalité maternelle,MDG_0000000003,10.78123951,SEX_FMLE,WHO,2025-10-05
Benin,BEN,2020,Mortalité maternelle,MDG_0000000003,0.794526875,SEX_FMLE,WHO,2025-10-05
Benin,BEN,2016,Mortalité maternelle,MDG_0000000003,2.0,SEX_FMLE,WHO,2025-10-05
Benin,BEN,2004,Mortalité maternelle,MDG_0000000003,114.323555,SEX_FMLE,WHO,2025-10-05
Benin,BEN,2003,Mortalité maternelle,MDG_0000000003,127.2377701,SEX_FMLE,WHO,2025-10-05
Benin,BEN,2015,Mortalité maternelle,MDG_0000000003,2.038004637,SEX_FMLE,WHO,2025-10-05
Benin,BEN,2002,Mortalité maternelle,MDG_0000000003,7.503509521,SEX_FMLE,WHO,2025-10-05
Benin,BEN,2004,Mortalité maternelle,MDG_0000000003,10.19432831,SEX_FMLE,WHO,2025-10-05
Benin,BEN,2013,Mortalité maternelle,MDG_0000000003,4.1175313,SEX_FMLE,WHO,2025-10-05
Benin,BEN,2014,Mortalité maternelle,MDG_0000000003,4.615310192,SEX_FMLE,WHO,2025-10-05
Benin,BEN,2009,Mortalité maternelle,MDG_0000000003,4.883800507,SEX_FMLE,WHO,2025-10-05
Benin,BEN,2008,Mortalité maternelle,MDG_0000000003,106.5452499,SEX_FMLE,WHO,2025-10-05
Benin,BEN,2011,Mortalité maternelle,MDG_0000000003,97.76940918,SEX_FMLE,WHO,2025-10-05
Benin,BEN,2019,Mortalité maternelle,MDG_0000000003,83.85305023,SEX_FMLE,WHO,2025-10-05
Benin,BEN,2013,Mortalité maternelle,MDG_0000000003,106.4240875,SEX_FMLE,WHO,2025-10-05
Benin,BEN,2002,Mortalité maternelle,MDG_0000000003,118.887146,SEX_FMLE,WHO,2025-10-05
Benin,BEN,2007,Mortalité maternelle,MDG_0000000003,7.875447273,SEX_FMLE,WHO,2025-10-05
Benin,BEN,2006,Mortalité maternelle,MDG_0000000003,114.596489,SEX_FMLE,WHO,2025-10-05
Benin,BEN,2005,Mortalité maternelle,MDG_0000000003,8.972870827,SEX_FMLE,WHO,2025-10-05
Benin,BEN,2005,Mortalité maternelle,MDG_0000000003,112.2748718,SEX_FMLE,WHO,2025-10-05
Benin,BEN,2017,Mortalité maternelle,MDG_0000000003,98.09213257,SEX_FMLE,WHO,2025-10-05
Benin,BEN,2015,Mortalité maternelle,MDG_0000000003,108.0,SEX_FMLE,WHO,2025-10-05
Benin,BEN,2016,Mortalité maternelle,MDG_0000000003,108.0,SEX_FMLE,WHO,2025-10-05
Benin,BEN,2009,Mortalité maternelle,MDG_0000000003,104.1076202,SEX_FMLE,WHO,2025-10-05
Benin,BEN,2001,Espérance vie en bonne santé,WHS4_100,76.0,,WHO,2025-10-05
Benin,BEN,2010,Espérance vie en bonne santé,WHS4_100,76.0,,WHO,2025-10-05
Benin,BEN,2000,Espérance vie en bonne santé,WHS4_100,78.0,,WHO,2025-10-05
Benin,BEN,2023,Espérance vie en bonne santé,WHS4_100,69.0,,WHO,2025-10-05
Benin,BEN,2003,Espérance vie en bonne santé,WHS4_100,73.0,,WHO,2025-10-05
Benin,BEN,2004,Espérance vie en bonne santé,WHS4_100,72.0,,WHO,2025-10-05
Benin,BEN,2013,Espérance vie en bonne santé,WHS4_100,77.0,,WHO,2025-10-05
Benin,BEN,2008,Espérance vie en bonne santé,WHS4_100,75.0,,WHO,2025-10-05
Benin,BEN,2018,Espérance vie en bonne santé,WHS4_100,74.0,,WHO,2025-10-05
Benin,BEN,2014,Espérance vie en bonne santé,WHS4_100,74.0,,WHO,2025-10-05
Benin,BEN,2024,Espérance vie en bonne santé,WHS4_100,63.0,,WHO,2025-10-05
Benin,BEN,2021,Espérance vie en bonne santé,WHS4_100,70.0,,WHO,2025-10-05
Benin,BEN,2007,Espérance vie en bonne santé,WHS4_100,82.0,,WHO,2025-10-05
Benin,BEN,2002,Espérance vie en bonne santé,WHS4_100,75.0,,WHO,2025-10-05
Benin,BEN,2016,Espérance vie en bonne santé,WHS4_100,78.0,,WHO,2025-10-05
Benin,BEN,2015,Espérance vie en bonne santé,WHS4_100,74.0,,WHO,2025-10-05
Benin,BEN,2012,Espérance vie en bonne santé,WHS4_100,80.0,,WHO,2025-10-05
Benin,BEN,2011,Espérance vie en bonne santé,WHS4_100,75.0,,WHO,2025-10-05
Benin,BEN,2009,Espérance vie en bonne santé,WHS4_100,79.0,,WHO,2025-10-05
Benin,BEN,2017,Espérance vie en bonne santé,WHS4_100,76.0,,WHO,2025-10-05
Benin,BEN,2022,Espérance vie en bonne santé,WHS4_100,69.0,,WHO,2025-10-05
Benin,BEN,2019,Espérance vie en bonne santé,WHS4_100,72.0,,WHO,2025-10-05
Benin,BEN,2020,Espérance vie en bonne santé,WHS4_100,70.0,,WHO,2025-10-05
Benin,BEN,2005,Espérance vie en bonne santé,WHS4_100,70.0,,WHO,2025-10-05
Benin,BEN,2006,Espérance vie en bonne santé,WHS4_100,74.0,,WHO,2025-10-05
Benin,BEN,2020,Médecins pour 10000 hab,WHOSIS_000001,64.40363479,SEX_BTSX,WHO,2025-10-05
Benin,BEN,2018,Médecins pour 10000 hab,WHOSIS_000001,63.73859672,SEX_BTSX,WHO,2025-10-05
Benin,BEN,2005,Médecins pour 10000 hab,WHOSIS_000001,61.09483944,SEX_FMLE,WHO,2025-10-05
Benin,BEN,2018,Médecins pour 10000 hab,WHOSIS_000001,66.15166505,SEX_FMLE,WHO,2025-10-05
Benin,BEN,2016,Médecins pour 10000 hab,WHOSIS_000001,63.0021663,SEX_BTSX,WHO,2025-10-05
Benin,BEN,2013,Médecins pour 10000 hab,WHOSIS_000001,59.77731282,SEX_MLE,WHO,2025-10-05
Benin,BEN,2002,Médecins pour 10000 hab,WHOSIS_000001,58.09380517,SEX_BTSX,WHO,2025-10-05
Benin,BEN,2002,Médecins pour 10000 hab,WHOSIS_000001,56.07998218,SEX_MLE,WHO,2025-10-05
Benin,BEN,2009,Médecins pour 10000 hab,WHOSIS_000001,60.99409615,SEX_BTSX,WHO,2025-10-05
Benin,BEN,2017,Médecins pour 10000 hab,WHOSIS_000001,60.99888714,SEX_MLE,WHO,2025-10-05
Benin,BEN,2011,Médecins pour 10000 hab,WHOSIS_000001,61.56618181,SEX_BTSX,WHO,2025-10-05
Benin,BEN,2001,Médecins pour 10000 hab,WHOSIS_000001,57.74456271,SEX_BTSX,WHO,2025-10-05
Benin,BEN,2012,Médecins pour 10000 hab,WHOSIS_000001,64.16421973,SEX_FMLE,WHO,2025-10-05
Benin,BEN,2006,Médecins pour 10000 hab,WHOSIS_000001,59.54016851,SEX_BTSX,WHO,2025-10-05
Benin,BEN,2017,Médecins pour 10000 hab,WHOSIS_000001,63.34863103,SEX_BTSX,WHO,2025-10-05
Benin,BEN,2016,Médecins pour 10000 hab,WHOSIS_000001,60.64748058,SEX_MLE,WHO,2025-10-05
Benin,BEN,2015,Médecins pour 10000 hab,WHOSIS_000001,65.04980155,SEX_FMLE,WHO,2025-10-05
Benin,BEN,2017,Médecins pour 10000 hab,WHOSIS_000001,65.75690777,SEX_FMLE,WHO,2025-10-05
Benin,BEN,2014,Médecins pour 10000 hab,WHOSIS_000001,60.01569183,SEX_MLE,WHO,2025-10-05
Benin,BEN,2019,Médecins pour 10000 hab,WHOSIS_000001,66.58203128,SEX_FMLE,WHO,2025-10-05
Benin,BEN,2021,Médecins pour 10000 hab,WHOSIS_000001,66.37542835,SEX_FMLE,WHO,2025-10-05
Benin,BEN,2008,Médecins pour 10000 hab,WHOSIS_000001,60.45115465,SEX_BTSX,WHO,2025-10-05
Benin,BEN,2016,Médecins pour 10000 hab,WHOSIS_000001,65.41066833,SEX_FMLE,WHO,2025-10-05
Benin,BEN,2020,Médecins pour 10000 hab,WHOSIS_000001,67.03767966,SEX_FMLE,WHO,2025-10-05
Benin,BEN,2007,Médecins pour 10000 hab,WHOSIS_000001,61.73572668,SEX_FMLE,WHO,2025-10-05
Benin,BEN,2013,Médecins pour 10000 hab,WHOSIS_000001,64.49029132,SEX_FMLE,WHO,2025-10-05
Benin,BEN,2001,Médecins pour 10000 hab,WHOSIS_000001,59.71831176,SEX_FMLE,WHO,2025-10-05
Benin,BEN,2011,Médecins pour 10000 hab,WHOSIS_000001,59.2828285,SEX_MLE,WHO,2025-10-05
Benin,BEN,2005,Médecins pour 10000 hab,WHOSIS_000001,57.27564734,SEX_MLE,WHO,2025-10-05
Benin,BEN,2010,Médecins pour 10000 hab,WHOSIS_000001,63.54981358,SEX_FMLE,WHO,2025-10-05
Benin,BEN,2004,Médecins pour 10000 hab,WHOSIS_000001,56.89999605,SEX_MLE,WHO,2025-10-05
Benin,BEN,2021,Médecins pour 10000 hab,WHOSIS_000001,64.01268515,SEX_BTSX,WHO,2025-10-05
Benin,BEN,2000,Médecins pour 10000 hab,WHOSIS_000001,57.42109531,SEX_BTSX,WHO,2025-10-05
Benin,BEN,2009,Médecins pour 10000 hab,WHOSIS_000001,63.17793982,SEX_FMLE,WHO,2025-10-05
Benin,BEN,2008,Médecins pour 10000 hab,WHOSIS_000001,58.39722232,SEX_MLE,WHO,2025-10-05
Benin,BEN,2018,Médecins pour 10000 hab,WHOSIS_000001,61.38720955,SEX_MLE,WHO,2025-10-05
Benin,BEN,2015,Médecins pour 10000 hab,WHOSIS_000001,60.25391539,SEX_MLE,WHO,2025-10-05
Benin,BEN,2002,Médecins pour 10000 hab,WHOSIS_000001,60.05534802,SEX_FMLE,WHO,2025-10-05
Benin,BEN,2019,Médecins pour 10000 hab,WHOSIS_000001,64.13827469,SEX_BTSX,WHO,2025-10-05
Benin,BEN,2011,Médecins pour 10000 hab,WHOSIS_000001,63.86034113,SEX_FMLE,WHO,2025-10-05
Benin,BEN,2006,Médecins pour 10000 hab,WHOSIS_000001,61.4245988,SEX_FMLE,WHO,2025-10-05
Benin,BEN,2008,Médecins pour 10000 hab,WHOSIS_000001,62.47699337,SEX_FMLE,WHO,2025-10-05
Benin,BEN,2003,Médecins pour 10000 hab,WHOSIS_000001,56.44466722,SEX_MLE,WHO,2025-10-05
Benin,BEN,2015,Médecins pour 10000 hab,WHOSIS_000001,62.62662,SEX_BTSX,WHO,2025-10-05
Benin,BEN,2009,Médecins pour 10000 hab,WHOSIS_000001,58.79836291,SEX_MLE,WHO,2025-10-05
Benin,BEN,2010,Médecins pour 10000 hab,WHOSIS_000001,61.3045144,SEX_BTSX,WHO,2025-10-05
Benin,BEN,2005,Médecins pour 10000 hab,WHOSIS_000001,59.21023989,SEX_BTSX,WHO,2025-10-05
Benin,BEN,2014,Médecins pour 10000 hab,WHOSIS_000001,62.37267295,SEX_BTSX,WHO,2025-10-05
Benin,BEN,2021,Médecins pour 10000 hab,WHOSIS_000001,61.71936134,SEX_MLE,WHO,2025-10-05
Benin,BEN,2000,Médecins pour 10000 hab,WHOSIS_000001,59.37836321,SEX_FMLE,WHO,2025-10-05
Benin,BEN,2000,Médecins pour 10000 hab,WHOSIS_000001,55.40472341,SEX_MLE,WHO,2025-10-05
Benin,BEN,2007,Médecins pour 10000 hab,WHOSIS_000001,59.82688455,SEX_BTSX,WHO,2025-10-05
Benin,BEN,2004,Médecins pour 10000 hab,WHOSIS_000001,58.86876901,SEX_BTSX,WHO,2025-10-05
Benin,BEN,2003,Médecins pour 10000 hab,WHOSIS_000001,58.45855402,SEX_BTSX,WHO,2025-10-05
Benin,BEN,2020,Médecins pour 10000 hab,WHOSIS_000001,61.88609828,SEX_MLE,WHO,2025-10-05
Benin,BEN,2006,Médecins pour 10000 hab,WHOSIS_000001,57.60924249,SEX_MLE,WHO,2025-10-05
Benin,BEN,2014,Médecins pour 10000 hab,WHOSIS_000001,64.77082808,SEX_FMLE,WHO,2025-10-05
Benin,BEN,2004,Médecins pour 10000 hab,WHOSIS_000001,60.78712393,SEX_FMLE,WHO,2025-10-05
Benin,BEN,2012,Médecins pour 10000 hab,WHOSIS_000001,61.81459199,SEX_BTSX,WHO,2025-10-05
Benin,BEN,2001,Médecins pour 10000 hab,WHOSIS_000001,55.71677393,SEX_MLE,WHO,2025-10-05
Benin,BEN,2019,Médecins pour 10000 hab,WHOSIS_000001,61.76220363,SEX_MLE,WHO,2025-10-05
Benin,BEN,2012,Médecins pour 10000 hab,WHOSIS_000001,59.48907893,SEX_MLE,WHO,2025-10-05
Benin,BEN,2003,Médecins pour 10000 hab,WHOSIS_000001,60.42382401,SEX_FMLE,WHO,2025-10-05
Benin,BEN,2007,Médecins pour 10000 hab,WHOSIS_000001,57.87806143,SEX_MLE,WHO,2025-10-05
Benin,BEN,2010,Médecins pour 10000 hab,WHOSIS_000001,59.05813743,SEX_MLE,WHO,2025-10-05
Benin,BEN,2013,Médecins pour 10000 hab,WHOSIS_000001,62.11743236,SEX_BTSX,WHO,2025-10-05
Benin,BEN,2006,Lits hôpital pour 10000 hab,WHOSIS_000015,15.53079674,SEX_MLE,WHO,2025-10-05
Benin,BEN,2020,Lits hôpital pour 10000 hab,WHOSIS_000015,15.91221409,SEX_MLE,WHO,2025-10-05
Benin,BEN,2014,Lits hôpital pour 10000 hab,WHOSIS_000015,15.912505,SEX_MLE,WHO,2025-10-05
Benin,BEN,2004,Lits hôpital pour 10000 hab,WHOSIS_000015,15.31791316,SEX_MLE,WHO,2025-10-05
Benin,BEN,2010,Lits hôpital pour 10000 hab,WHOSIS_000015,15.71393135,SEX_MLE,WHO,2025-10-05
Benin,BEN,2009,Lits hôpital pour 10000 hab,WHOSIS_000015,17.00325163,SEX_BTSX,WHO,2025-10-05
Benin,BEN,2003,Lits hôpital pour 10000 hab,WHOSIS_000015,16.55778582,SEX_BTSX,WHO,2025-10-05
Benin,BEN,2016,Lits hôpital pour 10000 hab,WHOSIS_000015,18.62893188,SEX_FMLE,WHO,2025-10-05
Benin,BEN,2021,Lits hôpital pour 10000 hab,WHOSIS_000015,16.17847249,SEX_MLE,WHO,2025-10-05
Benin,BEN,2012,Lits hôpital pour 10000 hab,WHOSIS_000015,17.05435425,SEX_BTSX,WHO,2025-10-05
Benin,BEN,2009,Lits hôpital pour 10000 hab,WHOSIS_000015,18.10004864,SEX_FMLE,WHO,2025-10-05
Benin,BEN,2007,Lits hôpital pour 10000 hab,WHOSIS_000015,16.84153328,SEX_BTSX,WHO,2025-10-05
Benin,BEN,2018,Lits hôpital pour 10000 hab,WHOSIS_000015,17.64817102,SEX_BTSX,WHO,2025-10-05
Benin,BEN,2020,Lits hôpital pour 10000 hab,WHOSIS_000015,17.4136372,SEX_BTSX,WHO,2025-10-05
Benin,BEN,2012,Lits hôpital pour 10000 hab,WHOSIS_000015,18.21018816,SEX_FMLE,WHO,2025-10-05
Benin,BEN,2020,Lits hôpital pour 10000 hab,WHOSIS_000015,18.85857964,SEX_FMLE,WHO,2025-10-05
Benin,BEN,2019,Lits hôpital pour 10000 hab,WHOSIS_000015,18.97936652,SEX_FMLE,WHO,2025-10-05
Benin,BEN,2013,Lits hôpital pour 10000 hab,WHOSIS_000015,17.16774852,SEX_BTSX,WHO,2025-10-05
Benin,BEN,2005,Lits hôpital pour 10000 hab,WHOSIS_000015,16.73847199,SEX_BTSX,WHO,2025-10-05
Benin,BEN,2006,Lits hôpital pour 10000 hab,WHOSIS_000015,16.81763556,SEX_BTSX,WHO,2025-10-05
Benin,BEN,2021,Lits hôpital pour 10000 hab,WHOSIS_000015,18.45565703,SEX_FMLE,WHO,2025-10-05
Benin,BEN,2007,Lits hôpital pour 10000 hab,WHOSIS_000015,15.55143343,SEX_MLE,WHO,2025-10-05
Benin,BEN,2006,Lits hôpital pour 10000 hab,WHOSIS_000015,17.91249698,SEX_FMLE,WHO,2025-10-05
Benin,BEN,2005,Lits hôpital pour 10000 hab,WHOSIS_000015,17.84318055,SEX_FMLE,WHO,2025-10-05
Benin,BEN,2015,Lits hôpital pour 10000 hab,WHOSIS_000015,18.51302019,SEX_FMLE,WHO,2025-10-05
Benin,BEN,2008,Lits hôpital pour 10000 hab,WHOSIS_000015,18.03954719,SEX_FMLE,WHO,2025-10-05
Benin,BEN,2007,Lits hôpital pour 10000 hab,WHOSIS_000015,17.94104215,SEX_FMLE,WHO,2025-10-05
Benin,BEN,2003,Lits hôpital pour 10000 hab,WHOSIS_000015,15.20458897,SEX_MLE,WHO,2025-10-05
Benin,BEN,2016,Lits hôpital pour 10000 hab,WHOSIS_000015,16.05915172,SEX_MLE,WHO,2025-10-05
Benin,BEN,2001,Lits hôpital pour 10000 hab,WHOSIS_000015,17.48538722,SEX_FMLE,WHO,2025-10-05
Benin,BEN,2018,Lits hôpital pour 10000 hab,WHOSIS_000015,18.85663377,SEX_FMLE,WHO,2025-10-05
Benin,BEN,2013,Lits hôpital pour 10000 hab,WHOSIS_000015,15.84951495,SEX_MLE,WHO,2025-10-05
Benin,BEN,2011,Lits hôpital pour 10000 hab,WHOSIS_000015,17.04016384,SEX_BTSX,WHO,2025-10-05
Benin,BEN,2014,Lits hôpital pour 10000 hab,WHOSIS_000015,18.45941971,SEX_FMLE,WHO,2025-10-05
Benin,BEN,2010,Lits hôpital pour 10000 hab,WHOSIS_000015,18.13211352,SEX_FMLE,WHO,2025-10-05
Benin,BEN,2004,Lits hôpital pour 10000 hab,WHOSIS_000015,17.78384696,SEX_FMLE,WHO,2025-10-05
Benin,BEN,2013,Lits hôpital pour 10000 hab,WHOSIS_000015,18.33837343,SEX_FMLE,WHO,2025-10-05
Benin,BEN,2010,Lits hôpital pour 10000 hab,WHOSIS_000015,17.01461425,SEX_BTSX,WHO,2025-10-05
Benin,BEN,2005,Lits hôpital pour 10000 hab,WHOSIS_000015,15.44106698,SEX_MLE,WHO,2025-10-05
Benin,BEN,2008,Lits hôpital pour 10000 hab,WHOSIS_000015,16.95876479,SEX_BTSX,WHO,2025-10-05
Benin,BEN,2021,Lits hôpital pour 10000 hab,WHOSIS_000015,17.36055839,SEX_BTSX,WHO,2025-10-05
Benin,BEN,2019,Lits hôpital pour 10000 hab,WHOSIS_000015,16.47458143,SEX_MLE,WHO,2025-10-05
Benin,BEN,2017,Lits hôpital pour 10000 hab,WHOSIS_000015,16.16179007,SEX_MLE,WHO,2025-10-05
Benin,BEN,2018,Lits hôpital pour 10000 hab,WHOSIS_000015,16.33827425,SEX_MLE,WHO,2025-10-05
Benin,BEN,2002,Lits hôpital pour 10000 hab,WHOSIS_000015,17.60381689,SEX_FMLE,WHO,2025-10-05
Benin,BEN,2002,Lits hôpital pour 10000 hab,WHOSIS_000015,15.0775591,SEX_MLE,WHO,2025-10-05
Benin,BEN,2016,Lits hôpital pour 10000 hab,WHOSIS_000015,17.40232837,SEX_BTSX,WHO,2025-10-05
Benin,BEN,2015,Lits hôpital pour 10000 hab,WHOSIS_000015,17.28559063,SEX_BTSX,WHO,2025-10-05
Benin,BEN,2003,Lits hôpital pour 10000 hab,WHOSIS_000015,17.71423161,SEX_FMLE,WHO,2025-10-05
Benin,BEN,2009,Lits hôpital pour 10000 hab,WHOSIS_000015,15.71734729,SEX_MLE,WHO,2025-10-05
Benin,BEN,2000,Lits hôpital pour 10000 hab,WHOSIS_000015,17.38921931,SEX_FMLE,WHO,2025-10-05
Benin,BEN,2008,Lits hôpital pour 10000 hab,WHOSIS_000015,15.68889503,SEX_MLE,WHO,2025-10-05
Benin,BEN,2019,Lits hôpital pour 10000 hab,WHOSIS_000015,17.77502104,SEX_BTSX,WHO,2025-10-05
Benin,BEN,2011,Lits hôpital pour 10000 hab,WHOSIS_000015,15.73884323,SEX_MLE,WHO,2025-10-05
Benin,BEN,2000,Lits hôpital pour 10000 hab,WHOSIS_000015,14.87091327,SEX_MLE,WHO,2025-10-05
Benin,BEN,2011,Lits hôpital pour 10000 hab,WHOSIS_000015,18.17079506,SEX_FMLE,WHO,2025-10-05
Benin,BEN,2017,Lits hôpital pour 10000 hab,WHOSIS_000015,18.72448507,SEX_FMLE,WHO,2025-10-05
Benin,BEN,2001,Lits hôpital pour 10000 hab,WHOSIS_000015,14.95316591,SEX_MLE,WHO,2025-10-05
Benin,BEN,2001,Lits hôpital pour 10000 hab,WHOSIS_000015,16.31838183,SEX_BTSX,WHO,2025-10-05
Benin,BEN,2015,Lits hôpital pour 10000 hab,WHOSIS_000015,15.93112533,SEX_MLE,WHO,2025-10-05
Benin,BEN,2000,Lits hôpital pour 10000 hab,WHOSIS_000015,16.22864649,SEX_BTSX,WHO,2025-10-05
Benin,BEN,2004,Lits hôpital pour 10000 hab,WHOSIS_000015,16.64822892,SEX_BTSX,WHO,2025-10-05
Benin,BEN,2012,Lits hôpital pour 10000 hab,WHOSIS_000015,15.74025159,SEX_MLE,WHO,2025-10-05
Benin,BEN,2002,Lits hôpital pour 10000 hab,WHOSIS_000015,16.43985677,SEX_BTSX,WHO,2025-10-05
Benin,BEN,2017,Lits hôpital pour 10000 hab,WHOSIS_000015,17.49678123,SEX_BTSX,WHO,2025-10-05
Benin,BEN,2014,Lits hôpital pour 10000 hab,WHOSIS_000015,17.25505002,SEX_BTSX,WHO,2025-10-05
Benin,BEN,2012,Prévalence tuberculose,MDG_0000000026,617.8774539,,WHO,2025-10-05
Benin,BEN,2014,Prévalence tuberculose,MDG_0000000026,605.1760492,,WHO,2025-10-05
Benin,BEN,2002,Prévalence tuberculose,MDG_0000000026,534.3912685,,WHO,2025-10-05
Benin,BEN,2019,Prévalence tuberculose,MDG_0000000026,572.1479506,,WHO,2025-10-05
Benin,BEN,2003,Prévalence tuberculose,MDG_0000000026,532.2720805,,WHO,2025-10-05
Benin,BEN,2020,Prévalence tuberculose,MDG_0000000026,577.7173435,,WHO,2025-10-05
Benin,BEN,2013,Prévalence tuberculose,MDG_0000000026,607.1691818,,WHO,2025-10-05
Benin,BEN,2005,Prévalence tuberculose,MDG_0000000026,514.176213,,WHO,2025-10-05
Benin,BEN,2001,Prévalence tuberculose,MDG_0000000026,532.4616217,,WHO,2025-10-05
Benin,BEN,2011,Prévalence tuberculose,MDG_0000000026,613.3767351,,WHO,2025-10-05
Benin,BEN,2000,Prévalence tuberculose,MDG_0000000026,529.469584,,WHO,2025-10-05
Benin,BEN,2006,Prévalence tuberculose,MDG_0000000026,509.4485935,,WHO,2025-10-05
Benin,BEN,2007,Prévalence tuberculose,MDG_0000000026,500.8453953,,WHO,2025-10-05
Benin,BEN,2017,Prévalence tuberculose,MDG_0000000026,591.6453425,,WHO,2025-10-05
Benin,BEN,2022,Prévalence tuberculose,MDG_0000000026,547.0724406,,WHO,2025-10-05
Benin,BEN,2021,Prévalence tuberculose,MDG_0000000026,583.5752638,,WHO,2025-10-05
Benin,BEN,2010,Prévalence tuberculose,MDG_0000000026,606.7153638,,WHO,2025-10-05
Benin,BEN,2008,Prévalence tuberculose,MDG_0000000026,563.3792299,,WHO,2025-10-05
Benin,BEN,2004,Prévalence tuberculose,MDG_0000000026,530.5896076,,WHO,2025-10-05
Benin,BEN,2009,Prévalence tuberculose,MDG_0000000026,597.9590022,,WHO,2025-10-05
Benin,BEN,2018,Prévalence tuberculose,MDG_0000000026,585.4842368,,WHO,2025-10-05
Benin,BEN,2016,Prévalence tuberculose,MDG_0000000026,604.1792932,,WHO,2025-10-05
Benin,BEN,2015,Prévalence tuberculose,MDG_0000000026,606.4238477,,WHO,2025-10-05
Benin,BEN,2023,Prévalence tuberculose,MDG_0000000026,518.2329466,,WHO,2025-10-05
Benin,BEN,2003,Taux incidence paludisme,MDG_0000000029,1.4,,WHO,2025-10-05
Benin,BEN,2004,Taux incidence paludisme,MDG_0000000029,1.3,,WHO,2025-10-05
Benin,BEN,2012,Taux incidence paludisme,MDG_0000000029,1.1,,WHO,2025-10-05
Benin,BEN,2002,Taux incidence paludisme,MDG_0000000029,1.4,,WHO,2025-10-05
Benin,BEN,2013,Taux incidence paludisme,MDG_0000000029,1.1,,WHO,2025-10-05
Benin,BEN,2024,Taux incidence paludisme,MDG_0000000029,0.7,,WHO,2025-10-05
Benin,BEN,2005,Taux incidence paludisme,MDG_0000000029,1.3,,WHO,2025-10-05
Benin,BEN,2021,Taux incidence paludisme,MDG_0000000029,0.8,,WHO,2025-10-05
Benin,BEN,2008,Taux incidence paludisme,MDG_0000000029,1.1,,WHO,2025-10-05
Benin,BEN,2007,Taux incidence paludisme,MDG_0000000029,1.2,,WHO,2025-10-05
Benin,BEN,2016,Taux incidence paludisme,MDG_0000000029,1.0,,WHO,2025-10-05
Benin,BEN,2010,Taux incidence paludisme,MDG_0000000029,1.1,,WHO,2025-10-05
Benin,BEN,2011,Taux incidence paludisme,MDG_0000000029,1.1,,WHO,2025-10-05
Benin,BEN,2019,Taux incidence paludisme,MDG_0000000029,0.9,,WHO,2025-10-05
Benin,BEN,2018,Taux incidence paludisme,MDG_0000000029,0.9,,WHO,2025-10-05
Benin,BEN,2006,Taux incidence paludisme,MDG_0000000029,1.2,,WHO,2025-10-05
Benin,BEN,2014,Taux incidence paludisme,MDG_0000000029,1.0,,WHO,2025-10-05
Benin,BEN,2015,Taux incidence paludisme,MDG_0000000029,1.0,,WHO,2025-10-05
Benin,BEN,2023,Taux incidence paludisme,MDG_0000000029,0.7,,WHO,2025-10-05
Benin,BEN,2022,Taux incidence paludisme,MDG_0000000029,0.7,,WHO,2025-10-05
Benin,BEN,2020,Taux incidence paludisme,MDG_0000000029,0.8,,WHO,2025-10-05
Benin,BEN,2009,Taux incidence paludisme,MDG_0000000029,1.1,,WHO,2025-10-05
Benin,BEN,2000,Taux incidence paludisme,MDG_0000000029,1.5,,WHO,2025-10-05
Benin,BEN,2017,Taux incidence paludisme,MDG_0000000029,0.9,,WHO,2025-10-05
Benin,BEN,2001,Taux incidence paludisme,MDG_0000000029,1.4,,WHO,2025-10-05
