country,country_code,year,indicator,indicator_code,value,unit,category,source,collection_date
Benin,BEN,2022,Taux d'alphabétisation adultes,SE.ADT.LITR.ZS,47.0999984741211,%,Education,World Bank,2025-10-05
Benin,BEN,2021,Taux d'alphabétisation adultes,SE.ADT.LITR.ZS,43.834171295166,%,Education,World Bank,2025-10-05
Benin,BEN,2017,Taux d'alphabétisation adultes,SE.ADT.LITR.ZS,38.871208190918,%,Education,World Bank,2025-10-05
Benin,BEN,2012,Taux d'alphabétisation adultes,SE.ADT.LITR.ZS,32.9488182067871,%,Education,World Bank,2025-10-05
Benin,BEN,2006,Taux d'alphabétisation adultes,SE.ADT.LITR.ZS,28.7021102905273,%,Education,World Bank,2025-10-05
Benin,BEN,2002,Taux d'alphabétisation adultes,SE.ADT.LITR.ZS,35.0,%,Education,World Bank,2025-10-05
Benin,BEN,2022,Taux scolarisation primaire,SE.PRM.ENRR,113.04891204834,%,Education,World Bank,2025-10-05
Benin,BEN,2021,Taux scolarisation primaire,SE.PRM.ENRR,110.70588684082,%,Education,World Bank,2025-10-05
Benin,BEN,2020,Taux scolarisation primaire,SE.PRM.ENRR,109.148918151855,%,Education,World Bank,2025-10-05
Benin,BEN,2019,Taux scolarisation primaire,SE.PRM.ENRR,112.029891967773,%,Education,World Bank,2025-10-05
Benin,BEN,2018,Taux scolarisation primaire,SE.PRM.ENRR,117.116798400879,%,Education,World Bank,2025-10-05
Benin,BEN,2017,Taux scolarisation primaire,SE.PRM.ENRR,121.606216430664,%,Education,World Bank,2025-10-05
Benin,BEN,2016,Taux scolarisation primaire,SE.PRM.ENRR,125.554527282715,%,Education,World Bank,2025-10-05
Benin,BEN,2015,Taux scolarisation primaire,SE.PRM.ENRR,127.121139526367,%,Education,World Bank,2025-10-05
Benin,BEN,2014,Taux scolarisation primaire,SE.PRM.ENRR,124.522239685059,%,Education,World Bank,2025-10-05
Benin,BEN,2013,Taux scolarisation primaire,SE.PRM.ENRR,124.061050415039,%,Education,World Bank,2025-10-05
Benin,BEN,2012,Taux scolarisation primaire,SE.PRM.ENRR,123.163383483887,%,Education,World Bank,2025-10-05
Benin,BEN,2011,Taux scolarisation primaire,SE.PRM.ENRR,119.239990234375,%,Education,World Bank,2025-10-05
Benin,BEN,2010,Taux scolarisation primaire,SE.PRM.ENRR,117.383979797363,%,Education,World Bank,2025-10-05
Benin,BEN,2009,Taux scolarisation primaire,SE.PRM.ENRR,116.08260345459,%,Education,World Bank,2025-10-05
Benin,BEN,2008,Taux scolarisation primaire,SE.PRM.ENRR,110.888137817383,%,Education,World Bank,2025-10-05
Benin,BEN,2006,Taux scolarisation primaire,SE.PRM.ENRR,97.9188232421875,%,Education,World Bank,2025-10-05
Benin,BEN,2005,Taux scolarisation primaire,SE.PRM.ENRR,97.6395721435547,%,Education,World Bank,2025-10-05
Benin,BEN,2004,Taux scolarisation primaire,SE.PRM.ENRR,100.354598999023,%,Education,World Bank,2025-10-05
Benin,BEN,2003,Taux scolarisation primaire,SE.PRM.ENRR,96.3288879394531,%,Education,World Bank,2025-10-05
Benin,BEN,2002,Taux scolarisation primaire,SE.PRM.ENRR,92.6105804443359,%,Education,World Bank,2025-10-05
Benin,BEN,2001,Taux scolarisation primaire,SE.PRM.ENRR,87.4075012207031,%,Education,World Bank,2025-10-05
Benin,BEN,2000,Taux scolarisation primaire,SE.PRM.ENRR,80.111213684082,%,Education,World Bank,2025-10-05
Benin,BEN,2022,Taux scolarisation secondaire,SE.SEC.ENRR,45.3651695251465,%,Education,World Bank,2025-10-05
Benin,BEN,2021,Taux scolarisation secondaire,SE.SEC.ENRR,46.0770416259766,%,Education,World Bank,2025-10-05
Benin,BEN,2020,Taux scolarisation secondaire,SE.SEC.ENRR,45.7407913208008,%,Education,World Bank,2025-10-05
Benin,BEN,2016,Taux scolarisation secondaire,SE.SEC.ENRR,57.529670715332,%,Education,World Bank,2025-10-05
Benin,BEN,2015,Taux scolarisation secondaire,SE.SEC.ENRR,57.3949584960938,%,Education,World Bank,2025-10-05
Benin,BEN,2014,Taux scolarisation secondaire,SE.SEC.ENRR,54.7326316833496,%,Education,World Bank,2025-10-05
Benin,BEN,2013,Taux scolarisation secondaire,SE.SEC.ENRR,54.0870780944824,%,Education,World Bank,2025-10-05
Benin,BEN,2011,Taux scolarisation secondaire,SE.SEC.ENRR,47.4146003723145,%,Education,World Bank,2025-10-05
Benin,BEN,2004,Taux scolarisation secondaire,SE.SEC.ENRR,27.7856101989746,%,Education,World Bank,2025-10-05
Benin,BEN,2003,Taux scolarisation secondaire,SE.SEC.ENRR,25.9423904418945,%,Education,World Bank,2025-10-05
Benin,BEN,2002,Taux scolarisation secondaire,SE.SEC.ENRR,24.5954608917236,%,Education,World Bank,2025-10-05
Benin,BEN,2001,Taux scolarisation secondaire,SE.SEC.ENRR,22.6525707244873,%,Education,World Bank,2025-10-05
Benin,BEN,2000,Taux scolarisation secondaire,SE.SEC.ENRR,20.8747406005859,%,Education,World Bank,2025-10-05
Benin,BEN,2022,Taux scolarisation tertiaire,SE.TER.ENRR,10.647970199585,%,Education,World Bank,2025-10-05
Benin,BEN,2021,Taux scolarisation tertiaire,SE.TER.ENRR,10.2315101623535,%,Education,World Bank,2025-10-05
Benin,BEN,2020,Taux scolarisation tertiaire,SE.TER.ENRR,10.8024797439575,%,Education,World Bank,2025-10-05
Benin,BEN,2019,Taux scolarisation tertiaire,SE.TER.ENRR,10.7973299026489,%,Education,World Bank,2025-10-05
Benin,BEN,2018,Taux scolarisation tertiaire,SE.TER.ENRR,12.0070600509644,%,Education,World Bank,2025-10-05
Benin,BEN,2017,Taux scolarisation tertiaire,SE.TER.ENRR,11.7388401031494,%,Education,World Bank,2025-10-05
Benin,BEN,2016,Taux scolarisation tertiaire,SE.TER.ENRR,12.3617095947266,%,Education,World Bank,2025-10-05
Benin,BEN,2015,Taux scolarisation tertiaire,SE.TER.ENRR,12.9073896408081,%,Education,World Bank,2025-10-05
Benin,BEN,2014,Taux scolarisation tertiaire,SE.TER.ENRR,15.196590423584,%,Education,World Bank,2025-10-05
Benin,BEN,2013,Taux scolarisation tertiaire,SE.TER.ENRR,15.3102397918701,%,Education,World Bank,2025-10-05
Benin,BEN,2012,Taux scolarisation tertiaire,SE.TER.ENRR,13.3533802032471,%,Education,World Bank,2025-10-05
Benin,BEN,2011,Taux scolarisation tertiaire,SE.TER.ENRR,12.2822198867798,%,Education,World Bank,2025-10-05
Benin,BEN,2010,Taux scolarisation tertiaire,SE.TER.ENRR,13.1351699829102,%,Education,World Bank,2025-10-05
Benin,BEN,2009,Taux scolarisation tertiaire,SE.TER.ENRR,9.74950981140137,%,Education,World Bank,2025-10-05
Benin,BEN,2008,Taux scolarisation tertiaire,SE.TER.ENRR,7.66394996643066,%,Education,World Bank,2025-10-05
Benin,BEN,2007,Taux scolarisation tertiaire,SE.TER.ENRR,7.7589898109436,%,Education,World Bank,2025-10-05
Benin,BEN,2006,Taux scolarisation tertiaire,SE.TER.ENRR,6.47643995285034,%,Education,World Bank,2025-10-05
Benin,BEN,2005,Taux scolarisation tertiaire,SE.TER.ENRR,5.65152978897095,%,Education,World Bank,2025-10-05
Benin,BEN,2004,Taux scolarisation tertiaire,SE.TER.ENRR,5.71906995773315,%,Education,World Bank,2025-10-05
Benin,BEN,2003,Taux scolarisation tertiaire,SE.TER.ENRR,5.66462993621826,%,Education,World Bank,2025-10-05
Benin,BEN,2002,Taux scolarisation tertiaire,SE.TER.ENRR,5.1319899559021,%,Education,World Bank,2025-10-05
Benin,BEN,2001,Taux scolarisation tertiaire,SE.TER.ENRR,4.36625003814697,%,Education,World Bank,2025-10-05
Benin,BEN,2000,Taux scolarisation tertiaire,SE.TER.ENRR,3.62698006629944,%,Education,World Bank,2025-10-05
Benin,BEN,2022,Dépenses éducation (% PIB),SE.XPD.TOTL.GD.ZS,3.37785911560059,%,Education,World Bank,2025-10-05
Benin,BEN,2021,Dépenses éducation (% PIB),SE.XPD.TOTL.GD.ZS,3.20348429679871,%,Education,World Bank,2025-10-05
Benin,BEN,2020,Dépenses éducation (% PIB),SE.XPD.TOTL.GD.ZS,3.09441518783569,%,Education,World Bank,2025-10-05
Benin,BEN,2019,Dépenses éducation (% PIB),SE.XPD.TOTL.GD.ZS,2.96520113945007,%,Education,World Bank,2025-10-05
Benin,BEN,2018,Dépenses éducation (% PIB),SE.XPD.TOTL.GD.ZS,2.93161988258362,%,Education,World Bank,2025-10-05
Benin,BEN,2017,Dépenses éducation (% PIB),SE.XPD.TOTL.GD.ZS,3.53558993339539,%,Education,World Bank,2025-10-05
Benin,BEN,2016,Dépenses éducation (% PIB),SE.XPD.TOTL.GD.ZS,2.89910006523132,%,Education,World Bank,2025-10-05
Benin,BEN,2015,Dépenses éducation (% PIB),SE.XPD.TOTL.GD.ZS,3.17298007011414,%,Education,World Bank,2025-10-05
Benin,BEN,2014,Dépenses éducation (% PIB),SE.XPD.TOTL.GD.ZS,3.161789894104,%,Education,World Bank,2025-10-05
Benin,BEN,2013,Dépenses éducation (% PIB),SE.XPD.TOTL.GD.ZS,3.3275101184845,%,Education,World Bank,2025-10-05
Benin,BEN,2012,Dépenses éducation (% PIB),SE.XPD.TOTL.GD.ZS,3.56202006340027,%,Education,World Bank,2025-10-05
Benin,BEN,2011,Dépenses éducation (% PIB),SE.XPD.TOTL.GD.ZS,4.40000009536743,%,Education,World Bank,2025-10-05
Benin,BEN,2010,Dépenses éducation (% PIB),SE.XPD.TOTL.GD.ZS,3.67997002601624,%,Education,World Bank,2025-10-05
Benin,BEN,2009,Dépenses éducation (% PIB),SE.XPD.TOTL.GD.ZS,3.08927011489868,%,Education,World Bank,2025-10-05
Benin,BEN,2008,Dépenses éducation (% PIB),SE.XPD.TOTL.GD.ZS,2.77728009223938,%,Education,World Bank,2025-10-05
Benin,BEN,2007,Dépenses éducation (% PIB),SE.XPD.TOTL.GD.ZS,2.36331009864807,%,Education,World Bank,2025-10-05
Benin,BEN,2006,Dépenses éducation (% PIB),SE.XPD.TOTL.GD.ZS,2.56340003013611,%,Education,World Bank,2025-10-05
Benin,BEN,2005,Dépenses éducation (% PIB),SE.XPD.TOTL.GD.ZS,2.6566801071167,%,Education,World Bank,2025-10-05
Benin,BEN,2004,Dépenses éducation (% PIB),SE.XPD.TOTL.GD.ZS,2.56690001487732,%,Education,World Bank,2025-10-05
Benin,BEN,2003,Dépenses éducation (% PIB),SE.XPD.TOTL.GD.ZS,2.28315997123718,%,Education,World Bank,2025-10-05
Benin,BEN,2002,Dépenses éducation (% PIB),SE.XPD.TOTL.GD.ZS,2.15949010848999,%,Education,World Bank,2025-10-05
Benin,BEN,2001,Dépenses éducation (% PIB),SE.XPD.TOTL.GD.ZS,2.36509990692139,%,Education,World Bank,2025-10-05
Benin,BEN,2000,Dépenses éducation (% PIB),SE.XPD.TOTL.GD.ZS,2.11366009712219,%,Education,World Bank,2025-10-05
Benin,BEN,2022,Taux achèvement primaire,SE.PRM.CMPT.ZS,64.5733337402344,%,Autre,World Bank,2025-10-05
Benin,BEN,2021,Taux achèvement primaire,SE.PRM.CMPT.ZS,70.7910232543945,%,Autre,World Bank,2025-10-05
Benin,BEN,2020,Taux achèvement primaire,SE.PRM.CMPT.ZS,60.2596817016602,%,Autre,World Bank,2025-10-05
Benin,BEN,2019,Taux achèvement primaire,SE.PRM.CMPT.ZS,61.7928314208984,%,Autre,World Bank,2025-10-05
Benin,BEN,2016,Taux achèvement primaire,SE.PRM.CMPT.ZS,77.419189453125,%,Autre,World Bank,2025-10-05
Benin,BEN,2015,Taux achèvement primaire,SE.PRM.CMPT.ZS,78.0327072143555,%,Autre,World Bank,2025-10-05
Benin,BEN,2014,Taux achèvement primaire,SE.PRM.CMPT.ZS,77.3113479614258,%,Autre,World Bank,2025-10-05
Benin,BEN,2013,Taux achèvement primaire,SE.PRM.CMPT.ZS,76.898193359375,%,Autre,World Bank,2025-10-05
Benin,BEN,2012,Taux achèvement primaire,SE.PRM.CMPT.ZS,71.6108627319336,%,Autre,World Bank,2025-10-05
Benin,BEN,2011,Taux achèvement primaire,SE.PRM.CMPT.ZS,70.1288681030273,%,Autre,World Bank,2025-10-05
Benin,BEN,2010,Taux achèvement primaire,SE.PRM.CMPT.ZS,65.3145980834961,%,Autre,World Bank,2025-10-05
Benin,BEN,2008,Taux achèvement primaire,SE.PRM.CMPT.ZS,61.858570098877,%,Autre,World Bank,2025-10-05
Benin,BEN,2004,Taux achèvement primaire,SE.PRM.CMPT.ZS,50.4555587768555,%,Autre,World Bank,2025-10-05
Benin,BEN,2003,Taux achèvement primaire,SE.PRM.CMPT.ZS,46.5348091125488,%,Autre,World Bank,2025-10-05
Benin,BEN,2002,Taux achèvement primaire,SE.PRM.CMPT.ZS,42.2971992492676,%,Autre,World Bank,2025-10-05
Benin,BEN,2001,Taux achèvement primaire,SE.PRM.CMPT.ZS,40.3337211608887,%,Autre,World Bank,2025-10-05
Benin,BEN,2000,Taux achèvement primaire,SE.PRM.CMPT.ZS,36.3207397460938,%,Autre,World Bank,2025-10-05
Benin,BEN,2023,Mortalité infantile (pour 1000),SH.DYN.MORT,77.9,pour 1000,Santé,World Bank,2025-10-05
Benin,BEN,2022,Mortalité infantile (pour 1000),SH.DYN.MORT,80.4,pour 1000,Santé,World Bank,2025-10-05
Benin,BEN,2021,Mortalité infantile (pour 1000),SH.DYN.MORT,83.1,pour 1000,Santé,World Bank,2025-10-05
Benin,BEN,2020,Mortalité infantile (pour 1000),SH.DYN.MORT,85.5,pour 1000,Santé,World Bank,2025-10-05
Benin,BEN,2019,Mortalité infantile (pour 1000),SH.DYN.MORT,88.0,pour 1000,Santé,World Bank,2025-10-05
Benin,BEN,2018,Mortalité infantile (pour 1000),SH.DYN.MORT,90.5,pour 1000,Santé,World Bank,2025-10-05
Benin,BEN,2017,Mortalité infantile (pour 1000),SH.DYN.MORT,92.7,pour 1000,Santé,World Bank,2025-10-05
Benin,BEN,2016,Mortalité infantile (pour 1000),SH.DYN.MORT,95.0,pour 1000,Santé,World Bank,2025-10-05
Benin,BEN,2015,Mortalité infantile (pour 1000),SH.DYN.MORT,97.1,pour 1000,Santé,World Bank,2025-10-05
Benin,BEN,2014,Mortalité infantile (pour 1000),SH.DYN.MORT,99.3,pour 1000,Santé,World Bank,2025-10-05
Benin,BEN,2013,Mortalité infantile (pour 1000),SH.DYN.MORT,101.6,pour 1000,Santé,World Bank,2025-10-05
Benin,BEN,2012,Mortalité infantile (pour 1000),SH.DYN.MORT,103.9,pour 1000,Santé,World Bank,2025-10-05
Benin,BEN,2011,Mortalité infantile (pour 1000),SH.DYN.MORT,106.2,pour 1000,Santé,World Bank,2025-10-05
Benin,BEN,2010,Mortalité infantile (pour 1000),SH.DYN.MORT,108.4,pour 1000,Santé,World Bank,2025-10-05
Benin,BEN,2009,Mortalité infantile (pour 1000),SH.DYN.MORT,110.6,pour 1000,Santé,World Bank,2025-10-05
Benin,BEN,2008,Mortalité infantile (pour 1000),SH.DYN.MORT,113.0,pour 1000,Santé,World Bank,2025-10-05
Benin,BEN,2007,Mortalité infantile (pour 1000),SH.DYN.MORT,115.4,pour 1000,Santé,World Bank,2025-10-05
Benin,BEN,2006,Mortalité infantile (pour 1000),SH.DYN.MORT,117.9,pour 1000,Santé,World Bank,2025-10-05
Benin,BEN,2005,Mortalité infantile (pour 1000),SH.DYN.MORT,120.6,pour 1000,Santé,World Bank,2025-10-05
Benin,BEN,2004,Mortalité infantile (pour 1000),SH.DYN.MORT,123.5,pour 1000,Santé,World Bank,2025-10-05
Benin,BEN,2003,Mortalité infantile (pour 1000),SH.DYN.MORT,126.5,pour 1000,Santé,World Bank,2025-10-05
Benin,BEN,2002,Mortalité infantile (pour 1000),SH.DYN.MORT,129.6,pour 1000,Santé,World Bank,2025-10-05
Benin,BEN,2001,Mortalité infantile (pour 1000),SH.DYN.MORT,132.8,pour 1000,Santé,World Bank,2025-10-05
Benin,BEN,2000,Mortalité infantile (pour 1000),SH.DYN.MORT,136.1,pour 1000,Santé,World Bank,2025-10-05
Benin,BEN,2023,Mortalité maternelle (pour 100000),SH.STA.MMRT,518.0,pour 1000,Santé,World Bank,2025-10-05
Benin,BEN,2022,Mortalité maternelle (pour 100000),SH.STA.MMRT,547.0,pour 1000,Santé,World Bank,2025-10-05
Benin,BEN,2021,Mortalité maternelle (pour 100000),SH.STA.MMRT,584.0,pour 1000,Santé,World Bank,2025-10-05
Benin,BEN,2020,Mortalité maternelle (pour 100000),SH.STA.MMRT,578.0,pour 1000,Santé,World Bank,2025-10-05
Benin,BEN,2019,Mortalité maternelle (pour 100000),SH.STA.MMRT,572.0,pour 1000,Santé,World Bank,2025-10-05
Benin,BEN,2018,Mortalité maternelle (pour 100000),SH.STA.MMRT,585.0,pour 1000,Santé,World Bank,2025-10-05
Benin,BEN,2017,Mortalité maternelle (pour 100000),SH.STA.MMRT,592.0,pour 1000,Santé,World Bank,2025-10-05
Benin,BEN,2016,Mortalité maternelle (pour 100000),SH.STA.MMRT,604.0,pour 1000,Santé,World Bank,2025-10-05
Benin,BEN,2015,Mortalité maternelle (pour 100000),SH.STA.MMRT,606.0,pour 1000,Santé,World Bank,2025-10-05
Benin,BEN,2014,Mortalité maternelle (pour 100000),SH.STA.MMRT,605.0,pour 1000,Santé,World Bank,2025-10-05
Benin,BEN,2013,Mortalité maternelle (pour 100000),SH.STA.MMRT,607.0,pour 1000,Santé,World Bank,2025-10-05
Benin,BEN,2012,Mortalité maternelle (pour 100000),SH.STA.MMRT,618.0,pour 1000,Santé,World Bank,2025-10-05
Benin,BEN,2011,Mortalité maternelle (pour 100000),SH.STA.MMRT,613.0,pour 1000,Santé,World Bank,2025-10-05
Benin,BEN,2010,Mortalité maternelle (pour 100000),SH.STA.MMRT,607.0,pour 1000,Santé,World Bank,2025-10-05
Benin,BEN,2009,Mortalité maternelle (pour 100000),SH.STA.MMRT,598.0,pour 1000,Santé,World Bank,2025-10-05
Benin,BEN,2008,Mortalité maternelle (pour 100000),SH.STA.MMRT,563.0,pour 1000,Santé,World Bank,2025-10-05
Benin,BEN,2007,Mortalité maternelle (pour 100000),SH.STA.MMRT,501.0,pour 1000,Santé,World Bank,2025-10-05
Benin,BEN,2006,Mortalité maternelle (pour 100000),SH.STA.MMRT,509.0,pour 1000,Santé,World Bank,2025-10-05
Benin,BEN,2005,Mortalité maternelle (pour 100000),SH.STA.MMRT,514.0,pour 1000,Santé,World Bank,2025-10-05
Benin,BEN,2004,Mortalité maternelle (pour 100000),SH.STA.MMRT,531.0,pour 1000,Santé,World Bank,2025-10-05
Benin,BEN,2003,Mortalité maternelle (pour 100000),SH.STA.MMRT,532.0,pour 1000,Santé,World Bank,2025-10-05
Benin,BEN,2002,Mortalité maternelle (pour 100000),SH.STA.MMRT,534.0,pour 1000,Santé,World Bank,2025-10-05
Benin,BEN,2001,Mortalité maternelle (pour 100000),SH.STA.MMRT,532.0,pour 1000,Santé,World Bank,2025-10-05
Benin,BEN,2000,Mortalité maternelle (pour 100000),SH.STA.MMRT,529.0,pour 1000,Santé,World Bank,2025-10-05
Benin,BEN,2023,Taux mortalité infantile,SP.DYN.IMRT.IN,46.4,%,Santé,World Bank,2025-10-05
Benin,BEN,2022,Taux mortalité infantile,SP.DYN.IMRT.IN,47.7,%,Santé,World Bank,2025-10-05
Benin,BEN,2021,Taux mortalité infantile,SP.DYN.IMRT.IN,49.1,%,Santé,World Bank,2025-10-05
Benin,BEN,2020,Taux mortalité infantile,SP.DYN.IMRT.IN,50.4,%,Santé,World Bank,2025-10-05
Benin,BEN,2019,Taux mortalité infantile,SP.DYN.IMRT.IN,51.8,%,Santé,World Bank,2025-10-05
Benin,BEN,2018,Taux mortalité infantile,SP.DYN.IMRT.IN,53.1,%,Santé,World Bank,2025-10-05
Benin,BEN,2017,Taux mortalité infantile,SP.DYN.IMRT.IN,54.4,%,Santé,World Bank,2025-10-05
Benin,BEN,2016,Taux mortalité infantile,SP.DYN.IMRT.IN,55.7,%,Santé,World Bank,2025-10-05
Benin,BEN,2015,Taux mortalité infantile,SP.DYN.IMRT.IN,57.0,%,Santé,World Bank,2025-10-05
Benin,BEN,2014,Taux mortalité infantile,SP.DYN.IMRT.IN,58.3,%,Santé,World Bank,2025-10-05
Benin,BEN,2013,Taux mortalité infantile,SP.DYN.IMRT.IN,59.7,%,Santé,World Bank,2025-10-05
Benin,BEN,2012,Taux mortalité infantile,SP.DYN.IMRT.IN,61.0,%,Santé,World Bank,2025-10-05
Benin,BEN,2011,Taux mortalité infantile,SP.DYN.IMRT.IN,62.4,%,Santé,World Bank,2025-10-05
Benin,BEN,2010,Taux mortalité infantile,SP.DYN.IMRT.IN,63.7,%,Santé,World Bank,2025-10-05
Benin,BEN,2009,Taux mortalité infantile,SP.DYN.IMRT.IN,65.1,%,Santé,World Bank,2025-10-05
Benin,BEN,2008,Taux mortalité infantile,SP.DYN.IMRT.IN,66.4,%,Santé,World Bank,2025-10-05
Benin,BEN,2007,Taux mortalité infantile,SP.DYN.IMRT.IN,67.9,%,Santé,World Bank,2025-10-05
Benin,BEN,2006,Taux mortalité infantile,SP.DYN.IMRT.IN,69.3,%,Santé,World Bank,2025-10-05
Benin,BEN,2005,Taux mortalité infantile,SP.DYN.IMRT.IN,70.9,%,Santé,World Bank,2025-10-05
Benin,BEN,2004,Taux mortalité infantile,SP.DYN.IMRT.IN,72.5,%,Santé,World Bank,2025-10-05
Benin,BEN,2003,Taux mortalité infantile,SP.DYN.IMRT.IN,74.2,%,Santé,World Bank,2025-10-05
Benin,BEN,2002,Taux mortalité infantile,SP.DYN.IMRT.IN,76.0,%,Santé,World Bank,2025-10-05
Benin,BEN,2001,Taux mortalité infantile,SP.DYN.IMRT.IN,77.8,%,Santé,World Bank,2025-10-05
Benin,BEN,2000,Taux mortalité infantile,SP.DYN.IMRT.IN,79.7,%,Santé,World Bank,2025-10-05
Benin,BEN,2022,Dépenses santé (% PIB),SH.XPD.CHEX.GD.ZS,2.67981386,%,Santé,World Bank,2025-10-05
Benin,BEN,2021,Dépenses santé (% PIB),SH.XPD.CHEX.GD.ZS,2.58129549,%,Santé,World Bank,2025-10-05
Benin,BEN,2020,Dépenses santé (% PIB),SH.XPD.CHEX.GD.ZS,2.7123611,%,Santé,World Bank,2025-10-05
Benin,BEN,2019,Dépenses santé (% PIB),SH.XPD.CHEX.GD.ZS,2.50914454,%,Santé,World Bank,2025-10-05
Benin,BEN,2018,Dépenses santé (% PIB),SH.XPD.CHEX.GD.ZS,2.88632035,%,Santé,World Bank,2025-10-05
Benin,BEN,2017,Dépenses santé (% PIB),SH.XPD.CHEX.GD.ZS,2.66813827,%,Santé,World Bank,2025-10-05
Benin,BEN,2016,Dépenses santé (% PIB),SH.XPD.CHEX.GD.ZS,2.79549599,%,Santé,World Bank,2025-10-05
Benin,BEN,2015,Dépenses santé (% PIB),SH.XPD.CHEX.GD.ZS,2.72813416,%,Santé,World Bank,2025-10-05
Benin,BEN,2014,Dépenses santé (% PIB),SH.XPD.CHEX.GD.ZS,2.69111967,%,Santé,World Bank,2025-10-05
Benin,BEN,2013,Dépenses santé (% PIB),SH.XPD.CHEX.GD.ZS,2.86880755,%,Santé,World Bank,2025-10-05
Benin,BEN,2012,Dépenses santé (% PIB),SH.XPD.CHEX.GD.ZS,3.07562971,%,Santé,World Bank,2025-10-05
Benin,BEN,2011,Dépenses santé (% PIB),SH.XPD.CHEX.GD.ZS,2.99707985,%,Santé,World Bank,2025-10-05
Benin,BEN,2010,Dépenses santé (% PIB),SH.XPD.CHEX.GD.ZS,3.00988984,%,Santé,World Bank,2025-10-05
Benin,BEN,2009,Dépenses santé (% PIB),SH.XPD.CHEX.GD.ZS,2.88892651,%,Santé,World Bank,2025-10-05
Benin,BEN,2008,Dépenses santé (% PIB),SH.XPD.CHEX.GD.ZS,2.65178108,%,Santé,World Bank,2025-10-05
Benin,BEN,2007,Dépenses santé (% PIB),SH.XPD.CHEX.GD.ZS,2.93715644,%,Santé,World Bank,2025-10-05
Benin,BEN,2006,Dépenses santé (% PIB),SH.XPD.CHEX.GD.ZS,3.28773856,%,Santé,World Bank,2025-10-05
Benin,BEN,2005,Dépenses santé (% PIB),SH.XPD.CHEX.GD.ZS,3.22345805,%,Santé,World Bank,2025-10-05
Benin,BEN,2004,Dépenses santé (% PIB),SH.XPD.CHEX.GD.ZS,3.23273873,%,Santé,World Bank,2025-10-05
Benin,BEN,2003,Dépenses santé (% PIB),SH.XPD.CHEX.GD.ZS,3.11678505,%,Santé,World Bank,2025-10-05
Benin,BEN,2002,Dépenses santé (% PIB),SH.XPD.CHEX.GD.ZS,3.09589195,%,Santé,World Bank,2025-10-05
Benin,BEN,2001,Dépenses santé (% PIB),SH.XPD.CHEX.GD.ZS,3.30417323,%,Santé,World Bank,2025-10-05
Benin,BEN,2000,Dépenses santé (% PIB),SH.XPD.CHEX.GD.ZS,2.9591713,%,Santé,World Bank,2025-10-05
Benin,BEN,2022,Médecins (pour 1000 hab),SH.MED.PHYS.ZS,0.195,pour 1000,Santé,World Bank,2025-10-05
Benin,BEN,2021,Médecins (pour 1000 hab),SH.MED.PHYS.ZS,0.212,pour 1000,Santé,World Bank,2025-10-05
Benin,BEN,2019,Médecins (pour 1000 hab),SH.MED.PHYS.ZS,0.062,pour 1000,Santé,World Bank,2025-10-05
Benin,BEN,2018,Médecins (pour 1000 hab),SH.MED.PHYS.ZS,0.076,pour 1000,Santé,World Bank,2025-10-05
Benin,BEN,2016,Médecins (pour 1000 hab),SH.MED.PHYS.ZS,0.046,pour 1000,Santé,World Bank,2025-10-05
Benin,BEN,2011,Médecins (pour 1000 hab),SH.MED.PHYS.ZS,0.056,pour 1000,Santé,World Bank,2025-10-05
Benin,BEN,2010,Médecins (pour 1000 hab),SH.MED.PHYS.ZS,0.054,pour 1000,Santé,World Bank,2025-10-05
Benin,BEN,2008,Médecins (pour 1000 hab),SH.MED.PHYS.ZS,0.061,pour 1000,Santé,World Bank,2025-10-05
Benin,BEN,2004,Médecins (pour 1000 hab),SH.MED.PHYS.ZS,0.039,pour 1000,Santé,World Bank,2025-10-05
Benin,BEN,2021,Malnutrition infantile,SH.STA.STNT.ZS,34.1,unité,Autre,World Bank,2025-10-05
Benin,BEN,2018,Malnutrition infantile,SH.STA.STNT.ZS,32.2,unité,Autre,World Bank,2025-10-05
Benin,BEN,2014,Malnutrition infantile,SH.STA.STNT.ZS,34.0,unité,Autre,World Bank,2025-10-05
Benin,BEN,2008,Malnutrition infantile,SH.STA.STNT.ZS,37.4,unité,Autre,World Bank,2025-10-05
Benin,BEN,2001,Malnutrition infantile,SH.STA.STNT.ZS,36.2,unité,Autre,World Bank,2025-10-05
Benin,BEN,2023,Vaccination DTC (% enfants),SH.IMM.IDPT,69.0,%,Santé,World Bank,2025-10-05
Benin,BEN,2022,Vaccination DTC (% enfants),SH.IMM.IDPT,69.0,%,Santé,World Bank,2025-10-05
Benin,BEN,2021,Vaccination DTC (% enfants),SH.IMM.IDPT,70.0,%,Santé,World Bank,2025-10-05
Benin,BEN,2020,Vaccination DTC (% enfants),SH.IMM.IDPT,70.0,%,Santé,World Bank,2025-10-05
Benin,BEN,2019,Vaccination DTC (% enfants),SH.IMM.IDPT,72.0,%,Santé,World Bank,2025-10-05
Benin,BEN,2018,Vaccination DTC (% enfants),SH.IMM.IDPT,73.0,%,Santé,World Bank,2025-10-05
Benin,BEN,2017,Vaccination DTC (% enfants),SH.IMM.IDPT,75.0,%,Santé,World Bank,2025-10-05
Benin,BEN,2016,Vaccination DTC (% enfants),SH.IMM.IDPT,76.0,%,Santé,World Bank,2025-10-05
Benin,BEN,2015,Vaccination DTC (% enfants),SH.IMM.IDPT,74.0,%,Santé,World Bank,2025-10-05
Benin,BEN,2014,Vaccination DTC (% enfants),SH.IMM.IDPT,74.0,%,Santé,World Bank,2025-10-05
Benin,BEN,2013,Vaccination DTC (% enfants),SH.IMM.IDPT,77.0,%,Santé,World Bank,2025-10-05
Benin,BEN,2012,Vaccination DTC (% enfants),SH.IMM.IDPT,80.0,%,Santé,World Bank,2025-10-05
Benin,BEN,2011,Vaccination DTC (% enfants),SH.IMM.IDPT,75.0,%,Santé,World Bank,2025-10-05
Benin,BEN,2010,Vaccination DTC (% enfants),SH.IMM.IDPT,76.0,%,Santé,World Bank,2025-10-05
Benin,BEN,2009,Vaccination DTC (% enfants),SH.IMM.IDPT,79.0,%,Santé,World Bank,2025-10-05
Benin,BEN,2008,Vaccination DTC (% enfants),SH.IMM.IDPT,75.0,%,Santé,World Bank,2025-10-05
Benin,BEN,2007,Vaccination DTC (% enfants),SH.IMM.IDPT,82.0,%,Santé,World Bank,2025-10-05
Benin,BEN,2006,Vaccination DTC (% enfants),SH.IMM.IDPT,74.0,%,Santé,World Bank,2025-10-05
Benin,BEN,2005,Vaccination DTC (% enfants),SH.IMM.IDPT,70.0,%,Santé,World Bank,2025-10-05
Benin,BEN,2004,Vaccination DTC (% enfants),SH.IMM.IDPT,72.0,%,Santé,World Bank,2025-10-05
Benin,BEN,2003,Vaccination DTC (% enfants),SH.IMM.IDPT,73.0,%,Santé,World Bank,2025-10-05
Benin,BEN,2002,Vaccination DTC (% enfants),SH.IMM.IDPT,75.0,%,Santé,World Bank,2025-10-05
Benin,BEN,2001,Vaccination DTC (% enfants),SH.IMM.IDPT,76.0,%,Santé,World Bank,2025-10-05
Benin,BEN,2000,Vaccination DTC (% enfants),SH.IMM.IDPT,78.0,%,Santé,World Bank,2025-10-05
Benin,BEN,2023,Vaccination rougeole,SH.IMM.MEAS,52.0,unité,Santé,World Bank,2025-10-05
Benin,BEN,2022,Vaccination rougeole,SH.IMM.MEAS,52.0,unité,Santé,World Bank,2025-10-05
Benin,BEN,2021,Vaccination rougeole,SH.IMM.MEAS,53.0,unité,Santé,World Bank,2025-10-05
Benin,BEN,2020,Vaccination rougeole,SH.IMM.MEAS,54.0,unité,Santé,World Bank,2025-10-05
Benin,BEN,2019,Vaccination rougeole,SH.IMM.MEAS,58.0,unité,Santé,World Bank,2025-10-05
Benin,BEN,2018,Vaccination rougeole,SH.IMM.MEAS,61.0,unité,Santé,World Bank,2025-10-05
Benin,BEN,2017,Vaccination rougeole,SH.IMM.MEAS,65.0,unité,Santé,World Bank,2025-10-05
Benin,BEN,2016,Vaccination rougeole,SH.IMM.MEAS,68.0,unité,Santé,World Bank,2025-10-05
Benin,BEN,2015,Vaccination rougeole,SH.IMM.MEAS,67.0,unité,Santé,World Bank,2025-10-05
Benin,BEN,2014,Vaccination rougeole,SH.IMM.MEAS,65.0,unité,Santé,World Bank,2025-10-05
Benin,BEN,2013,Vaccination rougeole,SH.IMM.MEAS,68.0,unité,Santé,World Bank,2025-10-05
Benin,BEN,2012,Vaccination rougeole,SH.IMM.MEAS,74.0,unité,Santé,World Bank,2025-10-05
Benin,BEN,2011,Vaccination rougeole,SH.IMM.MEAS,70.0,unité,Santé,World Bank,2025-10-05
Benin,BEN,2010,Vaccination rougeole,SH.IMM.MEAS,68.0,unité,Santé,World Bank,2025-10-05
Benin,BEN,2009,Vaccination rougeole,SH.IMM.MEAS,71.0,unité,Santé,World Bank,2025-10-05
Benin,BEN,2008,Vaccination rougeole,SH.IMM.MEAS,66.0,unité,Santé,World Bank,2025-10-05
Benin,BEN,2007,Vaccination rougeole,SH.IMM.MEAS,70.0,unité,Santé,World Bank,2025-10-05
Benin,BEN,2006,Vaccination rougeole,SH.IMM.MEAS,66.0,unité,Santé,World Bank,2025-10-05
Benin,BEN,2005,Vaccination rougeole,SH.IMM.MEAS,61.0,unité,Santé,World Bank,2025-10-05
Benin,BEN,2004,Vaccination rougeole,SH.IMM.MEAS,63.0,unité,Santé,World Bank,2025-10-05
Benin,BEN,2003,Vaccination rougeole,SH.IMM.MEAS,65.0,unité,Santé,World Bank,2025-10-05
Benin,BEN,2002,Vaccination rougeole,SH.IMM.MEAS,66.0,unité,Santé,World Bank,2025-10-05
Benin,BEN,2001,Vaccination rougeole,SH.IMM.MEAS,68.0,unité,Santé,World Bank,2025-10-05
Benin,BEN,2000,Vaccination rougeole,SH.IMM.MEAS,70.0,unité,Santé,World Bank,2025-10-05
Benin,BEN,2022,Prévalence VIH (% 15-49 ans),SH.DYN.AIDS.ZS,0.8,%,Santé,World Bank,2025-10-05
Benin,BEN,2021,Prévalence VIH (% 15-49 ans),SH.DYN.AIDS.ZS,0.8,%,Santé,World Bank,2025-10-05
Benin,BEN,2020,Prévalence VIH (% 15-49 ans),SH.DYN.AIDS.ZS,0.9,%,Santé,World Bank,2025-10-05
Benin,BEN,2019,Prévalence VIH (% 15-49 ans),SH.DYN.AIDS.ZS,0.9,%,Santé,World Bank,2025-10-05
Benin,BEN,2018,Prévalence VIH (% 15-49 ans),SH.DYN.AIDS.ZS,1.0,%,Santé,World Bank,2025-10-05
Benin,BEN,2017,Prévalence VIH (% 15-49 ans),SH.DYN.AIDS.ZS,1.0,%,Santé,World Bank,2025-10-05
Benin,BEN,2016,Prévalence VIH (% 15-49 ans),SH.DYN.AIDS.ZS,1.1,%,Santé,World Bank,2025-10-05
Benin,BEN,2015,Prévalence VIH (% 15-49 ans),SH.DYN.AIDS.ZS,1.1,%,Santé,World Bank,2025-10-05
Benin,BEN,2014,Prévalence VIH (% 15-49 ans),SH.DYN.AIDS.ZS,1.1,%,Santé,World Bank,2025-10-05
Benin,BEN,2013,Prévalence VIH (% 15-49 ans),SH.DYN.AIDS.ZS,1.2,%,Santé,World Bank,2025-10-05
Benin,BEN,2012,Prévalence VIH (% 15-49 ans),SH.DYN.AIDS.ZS,1.2,%,Santé,World Bank,2025-10-05
Benin,BEN,2011,Prévalence VIH (% 15-49 ans),SH.DYN.AIDS.ZS,1.2,%,Santé,World Bank,2025-10-05
Benin,BEN,2010,Prévalence VIH (% 15-49 ans),SH.DYN.AIDS.ZS,1.2,%,Santé,World Bank,2025-10-05
Benin,BEN,2009,Prévalence VIH (% 15-49 ans),SH.DYN.AIDS.ZS,1.2,%,Santé,World Bank,2025-10-05
Benin,BEN,2008,Prévalence VIH (% 15-49 ans),SH.DYN.AIDS.ZS,1.2,%,Santé,World Bank,2025-10-05
Benin,BEN,2007,Prévalence VIH (% 15-49 ans),SH.DYN.AIDS.ZS,1.3,%,Santé,World Bank,2025-10-05
Benin,BEN,2006,Prévalence VIH (% 15-49 ans),SH.DYN.AIDS.ZS,1.3,%,Santé,World Bank,2025-10-05
Benin,BEN,2005,Prévalence VIH (% 15-49 ans),SH.DYN.AIDS.ZS,1.4,%,Santé,World Bank,2025-10-05
Benin,BEN,2004,Prévalence VIH (% 15-49 ans),SH.DYN.AIDS.ZS,1.4,%,Santé,World Bank,2025-10-05
Benin,BEN,2003,Prévalence VIH (% 15-49 ans),SH.DYN.AIDS.ZS,1.5,%,Santé,World Bank,2025-10-05
Benin,BEN,2002,Prévalence VIH (% 15-49 ans),SH.DYN.AIDS.ZS,1.5,%,Santé,World Bank,2025-10-05
Benin,BEN,2001,Prévalence VIH (% 15-49 ans),SH.DYN.AIDS.ZS,1.5,%,Santé,World Bank,2025-10-05
Benin,BEN,2000,Prévalence VIH (% 15-49 ans),SH.DYN.AIDS.ZS,1.6,%,Santé,World Bank,2025-10-05
Benin,BEN,2023,Accès électricité (%),EG.ELC.ACCS.ZS,57.0,%,Infrastructure,World Bank,2025-10-05
Benin,BEN,2022,Accès électricité (%),EG.ELC.ACCS.ZS,56.5,%,Infrastructure,World Bank,2025-10-05
Benin,BEN,2021,Accès électricité (%),EG.ELC.ACCS.ZS,42.0,%,Infrastructure,World Bank,2025-10-05
Benin,BEN,2020,Accès électricité (%),EG.ELC.ACCS.ZS,41.0,%,Infrastructure,World Bank,2025-10-05
Benin,BEN,2019,Accès électricité (%),EG.ELC.ACCS.ZS,40.0,%,Infrastructure,World Bank,2025-10-05
Benin,BEN,2018,Accès électricité (%),EG.ELC.ACCS.ZS,39.0,%,Infrastructure,World Bank,2025-10-05
Benin,BEN,2017,Accès électricité (%),EG.ELC.ACCS.ZS,34.5,%,Infrastructure,World Bank,2025-10-05
Benin,BEN,2016,Accès électricité (%),EG.ELC.ACCS.ZS,37.0,%,Infrastructure,World Bank,2025-10-05
Benin,BEN,2015,Accès électricité (%),EG.ELC.ACCS.ZS,29.6,%,Infrastructure,World Bank,2025-10-05
Benin,BEN,2014,Accès électricité (%),EG.ELC.ACCS.ZS,34.1,%,Infrastructure,World Bank,2025-10-05
Benin,BEN,2013,Accès électricité (%),EG.ELC.ACCS.ZS,34.7,%,Infrastructure,World Bank,2025-10-05
Benin,BEN,2012,Accès électricité (%),EG.ELC.ACCS.ZS,38.4,%,Infrastructure,World Bank,2025-10-05
Benin,BEN,2011,Accès électricité (%),EG.ELC.ACCS.ZS,36.9,%,Infrastructure,World Bank,2025-10-05
Benin,BEN,2010,Accès électricité (%),EG.ELC.ACCS.ZS,34.2,%,Infrastructure,World Bank,2025-10-05
Benin,BEN,2009,Accès électricité (%),EG.ELC.ACCS.ZS,30.0,%,Infrastructure,World Bank,2025-10-05
Benin,BEN,2008,Accès électricité (%),EG.ELC.ACCS.ZS,29.0,%,Infrastructure,World Bank,2025-10-05
Benin,BEN,2007,Accès électricité (%),EG.ELC.ACCS.ZS,28.0,%,Infrastructure,World Bank,2025-10-05
Benin,BEN,2006,Accès électricité (%),EG.ELC.ACCS.ZS,27.9,%,Infrastructure,World Bank,2025-10-05
Benin,BEN,2005,Accès électricité (%),EG.ELC.ACCS.ZS,26.1,%,Infrastructure,World Bank,2025-10-05
Benin,BEN,2004,Accès électricité (%),EG.ELC.ACCS.ZS,25.2,%,Infrastructure,World Bank,2025-10-05
Benin,BEN,2003,Accès électricité (%),EG.ELC.ACCS.ZS,24.3,%,Infrastructure,World Bank,2025-10-05
Benin,BEN,2002,Accès électricité (%),EG.ELC.ACCS.ZS,23.4,%,Infrastructure,World Bank,2025-10-05
Benin,BEN,2001,Accès électricité (%),EG.ELC.ACCS.ZS,21.9,%,Infrastructure,World Bank,2025-10-05
Benin,BEN,2000,Accès électricité (%),EG.ELC.ACCS.ZS,21.5,%,Infrastructure,World Bank,2025-10-05
Benin,BEN,2022,Accès assainissement de base,SH.STA.BASS.ZS,19.4935017104267,unité,Infrastructure,World Bank,2025-10-05
Benin,BEN,2021,Accès assainissement de base,SH.STA.BASS.ZS,19.3816144059671,unité,Infrastructure,World Bank,2025-10-05
Benin,BEN,2020,Accès assainissement de base,SH.STA.BASS.ZS,19.2707223290055,unité,Infrastructure,World Bank,2025-10-05
Benin,BEN,2019,Accès assainissement de base,SH.STA.BASS.ZS,18.6298545928192,unité,Infrastructure,World Bank,2025-10-05
Benin,BEN,2018,Accès assainissement de base,SH.STA.BASS.ZS,17.9998030901084,unité,Infrastructure,World Bank,2025-10-05
Benin,BEN,2017,Accès assainissement de base,SH.STA.BASS.ZS,17.3806539321045,unité,Infrastructure,World Bank,2025-10-05
Benin,BEN,2016,Accès assainissement de base,SH.STA.BASS.ZS,16.7724928532971,unité,Infrastructure,World Bank,2025-10-05
Benin,BEN,2015,Accès assainissement de base,SH.STA.BASS.ZS,16.17540036159,unité,Infrastructure,World Bank,2025-10-05
Benin,BEN,2014,Accès assainissement de base,SH.STA.BASS.ZS,15.5894570732653,unité,Infrastructure,World Bank,2025-10-05
Benin,BEN,2013,Accès assainissement de base,SH.STA.BASS.ZS,15.0147440721455,unité,Infrastructure,World Bank,2025-10-05
Benin,BEN,2012,Accès assainissement de base,SH.STA.BASS.ZS,14.4517136045026,unité,Infrastructure,World Bank,2025-10-05
Benin,BEN,2011,Accès assainissement de base,SH.STA.BASS.ZS,13.8991204082012,unité,Infrastructure,World Bank,2025-10-05
Benin,BEN,2010,Accès assainissement de base,SH.STA.BASS.ZS,13.3574318576564,unité,Infrastructure,World Bank,2025-10-05
Benin,BEN,2009,Accès assainissement de base,SH.STA.BASS.ZS,12.8267358396861,unité,Infrastructure,World Bank,2025-10-05
Benin,BEN,2008,Accès assainissement de base,SH.STA.BASS.ZS,12.3071178648893,unité,Infrastructure,World Bank,2025-10-05
Benin,BEN,2007,Accès assainissement de base,SH.STA.BASS.ZS,11.7983015321379,unité,Infrastructure,World Bank,2025-10-05
Benin,BEN,2006,Accès assainissement de base,SH.STA.BASS.ZS,11.3007400084745,unité,Infrastructure,World Bank,2025-10-05
Benin,BEN,2005,Accès assainissement de base,SH.STA.BASS.ZS,10.814694218731,unité,Infrastructure,World Bank,2025-10-05
Benin,BEN,2004,Accès assainissement de base,SH.STA.BASS.ZS,10.3400677635835,unité,Infrastructure,World Bank,2025-10-05
Benin,BEN,2003,Accès assainissement de base,SH.STA.BASS.ZS,9.87676965998667,unité,Infrastructure,World Bank,2025-10-05
Benin,BEN,2002,Accès assainissement de base,SH.STA.BASS.ZS,9.42522879725803,unité,Infrastructure,World Bank,2025-10-05
Benin,BEN,2001,Accès assainissement de base,SH.STA.BASS.ZS,9.00424752605042,unité,Infrastructure,World Bank,2025-10-05
Benin,BEN,2000,Accès assainissement de base,SH.STA.BASS.ZS,8.60566700510411,unité,Infrastructure,World Bank,2025-10-05
Benin,BEN,2023,Utilisateurs internet (%),IT.NET.USER.ZS,32.2,%,Infrastructure,World Bank,2025-10-05
Benin,BEN,2022,Utilisateurs internet (%),IT.NET.USER.ZS,30.0,%,Infrastructure,World Bank,2025-10-05
Benin,BEN,2021,Utilisateurs internet (%),IT.NET.USER.ZS,28.2,%,Infrastructure,World Bank,2025-10-05
Benin,BEN,2020,Utilisateurs internet (%),IT.NET.USER.ZS,22.1,%,Infrastructure,World Bank,2025-10-05
Benin,BEN,2019,Utilisateurs internet (%),IT.NET.USER.ZS,20.5,%,Infrastructure,World Bank,2025-10-05
Benin,BEN,2018,Utilisateurs internet (%),IT.NET.USER.ZS,19.0,%,Infrastructure,World Bank,2025-10-05
Benin,BEN,2017,Utilisateurs internet (%),IT.NET.USER.ZS,18.7,%,Infrastructure,World Bank,2025-10-05
Benin,BEN,2016,Utilisateurs internet (%),IT.NET.USER.ZS,14.5,%,Infrastructure,World Bank,2025-10-05
Benin,BEN,2015,Utilisateurs internet (%),IT.NET.USER.ZS,11.3,%,Infrastructure,World Bank,2025-10-05
Benin,BEN,2014,Utilisateurs internet (%),IT.NET.USER.ZS,6.0,%,Infrastructure,World Bank,2025-10-05
Benin,BEN,2013,Utilisateurs internet (%),IT.NET.USER.ZS,4.9,%,Infrastructure,World Bank,2025-10-05
Benin,BEN,2012,Utilisateurs internet (%),IT.NET.USER.ZS,4.5,%,Infrastructure,World Bank,2025-10-05
Benin,BEN,2011,Utilisateurs internet (%),IT.NET.USER.ZS,4.15,%,Infrastructure,World Bank,2025-10-05
Benin,BEN,2010,Utilisateurs internet (%),IT.NET.USER.ZS,3.13,%,Infrastructure,World Bank,2025-10-05
Benin,BEN,2009,Utilisateurs internet (%),IT.NET.USER.ZS,2.24,%,Infrastructure,World Bank,2025-10-05
Benin,BEN,2008,Utilisateurs internet (%),IT.NET.USER.ZS,1.85,%,Infrastructure,World Bank,2025-10-05
Benin,BEN,2007,Utilisateurs internet (%),IT.NET.USER.ZS,1.79,%,Infrastructure,World Bank,2025-10-05
Benin,BEN,2006,Utilisateurs internet (%),IT.NET.USER.ZS,1.54,%,Infrastructure,World Bank,2025-10-05
Benin,BEN,2005,Utilisateurs internet (%),IT.NET.USER.ZS,1.27,%,Infrastructure,World Bank,2025-10-05
Benin,BEN,2004,Utilisateurs internet (%),IT.NET.USER.ZS,1.18,%,Infrastructure,World Bank,2025-10-05
Benin,BEN,2003,Utilisateurs internet (%),IT.NET.USER.ZS,0.951,%,Infrastructure,World Bank,2025-10-05
Benin,BEN,2002,Utilisateurs internet (%),IT.NET.USER.ZS,0.703,%,Infrastructure,World Bank,2025-10-05
Benin,BEN,2001,Utilisateurs internet (%),IT.NET.USER.ZS,0.363,%,Infrastructure,World Bank,2025-10-05
Benin,BEN,2000,Utilisateurs internet (%),IT.NET.USER.ZS,0.225,%,Infrastructure,World Bank,2025-10-05
Benin,BEN,2023,Abonnements mobile (pour 100),IT.CEL.SETS.P2,116.036,pour 100,Autre,World Bank,2025-10-05
Benin,BEN,2022,Abonnements mobile (pour 100),IT.CEL.SETS.P2,105.745,pour 100,Autre,World Bank,2025-10-05
Benin,BEN,2021,Abonnements mobile (pour 100),IT.CEL.SETS.P2,94.9183,pour 100,Autre,World Bank,2025-10-05
Benin,BEN,2020,Abonnements mobile (pour 100),IT.CEL.SETS.P2,85.2391,pour 100,Autre,World Bank,2025-10-05
Benin,BEN,2019,Abonnements mobile (pour 100),IT.CEL.SETS.P2,81.3235,pour 100,Autre,World Bank,2025-10-05
Benin,BEN,2018,Abonnements mobile (pour 100),IT.CEL.SETS.P2,76.408,pour 100,Autre,World Bank,2025-10-05
Benin,BEN,2017,Abonnements mobile (pour 100),IT.CEL.SETS.P2,72.8671,pour 100,Autre,World Bank,2025-10-05
Benin,BEN,2016,Abonnements mobile (pour 100),IT.CEL.SETS.P2,76.0182,pour 100,Autre,World Bank,2025-10-05
Benin,BEN,2015,Abonnements mobile (pour 100),IT.CEL.SETS.P2,82.0193,pour 100,Autre,World Bank,2025-10-05
Benin,BEN,2014,Abonnements mobile (pour 100),IT.CEL.SETS.P2,78.517,pour 100,Autre,World Bank,2025-10-05
Benin,BEN,2013,Abonnements mobile (pour 100),IT.CEL.SETS.P2,89.9019,pour 100,Autre,World Bank,2025-10-05
Benin,BEN,2012,Abonnements mobile (pour 100),IT.CEL.SETS.P2,80.8629,pour 100,Autre,World Bank,2025-10-05
Benin,BEN,2011,Abonnements mobile (pour 100),IT.CEL.SETS.P2,76.9318,pour 100,Autre,World Bank,2025-10-05
Benin,BEN,2010,Abonnements mobile (pour 100),IT.CEL.SETS.P2,72.2115,pour 100,Autre,World Bank,2025-10-05
Benin,BEN,2009,Abonnements mobile (pour 100),IT.CEL.SETS.P2,52.9301,pour 100,Autre,World Bank,2025-10-05
Benin,BEN,2008,Abonnements mobile (pour 100),IT.CEL.SETS.P2,39.2846,pour 100,Autre,World Bank,2025-10-05
Benin,BEN,2007,Abonnements mobile (pour 100),IT.CEL.SETS.P2,22.9147,pour 100,Autre,World Bank,2025-10-05
Benin,BEN,2006,Abonnements mobile (pour 100),IT.CEL.SETS.P2,12.1442,pour 100,Autre,World Bank,2025-10-05
Benin,BEN,2005,Abonnements mobile (pour 100),IT.CEL.SETS.P2,7.07639,pour 100,Autre,World Bank,2025-10-05
Benin,BEN,2004,Abonnements mobile (pour 100),IT.CEL.SETS.P2,5.62957,pour 100,Autre,World Bank,2025-10-05
Benin,BEN,2003,Abonnements mobile (pour 100),IT.CEL.SETS.P2,2.98462,pour 100,Autre,World Bank,2025-10-05
Benin,BEN,2002,Abonnements mobile (pour 100),IT.CEL.SETS.P2,2.85027,pour 100,Autre,World Bank,2025-10-05
Benin,BEN,2001,Abonnements mobile (pour 100),IT.CEL.SETS.P2,1.67884,pour 100,Autre,World Bank,2025-10-05
Benin,BEN,2000,Abonnements mobile (pour 100),IT.CEL.SETS.P2,0.768193,pour 100,Autre,World Bank,2025-10-05
Benin,BEN,2024,Femmes au parlement (%),SG.GEN.PARL.ZS,26.605504587156,%,Genre,World Bank,2025-10-05
Benin,BEN,2023,Femmes au parlement (%),SG.GEN.PARL.ZS,26.605504587156,%,Genre,World Bank,2025-10-05
Benin,BEN,2022,Femmes au parlement (%),SG.GEN.PARL.ZS,7.40740740740741,%,Genre,World Bank,2025-10-05
Benin,BEN,2021,Femmes au parlement (%),SG.GEN.PARL.ZS,8.43373493975904,%,Genre,World Bank,2025-10-05
Benin,BEN,2020,Femmes au parlement (%),SG.GEN.PARL.ZS,7.2289156626506,%,Genre,World Bank,2025-10-05
Benin,BEN,2019,Femmes au parlement (%),SG.GEN.PARL.ZS,7.2289156626506,%,Genre,World Bank,2025-10-05
Benin,BEN,2018,Femmes au parlement (%),SG.GEN.PARL.ZS,7.2289156626506,%,Genre,World Bank,2025-10-05
Benin,BEN,2017,Femmes au parlement (%),SG.GEN.PARL.ZS,7.2289156626506,%,Genre,World Bank,2025-10-05
Benin,BEN,2016,Femmes au parlement (%),SG.GEN.PARL.ZS,7.2289156626506,%,Genre,World Bank,2025-10-05
Benin,BEN,2015,Femmes au parlement (%),SG.GEN.PARL.ZS,7.2289156626506,%,Genre,World Bank,2025-10-05
Benin,BEN,2014,Femmes au parlement (%),SG.GEN.PARL.ZS,8.43373493975904,%,Genre,World Bank,2025-10-05
Benin,BEN,2013,Femmes au parlement (%),SG.GEN.PARL.ZS,8.43373493975904,%,Genre,World Bank,2025-10-05
Benin,BEN,2012,Femmes au parlement (%),SG.GEN.PARL.ZS,8.43373493975904,%,Genre,World Bank,2025-10-05
Benin,BEN,2011,Femmes au parlement (%),SG.GEN.PARL.ZS,8.43373493975904,%,Genre,World Bank,2025-10-05
Benin,BEN,2010,Femmes au parlement (%),SG.GEN.PARL.ZS,10.8433734939759,%,Genre,World Bank,2025-10-05
Benin,BEN,2009,Femmes au parlement (%),SG.GEN.PARL.ZS,10.8433734939759,%,Genre,World Bank,2025-10-05
Benin,BEN,2008,Femmes au parlement (%),SG.GEN.PARL.ZS,10.8433734939759,%,Genre,World Bank,2025-10-05
Benin,BEN,2007,Femmes au parlement (%),SG.GEN.PARL.ZS,10.8433734939759,%,Genre,World Bank,2025-10-05
Benin,BEN,2006,Femmes au parlement (%),SG.GEN.PARL.ZS,7.2289156626506,%,Genre,World Bank,2025-10-05
Benin,BEN,2005,Femmes au parlement (%),SG.GEN.PARL.ZS,7.2289156626506,%,Genre,World Bank,2025-10-05
Benin,BEN,2004,Femmes au parlement (%),SG.GEN.PARL.ZS,7.2289156626506,%,Genre,World Bank,2025-10-05
Benin,BEN,2003,Femmes au parlement (%),SG.GEN.PARL.ZS,6.02409638554217,%,Genre,World Bank,2025-10-05
Benin,BEN,2002,Femmes au parlement (%),SG.GEN.PARL.ZS,6.02409638554217,%,Genre,World Bank,2025-10-05
Benin,BEN,2001,Femmes au parlement (%),SG.GEN.PARL.ZS,6.02409638554217,%,Genre,World Bank,2025-10-05
Benin,BEN,2000,Femmes au parlement (%),SG.GEN.PARL.ZS,6.02409638554217,%,Genre,World Bank,2025-10-05
Benin,BEN,2021,Ratio filles/garçons primaire,SE.ENR.PRIM.FM.ZS,0.925650000572205,%,Genre,World Bank,2025-10-05
Benin,BEN,2020,Ratio filles/garçons primaire,SE.ENR.PRIM.FM.ZS,0.925499975681305,%,Genre,World Bank,2025-10-05
Benin,BEN,2019,Ratio filles/garçons primaire,SE.ENR.PRIM.FM.ZS,0.929679989814758,%,Genre,World Bank,2025-10-05
Benin,BEN,2018,Ratio filles/garçons primaire,SE.ENR.PRIM.FM.ZS,0.937330007553101,%,Genre,World Bank,2025-10-05
Benin,BEN,2017,Ratio filles/garçons primaire,SE.ENR.PRIM.FM.ZS,0.935029983520508,%,Genre,World Bank,2025-10-05
Benin,BEN,2016,Ratio filles/garçons primaire,SE.ENR.PRIM.FM.ZS,0.936269998550415,%,Genre,World Bank,2025-10-05
Benin,BEN,2015,Ratio filles/garçons primaire,SE.ENR.PRIM.FM.ZS,0.930239975452423,%,Genre,World Bank,2025-10-05
Benin,BEN,2014,Ratio filles/garçons primaire,SE.ENR.PRIM.FM.ZS,0.92426997423172,%,Genre,World Bank,2025-10-05
Benin,BEN,2013,Ratio filles/garçons primaire,SE.ENR.PRIM.FM.ZS,0.915210008621216,%,Genre,World Bank,2025-10-05
Benin,BEN,2012,Ratio filles/garçons primaire,SE.ENR.PRIM.FM.ZS,0.907239973545074,%,Genre,World Bank,2025-10-05
Benin,BEN,2011,Ratio filles/garçons primaire,SE.ENR.PRIM.FM.ZS,0.894900023937225,%,Genre,World Bank,2025-10-05
Benin,BEN,2010,Ratio filles/garçons primaire,SE.ENR.PRIM.FM.ZS,0.89164000749588,%,Genre,World Bank,2025-10-05
Benin,BEN,2009,Ratio filles/garçons primaire,SE.ENR.PRIM.FM.ZS,0.876020014286041,%,Genre,World Bank,2025-10-05
Benin,BEN,2008,Ratio filles/garçons primaire,SE.ENR.PRIM.FM.ZS,0.858399987220764,%,Genre,World Bank,2025-10-05
Benin,BEN,2006,Ratio filles/garçons primaire,SE.ENR.PRIM.FM.ZS,0.819700002670288,%,Genre,World Bank,2025-10-05
Benin,BEN,2005,Ratio filles/garçons primaire,SE.ENR.PRIM.FM.ZS,0.791209995746613,%,Genre,World Bank,2025-10-05
Benin,BEN,2004,Ratio filles/garçons primaire,SE.ENR.PRIM.FM.ZS,0.766409993171692,%,Genre,World Bank,2025-10-05
Benin,BEN,2003,Ratio filles/garçons primaire,SE.ENR.PRIM.FM.ZS,0.736899971961975,%,Genre,World Bank,2025-10-05
Benin,BEN,2002,Ratio filles/garçons primaire,SE.ENR.PRIM.FM.ZS,0.718450009822845,%,Genre,World Bank,2025-10-05
Benin,BEN,2001,Ratio filles/garçons primaire,SE.ENR.PRIM.FM.ZS,0.697329998016357,%,Genre,World Bank,2025-10-05
Benin,BEN,2000,Ratio filles/garçons primaire,SE.ENR.PRIM.FM.ZS,0.685660004615784,%,Genre,World Bank,2025-10-05
Benin,BEN,2021,Ratio filles/garçons secondaire,SE.ENR.SECO.FM.ZS,0.831520020961761,%,Genre,World Bank,2025-10-05
Benin,BEN,2020,Ratio filles/garçons secondaire,SE.ENR.SECO.FM.ZS,0.809300005435944,%,Genre,World Bank,2025-10-05
Benin,BEN,2016,Ratio filles/garçons secondaire,SE.ENR.SECO.FM.ZS,0.75559002161026,%,Genre,World Bank,2025-10-05
Benin,BEN,2015,Ratio filles/garçons secondaire,SE.ENR.SECO.FM.ZS,0.714070022106171,%,Genre,World Bank,2025-10-05
Benin,BEN,2014,Ratio filles/garçons secondaire,SE.ENR.SECO.FM.ZS,0.689710021018982,%,Genre,World Bank,2025-10-05
Benin,BEN,2013,Ratio filles/garçons secondaire,SE.ENR.SECO.FM.ZS,0.670080006122589,%,Genre,World Bank,2025-10-05
Benin,BEN,2011,Ratio filles/garçons secondaire,SE.ENR.SECO.FM.ZS,0.623480021953583,%,Genre,World Bank,2025-10-05
Benin,BEN,2004,Ratio filles/garçons secondaire,SE.ENR.SECO.FM.ZS,0.471179991960526,%,Genre,World Bank,2025-10-05
Benin,BEN,2003,Ratio filles/garçons secondaire,SE.ENR.SECO.FM.ZS,0.467150002717972,%,Genre,World Bank,2025-10-05
Benin,BEN,2002,Ratio filles/garçons secondaire,SE.ENR.SECO.FM.ZS,0.472689986228943,%,Genre,World Bank,2025-10-05
Benin,BEN,2001,Ratio filles/garçons secondaire,SE.ENR.SECO.FM.ZS,0.4723100066185,%,Genre,World Bank,2025-10-05
Benin,BEN,2000,Ratio filles/garçons secondaire,SE.ENR.SECO.FM.ZS,0.457639992237091,%,Genre,World Bank,2025-10-05
Benin,BEN,2024,Participation femmes emploi,SL.TLF.CACT.FE.ZS,74.321,unité,Genre,World Bank,2025-10-05
Benin,BEN,2023,Participation femmes emploi,SL.TLF.CACT.FE.ZS,74.183,unité,Genre,World Bank,2025-10-05
Benin,BEN,2022,Participation femmes emploi,SL.TLF.CACT.FE.ZS,74.264,unité,Genre,World Bank,2025-10-05
Benin,BEN,2021,Participation femmes emploi,SL.TLF.CACT.FE.ZS,74.791,unité,Genre,World Bank,2025-10-05
Benin,BEN,2020,Participation femmes emploi,SL.TLF.CACT.FE.ZS,73.677,unité,Genre,World Bank,2025-10-05
Benin,BEN,2019,Participation femmes emploi,SL.TLF.CACT.FE.ZS,74.325,unité,Genre,World Bank,2025-10-05
Benin,BEN,2018,Participation femmes emploi,SL.TLF.CACT.FE.ZS,73.755,unité,Genre,World Bank,2025-10-05
Benin,BEN,2017,Participation femmes emploi,SL.TLF.CACT.FE.ZS,73.179,unité,Genre,World Bank,2025-10-05
Benin,BEN,2016,Participation femmes emploi,SL.TLF.CACT.FE.ZS,72.597,unité,Genre,World Bank,2025-10-05
Benin,BEN,2015,Participation femmes emploi,SL.TLF.CACT.FE.ZS,72.007,unité,Genre,World Bank,2025-10-05
Benin,BEN,2014,Participation femmes emploi,SL.TLF.CACT.FE.ZS,71.412,unité,Genre,World Bank,2025-10-05
Benin,BEN,2013,Participation femmes emploi,SL.TLF.CACT.FE.ZS,70.81,unité,Genre,World Bank,2025-10-05
Benin,BEN,2012,Participation femmes emploi,SL.TLF.CACT.FE.ZS,70.202,unité,Genre,World Bank,2025-10-05
Benin,BEN,2011,Participation femmes emploi,SL.TLF.CACT.FE.ZS,69.588,unité,Genre,World Bank,2025-10-05
Benin,BEN,2010,Participation femmes emploi,SL.TLF.CACT.FE.ZS,69.1,unité,Genre,World Bank,2025-10-05
Benin,BEN,2009,Participation femmes emploi,SL.TLF.CACT.FE.ZS,68.616,unité,Genre,World Bank,2025-10-05
Benin,BEN,2008,Participation femmes emploi,SL.TLF.CACT.FE.ZS,68.136,unité,Genre,World Bank,2025-10-05
Benin,BEN,2007,Participation femmes emploi,SL.TLF.CACT.FE.ZS,67.66,unité,Genre,World Bank,2025-10-05
Benin,BEN,2006,Participation femmes emploi,SL.TLF.CACT.FE.ZS,67.187,unité,Genre,World Bank,2025-10-05
Benin,BEN,2005,Participation femmes emploi,SL.TLF.CACT.FE.ZS,66.715,unité,Genre,World Bank,2025-10-05
Benin,BEN,2004,Participation femmes emploi,SL.TLF.CACT.FE.ZS,66.244,unité,Genre,World Bank,2025-10-05
Benin,BEN,2003,Participation femmes emploi,SL.TLF.CACT.FE.ZS,65.78,unité,Genre,World Bank,2025-10-05
Benin,BEN,2002,Participation femmes emploi,SL.TLF.CACT.FE.ZS,65.319,unité,Genre,World Bank,2025-10-05
Benin,BEN,2001,Participation femmes emploi,SL.TLF.CACT.FE.ZS,64.381,unité,Genre,World Bank,2025-10-05
Benin,BEN,2000,Participation femmes emploi,SL.TLF.CACT.FE.ZS,63.474,unité,Genre,World Bank,2025-10-05
Benin,BEN,2018,Violence basée sur le genre,SG.VAW.REAS.ZS,31.8,unité,Genre,World Bank,2025-10-05
Benin,BEN,2012,Violence basée sur le genre,SG.VAW.REAS.ZS,16.2,unité,Genre,World Bank,2025-10-05
Benin,BEN,2006,Violence basée sur le genre,SG.VAW.REAS.ZS,46.5,unité,Genre,World Bank,2025-10-05
Benin,BEN,2001,Violence basée sur le genre,SG.VAW.REAS.ZS,60.4,unité,Genre,World Bank,2025-10-05
Benin,BEN,2021,Coefficient GINI,SI.POV.GINI,34.4,unité,Autre,World Bank,2025-10-05
Benin,BEN,2018,Coefficient GINI,SI.POV.GINI,37.9,unité,Autre,World Bank,2025-10-05
Benin,BEN,2015,Coefficient GINI,SI.POV.GINI,47.6,unité,Autre,World Bank,2025-10-05
Benin,BEN,2011,Coefficient GINI,SI.POV.GINI,43.4,unité,Autre,World Bank,2025-10-05
Benin,BEN,2003,Coefficient GINI,SI.POV.GINI,38.6,unité,Autre,World Bank,2025-10-05
Benin,BEN,2022,Femmes mariées <18 ans,SP.DYN.CONM.ZS,16.9,unité,Genre,World Bank,2025-10-05
Benin,BEN,2018,Femmes mariées <18 ans,SP.DYN.CONM.ZS,12.4,unité,Genre,World Bank,2025-10-05
Benin,BEN,2014,Femmes mariées <18 ans,SP.DYN.CONM.ZS,12.35804714,unité,Genre,World Bank,2025-10-05
Benin,BEN,2012,Femmes mariées <18 ans,SP.DYN.CONM.ZS,7.9,unité,Genre,World Bank,2025-10-05
Benin,BEN,2006,Femmes mariées <18 ans,SP.DYN.CONM.ZS,6.1,unité,Genre,World Bank,2025-10-05
Benin,BEN,2001,Femmes mariées <18 ans,SP.DYN.CONM.ZS,7.2,unité,Genre,World Bank,2025-10-05
Benin,BEN,2023,Taux fécondité adolescentes,SP.ADO.TFRT,77.844,%,Autre,World Bank,2025-10-05
Benin,BEN,2022,Taux fécondité adolescentes,SP.ADO.TFRT,78.86,%,Autre,World Bank,2025-10-05
Benin,BEN,2021,Taux fécondité adolescentes,SP.ADO.TFRT,79.804,%,Autre,World Bank,2025-10-05
Benin,BEN,2020,Taux fécondité adolescentes,SP.ADO.TFRT,81.062,%,Autre,World Bank,2025-10-05
Benin,BEN,2019,Taux fécondité adolescentes,SP.ADO.TFRT,83.84,%,Autre,World Bank,2025-10-05
Benin,BEN,2018,Taux fécondité adolescentes,SP.ADO.TFRT,87.888,%,Autre,World Bank,2025-10-05
Benin,BEN,2017,Taux fécondité adolescentes,SP.ADO.TFRT,91.759,%,Autre,World Bank,2025-10-05
Benin,BEN,2016,Taux fécondité adolescentes,SP.ADO.TFRT,95.223,%,Autre,World Bank,2025-10-05
Benin,BEN,2015,Taux fécondité adolescentes,SP.ADO.TFRT,96.339,%,Autre,World Bank,2025-10-05
Benin,BEN,2014,Taux fécondité adolescentes,SP.ADO.TFRT,96.383,%,Autre,World Bank,2025-10-05
Benin,BEN,2013,Taux fécondité adolescentes,SP.ADO.TFRT,96.125,%,Autre,World Bank,2025-10-05
Benin,BEN,2012,Taux fécondité adolescentes,SP.ADO.TFRT,95.179,%,Autre,World Bank,2025-10-05
Benin,BEN,2011,Taux fécondité adolescentes,SP.ADO.TFRT,95.564,%,Autre,World Bank,2025-10-05
Benin,BEN,2010,Taux fécondité adolescentes,SP.ADO.TFRT,98.186,%,Autre,World Bank,2025-10-05
Benin,BEN,2009,Taux fécondité adolescentes,SP.ADO.TFRT,99.044,%,Autre,World Bank,2025-10-05
Benin,BEN,2008,Taux fécondité adolescentes,SP.ADO.TFRT,102.513,%,Autre,World Bank,2025-10-05
Benin,BEN,2007,Taux fécondité adolescentes,SP.ADO.TFRT,106.115,%,Autre,World Bank,2025-10-05
Benin,BEN,2006,Taux fécondité adolescentes,SP.ADO.TFRT,107.641,%,Autre,World Bank,2025-10-05
Benin,BEN,2005,Taux fécondité adolescentes,SP.ADO.TFRT,110.285,%,Autre,World Bank,2025-10-05
Benin,BEN,2004,Taux fécondité adolescentes,SP.ADO.TFRT,115.301,%,Autre,World Bank,2025-10-05
Benin,BEN,2003,Taux fécondité adolescentes,SP.ADO.TFRT,116.259,%,Autre,World Bank,2025-10-05
Benin,BEN,2002,Taux fécondité adolescentes,SP.ADO.TFRT,116.523,%,Autre,World Bank,2025-10-05
Benin,BEN,2001,Taux fécondité adolescentes,SP.ADO.TFRT,119.261,%,Autre,World Bank,2025-10-05
Benin,BEN,2000,Taux fécondité adolescentes,SP.ADO.TFRT,118.14,%,Autre,World Bank,2025-10-05
Benin,BEN,2024,Population active totale,SL.TLF.TOTL.IN,6397139.0,unité,Autre,World Bank,2025-10-05
Benin,BEN,2023,Population active totale,SL.TLF.TOTL.IN,6204134.0,unité,Autre,World Bank,2025-10-05
Benin,BEN,2022,Population active totale,SL.TLF.TOTL.IN,6035371.0,unité,Autre,World Bank,2025-10-05
Benin,BEN,2021,Population active totale,SL.TLF.TOTL.IN,5870968.0,unité,Autre,World Bank,2025-10-05
Benin,BEN,2020,Population active totale,SL.TLF.TOTL.IN,5605830.0,unité,Autre,World Bank,2025-10-05
Benin,BEN,2019,Population active totale,SL.TLF.TOTL.IN,5459336.0,unité,Autre,World Bank,2025-10-05
Benin,BEN,2018,Population active totale,SL.TLF.TOTL.IN,5267149.0,unité,Autre,World Bank,2025-10-05
Benin,BEN,2017,Population active totale,SL.TLF.TOTL.IN,5081385.0,unité,Autre,World Bank,2025-10-05
Benin,BEN,2016,Population active totale,SL.TLF.TOTL.IN,4901776.0,unité,Autre,World Bank,2025-10-05
Benin,BEN,2015,Population active totale,SL.TLF.TOTL.IN,4727555.0,unité,Autre,World Bank,2025-10-05
Benin,BEN,2014,Population active totale,SL.TLF.TOTL.IN,4557889.0,unité,Autre,World Bank,2025-10-05
Benin,BEN,2013,Population active totale,SL.TLF.TOTL.IN,4393926.0,unité,Autre,World Bank,2025-10-05
Benin,BEN,2012,Population active totale,SL.TLF.TOTL.IN,4235463.0,unité,Autre,World Bank,2025-10-05
Benin,BEN,2011,Population active totale,SL.TLF.TOTL.IN,4080183.0,unité,Autre,World Bank,2025-10-05
Benin,BEN,2010,Population active totale,SL.TLF.TOTL.IN,3950108.0,unité,Autre,World Bank,2025-10-05
Benin,BEN,2009,Population active totale,SL.TLF.TOTL.IN,3820397.0,unité,Autre,World Bank,2025-10-05
Benin,BEN,2008,Population active totale,SL.TLF.TOTL.IN,3695226.0,unité,Autre,World Bank,2025-10-05
Benin,BEN,2007,Population active totale,SL.TLF.TOTL.IN,3577425.0,unité,Autre,World Bank,2025-10-05
Benin,BEN,2006,Population active totale,SL.TLF.TOTL.IN,3468401.0,unité,Autre,World Bank,2025-10-05
Benin,BEN,2005,Population active totale,SL.TLF.TOTL.IN,3353095.0,unité,Autre,World Bank,2025-10-05
Benin,BEN,2004,Population active totale,SL.TLF.TOTL.IN,3235131.0,unité,Autre,World Bank,2025-10-05
Benin,BEN,2003,Population active totale,SL.TLF.TOTL.IN,3128205.0,unité,Autre,World Bank,2025-10-05
Benin,BEN,2002,Population active totale,SL.TLF.TOTL.IN,3024243.0,unité,Autre,World Bank,2025-10-05
Benin,BEN,2001,Population active totale,SL.TLF.TOTL.IN,2925855.0,unité,Autre,World Bank,2025-10-05
Benin,BEN,2000,Population active totale,SL.TLF.TOTL.IN,2830348.0,unité,Autre,World Bank,2025-10-05
