pays,code_pays,annee,indicateur,valeur,unite,categorie,source_donnees,score_qualite,fichier_origine
Benin,BEN,2000,Population urbaine,2768263.0,unité,demographic,World Bank,100,worldbank_demographic_data.csv
Benin,BEN,2000,Taux de mortalité brut,11.89,unité,demographic,World Bank,100,worldbank_demographic_data.csv
Benin,BEN,2000,Taux de natalité brut,42.079,unité,demographic,World Bank,100,worldbank_demographic_data.csv
Benin,BEN,2000,Taux urbanisation (calculé),38.33299707447873,%,demographic,Calculé,90,
Benin,BEN,2000,Taux de croissance population,3.07665265205002,unité,demographic,World Bank,100,worldbank_demographic_data.csv
Benin,BEN,2000,Ratio de dépendance,94.5561020344605,unité,demographic,World Bank,100,worldbank_demographic_data.csv
Benin,BEN,2000,Population urbaine %,38.333,unité,demographic,World Bank,100,worldbank_demographic_data.csv
Benin,BEN,2000,Taux de fécondité,5.937,unité,demographic,World Bank,100,worldbank_demographic_data.csv
Benin,BEN,2000,Espérance de vie,56.594,unité,demographic,World Bank,100,worldbank_demographic_data.csv
Benin,BEN,2000,Population 0-14 ans %,45.4383774607882,unité,demographic,World Bank,100,worldbank_demographic_data.csv
Benin,BEN,2000,Population 15-64 ans %,51.399049160583,unité,demographic,World Bank,100,worldbank_demographic_data.csv
Benin,BEN,2000,Population 65+ ans %,3.16257337862881,unité,demographic,World Bank,100,worldbank_demographic_data.csv
Benin,BEN,2000,Population totale,7221619.0,unité,demographic,World Bank,100,worldbank_demographic_data.csv
Benin,BEN,2000,Population rurale,4453356.0,unité,demographic,World Bank,100,worldbank_demographic_data.csv
Benin,BEN,2000,Densité de population,64.0441557289819,unité,demographic,World Bank,100,worldbank_demographic_data.csv
Benin,BEN,2001,Densité de population,66.0304717985101,unité,demographic,World Bank,100,worldbank_demographic_data.csv
Benin,BEN,2001,Espérance de vie,56.654,unité,demographic,World Bank,100,worldbank_demographic_data.csv
Benin,BEN,2001,Population 0-14 ans %,45.2626962300936,unité,demographic,World Bank,100,worldbank_demographic_data.csv
Benin,BEN,2001,Population 15-64 ans %,51.6005367468232,unité,demographic,World Bank,100,worldbank_demographic_data.csv
Benin,BEN,2001,Population 65+ ans %,3.13676702308318,unité,demographic,World Bank,100,worldbank_demographic_data.csv
Benin,BEN,2001,Population rurale,4567873.0,unité,demographic,World Bank,100,worldbank_demographic_data.csv
Benin,BEN,2001,Population totale,7445596.0,unité,demographic,World Bank,100,worldbank_demographic_data.csv
Benin,BEN,2001,Population urbaine %,38.65,unité,demographic,World Bank,100,worldbank_demographic_data.csv
Benin,BEN,2001,Ratio de dépendance,93.796458949283,unité,demographic,World Bank,100,worldbank_demographic_data.csv
Benin,BEN,2001,Taux de croissance population,3.05435506649292,unité,demographic,World Bank,100,worldbank_demographic_data.csv
Benin,BEN,2001,Taux de fécondité,5.848,unité,demographic,World Bank,100,worldbank_demographic_data.csv
Benin,BEN,2001,Taux de natalité brut,41.695,unité,demographic,World Bank,100,worldbank_demographic_data.csv
Benin,BEN,2001,Taux urbanisation (calculé),38.650001960890705,%,demographic,Calculé,90,
Benin,BEN,2001,Population urbaine,2877723.0,unité,demographic,World Bank,100,worldbank_demographic_data.csv
Benin,BEN,2001,Taux de mortalité brut,11.761,unité,demographic,World Bank,100,worldbank_demographic_data.csv
Benin,BEN,2002,Population totale,7675426.0,unité,demographic,World Bank,100,worldbank_demographic_data.csv
Benin,BEN,2002,Densité de population,68.0686945725434,unité,demographic,World Bank,100,worldbank_demographic_data.csv
Benin,BEN,2002,Espérance de vie,56.851,unité,demographic,World Bank,100,worldbank_demographic_data.csv
Benin,BEN,2002,Population 0-14 ans %,45.0848301394066,unité,demographic,World Bank,100,worldbank_demographic_data.csv
Benin,BEN,2002,Population rurale,4679247.0,unité,demographic,World Bank,100,worldbank_demographic_data.csv
Benin,BEN,2002,Population 65+ ans %,3.11300616324057,unité,demographic,World Bank,100,worldbank_demographic_data.csv
Benin,BEN,2002,Taux urbanisation (calculé),39.03599617793201,%,demographic,Calculé,90,
Benin,BEN,2002,Ratio de dépendance,93.0421170627939,unité,demographic,World Bank,100,worldbank_demographic_data.csv
Benin,BEN,2002,Population 15-64 ans %,51.8021636973528,unité,demographic,World Bank,100,worldbank_demographic_data.csv
Benin,BEN,2002,Taux de croissance population,3.04010801597376,unité,demographic,World Bank,100,worldbank_demographic_data.csv
Benin,BEN,2002,Taux de fécondité,5.793,unité,demographic,World Bank,100,worldbank_demographic_data.csv
Benin,BEN,2002,Taux de mortalité brut,11.583,unité,demographic,World Bank,100,worldbank_demographic_data.csv
Benin,BEN,2002,Taux de natalité brut,41.48,unité,demographic,World Bank,100,worldbank_demographic_data.csv
Benin,BEN,2002,Population urbaine %,39.036,unité,demographic,World Bank,100,worldbank_demographic_data.csv
Benin,BEN,2002,Population urbaine,2996179.0,unité,demographic,World Bank,100,worldbank_demographic_data.csv
Benin,BEN,2003,Population rurale,4784559.0,unité,demographic,World Bank,100,worldbank_demographic_data.csv
Benin,BEN,2003,Taux urbanisation (calculé),39.53599551122384,%,demographic,Calculé,90,
Benin,BEN,2003,Densité de population,70.1762149698475,unité,demographic,World Bank,100,worldbank_demographic_data.csv
Benin,BEN,2003,Population 0-14 ans %,44.9136934211374,unité,demographic,World Bank,100,worldbank_demographic_data.csv
Benin,BEN,2003,Population 15-64 ans %,51.9939985365983,unité,demographic,World Bank,100,worldbank_demographic_data.csv
Benin,BEN,2003,Population 65+ ans %,3.09230804226425,unité,demographic,World Bank,100,worldbank_demographic_data.csv
Benin,BEN,2003,Population totale,7913070.0,unité,demographic,World Bank,100,worldbank_demographic_data.csv
Benin,BEN,2003,Population urbaine,3128511.0,unité,demographic,World Bank,100,worldbank_demographic_data.csv
Benin,BEN,2003,Population urbaine %,39.536,unité,demographic,World Bank,100,worldbank_demographic_data.csv
Benin,BEN,2003,Taux de croissance population,3.04920259714654,unité,demographic,World Bank,100,worldbank_demographic_data.csv
Benin,BEN,2003,Taux de fécondité,5.763,unité,demographic,World Bank,100,worldbank_demographic_data.csv
Benin,BEN,2003,Taux de natalité brut,41.475,unité,demographic,World Bank,100,worldbank_demographic_data.csv
Benin,BEN,2003,Espérance de vie,57.092,unité,demographic,World Bank,100,worldbank_demographic_data.csv
Benin,BEN,2003,Ratio de dépendance,92.329888698524,unité,demographic,World Bank,100,worldbank_demographic_data.csv
Benin,BEN,2003,Taux de mortalité brut,11.403,unité,demographic,World Bank,100,worldbank_demographic_data.csv
Benin,BEN,2004,Population 0-14 ans %,44.7601473889135,unité,demographic,World Bank,100,worldbank_demographic_data.csv
Benin,BEN,2004,Densité de population,72.3580525008868,unité,demographic,World Bank,100,worldbank_demographic_data.csv
Benin,BEN,2004,Population urbaine,3266820.0,unité,demographic,World Bank,100,worldbank_demographic_data.csv
Benin,BEN,2004,Population urbaine %,40.039,unité,demographic,World Bank,100,worldbank_demographic_data.csv
Benin,BEN,2004,Ratio de dépendance,91.7058736179667,unité,demographic,World Bank,100,worldbank_demographic_data.csv
Benin,BEN,2004,Taux de croissance population,3.06173106096489,unité,demographic,World Bank,100,worldbank_demographic_data.csv
Benin,BEN,2004,Taux de fécondité,5.718,unité,demographic,World Bank,100,worldbank_demographic_data.csv
Benin,BEN,2004,Taux de mortalité brut,11.224,unité,demographic,World Bank,100,worldbank_demographic_data.csv
Benin,BEN,2004,Taux de natalité brut,41.329,unité,demographic,World Bank,100,worldbank_demographic_data.csv
Benin,BEN,2004,Population rurale,4892274.0,unité,demographic,World Bank,100,worldbank_demographic_data.csv
Benin,BEN,2004,Population totale,8159094.0,unité,demographic,World Bank,100,worldbank_demographic_data.csv
Benin,BEN,2004,Espérance de vie,57.346,unité,demographic,World Bank,100,worldbank_demographic_data.csv
Benin,BEN,2004,Population 65+ ans %,3.07660997654887,unité,demographic,World Bank,100,worldbank_demographic_data.csv
Benin,BEN,2004,Taux urbanisation (calculé),40.03900433062789,%,demographic,Calculé,90,
Benin,BEN,2004,Population 15-64 ans %,52.1632426345376,unité,demographic,World Bank,100,worldbank_demographic_data.csv
Benin,BEN,2005,Population urbaine,3416212.0,unité,demographic,World Bank,100,worldbank_demographic_data.csv
Benin,BEN,2005,Taux de mortalité brut,10.967,unité,demographic,World Bank,100,worldbank_demographic_data.csv
Benin,BEN,2005,Taux de natalité brut,41.087,unité,demographic,World Bank,100,worldbank_demographic_data.csv
Benin,BEN,2005,Taux urbanisation (calculé),40.54300519905665,%,demographic,Calculé,90,
Benin,BEN,2005,Population urbaine %,40.543,unité,demographic,World Bank,100,worldbank_demographic_data.csv
Benin,BEN,2005,Taux de fécondité,5.692,unité,demographic,World Bank,100,worldbank_demographic_data.csv
Benin,BEN,2005,Densité de population,74.7263568641362,unité,demographic,World Bank,100,worldbank_demographic_data.csv
Benin,BEN,2005,Espérance de vie,57.738,unité,demographic,World Bank,100,worldbank_demographic_data.csv
Benin,BEN,2005,Population 0-14 ans %,44.5712798506221,unité,demographic,World Bank,100,worldbank_demographic_data.csv
Benin,BEN,2005,Population 15-64 ans %,52.3634625970944,unité,demographic,World Bank,100,worldbank_demographic_data.csv
Benin,BEN,2005,Ratio de dépendance,90.9728456484841,unité,demographic,World Bank,100,worldbank_demographic_data.csv
Benin,BEN,2005,Population rurale,5009932.0,unité,demographic,World Bank,100,worldbank_demographic_data.csv
Benin,BEN,2005,Population totale,8426144.0,unité,demographic,World Bank,100,worldbank_demographic_data.csv
Benin,BEN,2005,Taux de croissance population,3.22061199704122,unité,demographic,World Bank,100,worldbank_demographic_data.csv
Benin,BEN,2005,Population 65+ ans %,3.06525755228356,unité,demographic,World Bank,100,worldbank_demographic_data.csv
Benin,BEN,2006,Taux urbanisation (calculé),41.049001051621474,%,demographic,Calculé,90,
Benin,BEN,2006,Densité de population,77.0950869102519,unité,demographic,World Bank,100,worldbank_demographic_data.csv
Benin,BEN,2006,Population 0-14 ans %,44.4384154956229,unité,demographic,World Bank,100,worldbank_demographic_data.csv
Benin,BEN,2006,Population 15-64 ans %,52.503341101053,unité,demographic,World Bank,100,worldbank_demographic_data.csv
Benin,BEN,2006,Population rurale,5124753.0,unité,demographic,World Bank,100,worldbank_demographic_data.csv
Benin,BEN,2006,Population totale,8693242.0,unité,demographic,World Bank,100,worldbank_demographic_data.csv
Benin,BEN,2006,Population urbaine,3568489.0,unité,demographic,World Bank,100,worldbank_demographic_data.csv
Benin,BEN,2006,Population urbaine %,41.049,unité,demographic,World Bank,100,worldbank_demographic_data.csv
Benin,BEN,2006,Ratio de dépendance,90.4640703836321,unité,demographic,World Bank,100,worldbank_demographic_data.csv
Benin,BEN,2006,Taux de croissance population,3.12066888297415,unité,demographic,World Bank,100,worldbank_demographic_data.csv
Benin,BEN,2006,Taux de fécondité,5.673,unité,demographic,World Bank,100,worldbank_demographic_data.csv
Benin,BEN,2006,Taux de mortalité brut,10.853,unité,demographic,World Bank,100,worldbank_demographic_data.csv
Benin,BEN,2006,Population 65+ ans %,3.0582434033241,unité,demographic,World Bank,100,worldbank_demographic_data.csv
Benin,BEN,2006,Taux de natalité brut,41.341,unité,demographic,World Bank,100,worldbank_demographic_data.csv
Benin,BEN,2006,Espérance de vie,57.966,unité,demographic,World Bank,100,worldbank_demographic_data.csv
Benin,BEN,2007,Densité de population,79.4073164242639,unité,demographic,World Bank,100,worldbank_demographic_data.csv
Benin,BEN,2007,Population urbaine %,41.558,unité,demographic,World Bank,100,worldbank_demographic_data.csv
Benin,BEN,2007,Population urbaine,3721090.0,unité,demographic,World Bank,100,worldbank_demographic_data.csv
Benin,BEN,2007,Taux urbanisation (calculé),41.5579951192594,%,demographic,Calculé,90,
Benin,BEN,2007,Population totale,8953969.0,unité,demographic,World Bank,100,worldbank_demographic_data.csv
Benin,BEN,2007,Population 65+ ans %,3.05634294690991,unité,demographic,World Bank,100,worldbank_demographic_data.csv
Benin,BEN,2007,Population rurale,5232879.0,unité,demographic,World Bank,100,worldbank_demographic_data.csv
Benin,BEN,2007,Population 15-64 ans %,52.5721666000854,unité,demographic,World Bank,100,worldbank_demographic_data.csv
Benin,BEN,2007,Taux de mortalité brut,10.661,unité,demographic,World Bank,100,worldbank_demographic_data.csv
Benin,BEN,2007,Espérance de vie,58.249,unité,demographic,World Bank,100,worldbank_demographic_data.csv
Benin,BEN,2007,Taux de fécondité,5.627,unité,demographic,World Bank,100,worldbank_demographic_data.csv
Benin,BEN,2007,Taux de croissance population,2.95509554727715,unité,demographic,World Bank,100,worldbank_demographic_data.csv
Benin,BEN,2007,Ratio de dépendance,90.2147219975119,unité,demographic,World Bank,100,worldbank_demographic_data.csv
Benin,BEN,2007,Taux de natalité brut,40.961,unité,demographic,World Bank,100,worldbank_demographic_data.csv
Benin,BEN,2007,Population 0-14 ans %,44.3714904530047,unité,demographic,World Bank,100,worldbank_demographic_data.csv
Benin,BEN,2008,Taux de croissance population,3.01959398464251,unité,demographic,World Bank,100,worldbank_demographic_data.csv
Benin,BEN,2008,Ratio de dépendance,89.8184844413472,unité,demographic,World Bank,100,worldbank_demographic_data.csv
Benin,BEN,2008,Population urbaine %,42.069,unité,demographic,World Bank,100,worldbank_demographic_data.csv
Benin,BEN,2008,Population urbaine,3882323.0,unité,demographic,World Bank,100,worldbank_demographic_data.csv
Benin,BEN,2008,Population 0-14 ans %,44.2604599724375,unité,demographic,World Bank,100,worldbank_demographic_data.csv
Benin,BEN,2008,Population rurale,5346143.0,unité,demographic,World Bank,100,worldbank_demographic_data.csv
Benin,BEN,2008,Taux de fécondité,5.548,unité,demographic,World Bank,100,worldbank_demographic_data.csv
Benin,BEN,2008,Population 65+ ans %,3.0576316800647,unité,demographic,World Bank,100,worldbank_demographic_data.csv
Benin,BEN,2008,Population 15-64 ans %,52.6819083474978,unité,demographic,World Bank,100,worldbank_demographic_data.csv
Benin,BEN,2008,Population totale,9228466.0,unité,demographic,World Bank,100,worldbank_demographic_data.csv
Benin,BEN,2008,Taux de mortalité brut,10.654,unité,demographic,World Bank,100,worldbank_demographic_data.csv
Benin,BEN,2008,Espérance de vie,58.099,unité,demographic,World Bank,100,worldbank_demographic_data.csv
Benin,BEN,2008,Densité de population,81.8416637105357,unité,demographic,World Bank,100,worldbank_demographic_data.csv
Benin,BEN,2008,Taux urbanisation (calculé),42.06899608233915,%,demographic,Calculé,90,
Benin,BEN,2008,Taux de natalité brut,40.371,unité,demographic,World Bank,100,worldbank_demographic_data.csv
Benin,BEN,2009,Population rurale,5460311.0,unité,demographic,World Bank,100,worldbank_demographic_data.csv
Benin,BEN,2009,Population totale,9509423.0,unité,demographic,World Bank,100,worldbank_demographic_data.csv
Benin,BEN,2009,Population urbaine,4049112.0,unité,demographic,World Bank,100,worldbank_demographic_data.csv
Benin,BEN,2009,Population urbaine %,42.58,unité,demographic,World Bank,100,worldbank_demographic_data.csv
Benin,BEN,2009,Population 65+ ans %,3.06062207980442,unité,demographic,World Bank,100,worldbank_demographic_data.csv
Benin,BEN,2009,Taux urbanisation (calculé),42.5799967043216,%,demographic,Calculé,90,
Benin,BEN,2009,Ratio de dépendance,89.2022244846513,unité,demographic,World Bank,100,worldbank_demographic_data.csv
Benin,BEN,2009,Taux de fécondité,5.491,unité,demographic,World Bank,100,worldbank_demographic_data.csv
Benin,BEN,2009,Taux de mortalité brut,10.516,unité,demographic,World Bank,100,worldbank_demographic_data.csv
Benin,BEN,2009,Population 15-64 ans %,52.8534959481769,unité,demographic,World Bank,100,worldbank_demographic_data.csv
Benin,BEN,2009,Population 0-14 ans %,44.0858819720187,unité,demographic,World Bank,100,worldbank_demographic_data.csv
Benin,BEN,2009,Espérance de vie,58.258,unité,demographic,World Bank,100,worldbank_demographic_data.csv
Benin,BEN,2009,Densité de population,84.3333008158922,unité,demographic,World Bank,100,worldbank_demographic_data.csv
Benin,BEN,2009,Taux de croissance population,2.99903642214246,unité,demographic,World Bank,100,worldbank_demographic_data.csv
Benin,BEN,2009,Taux de natalité brut,39.982,unité,demographic,World Bank,100,worldbank_demographic_data.csv
Benin,BEN,2010,Population urbaine %,43.093,unité,demographic,World Bank,100,worldbank_demographic_data.csv
Benin,BEN,2010,Population rurale,5575454.0,unité,demographic,World Bank,100,worldbank_demographic_data.csv
Benin,BEN,2010,Espérance de vie,58.387,unité,demographic,World Bank,100,worldbank_demographic_data.csv
Benin,BEN,2010,Taux de natalité brut,39.77,unité,demographic,World Bank,100,worldbank_demographic_data.csv
Benin,BEN,2010,Taux de mortalité brut,10.405,unité,demographic,World Bank,100,worldbank_demographic_data.csv
Benin,BEN,2010,Taux de fécondité,5.452,unité,demographic,World Bank,100,worldbank_demographic_data.csv
Benin,BEN,2010,Taux de croissance population,2.98424162798508,unité,demographic,World Bank,100,worldbank_demographic_data.csv
Benin,BEN,2010,Ratio de dépendance,88.5466956692596,unité,demographic,World Bank,100,worldbank_demographic_data.csv
Benin,BEN,2010,Densité de population,86.8879389854558,unité,demographic,World Bank,100,worldbank_demographic_data.csv
Benin,BEN,2010,Population urbaine,4222030.0,unité,demographic,World Bank,100,worldbank_demographic_data.csv
Benin,BEN,2010,Population 0-14 ans %,43.89894895465,unité,demographic,World Bank,100,worldbank_demographic_data.csv
Benin,BEN,2010,Population 65+ ans %,3.0637865803098,unité,demographic,World Bank,100,worldbank_demographic_data.csv
Benin,BEN,2010,Population 15-64 ans %,53.0372644650402,unité,demographic,World Bank,100,worldbank_demographic_data.csv
Benin,BEN,2010,Population totale,9797484.0,unité,demographic,World Bank,100,worldbank_demographic_data.csv
Benin,BEN,2010,Taux urbanisation (calculé),43.09300224424965,%,demographic,Calculé,90,
Benin,BEN,2011,Espérance de vie,58.462,unité,demographic,World Bank,100,worldbank_demographic_data.csv
Benin,BEN,2011,Population 0-14 ans %,43.7626983015564,unité,demographic,World Bank,100,worldbank_demographic_data.csv
Benin,BEN,2011,Population 15-64 ans %,53.1738379185632,unité,demographic,World Bank,100,worldbank_demographic_data.csv
Benin,BEN,2011,Taux urbanisation (calculé),43.60799883253021,%,demographic,Calculé,90,
Benin,BEN,2011,Population totale,10093623.0,unité,demographic,World Bank,100,worldbank_demographic_data.csv
Benin,BEN,2011,Taux de fécondité,5.436,unité,demographic,World Bank,100,worldbank_demographic_data.csv
Benin,BEN,2011,Population urbaine %,43.608,unité,demographic,World Bank,100,worldbank_demographic_data.csv
Benin,BEN,2011,Ratio de dépendance,88.0623986546347,unité,demographic,World Bank,100,worldbank_demographic_data.csv
Benin,BEN,2011,Taux de croissance population,2.97782202797765,unité,demographic,World Bank,100,worldbank_demographic_data.csv
Benin,BEN,2011,Taux de mortalité brut,10.331,unité,demographic,World Bank,100,worldbank_demographic_data.csv
Benin,BEN,2011,Taux de natalité brut,39.691,unité,demographic,World Bank,100,worldbank_demographic_data.csv
Benin,BEN,2011,Population 65+ ans %,3.06346377988044,unité,demographic,World Bank,100,worldbank_demographic_data.csv
Benin,BEN,2011,Densité de population,89.5142160340546,unité,demographic,World Bank,100,worldbank_demographic_data.csv
Benin,BEN,2011,Population urbaine,4401627.0,unité,demographic,World Bank,100,worldbank_demographic_data.csv
Benin,BEN,2011,Population rurale,5691996.0,unité,demographic,World Bank,100,worldbank_demographic_data.csv
Benin,BEN,2012,Taux urbanisation (calculé),44.12499854534536,%,demographic,Calculé,90,
Benin,BEN,2012,Taux de croissance population,2.96766540040992,unité,demographic,World Bank,100,worldbank_demographic_data.csv
Benin,BEN,2012,Population 0-14 ans %,43.6547820340679,unité,demographic,World Bank,100,worldbank_demographic_data.csv
Benin,BEN,2012,Espérance de vie,58.559,unité,demographic,World Bank,100,worldbank_demographic_data.csv
Benin,BEN,2012,Densité de population,92.2105090457609,unité,demographic,World Bank,100,worldbank_demographic_data.csv
Benin,BEN,2012,Taux de natalité brut,39.706,unité,demographic,World Bank,100,worldbank_demographic_data.csv
Benin,BEN,2012,Taux de fécondité,5.429,unité,demographic,World Bank,100,worldbank_demographic_data.csv
Benin,BEN,2012,Taux de mortalité brut,10.259,unité,demographic,World Bank,100,worldbank_demographic_data.csv
Benin,BEN,2012,Ratio de dépendance,87.6622199954373,unité,demographic,World Bank,100,worldbank_demographic_data.csv
Benin,BEN,2012,Population rurale,5809691.0,unité,demographic,World Bank,100,worldbank_demographic_data.csv
Benin,BEN,2012,Population totale,10397657.0,unité,demographic,World Bank,100,worldbank_demographic_data.csv
Benin,BEN,2012,Population 15-64 ans %,53.2872357685967,unité,demographic,World Bank,100,worldbank_demographic_data.csv
Benin,BEN,2012,Population 65+ ans %,3.05798219733542,unité,demographic,World Bank,100,worldbank_demographic_data.csv
Benin,BEN,2012,Population urbaine %,44.125,unité,demographic,World Bank,100,worldbank_demographic_data.csv
Benin,BEN,2012,Population urbaine,4587966.0,unité,demographic,World Bank,100,worldbank_demographic_data.csv
Benin,BEN,2013,Population rurale,5928196.0,unité,demographic,World Bank,100,worldbank_demographic_data.csv
Benin,BEN,2013,Taux urbanisation (calculé),44.64200304160098,%,demographic,Calculé,90,
Benin,BEN,2013,Taux de natalité brut,39.582,unité,demographic,World Bank,100,worldbank_demographic_data.csv
Benin,BEN,2013,Espérance de vie,58.863,unité,demographic,World Bank,100,worldbank_demographic_data.csv
Benin,BEN,2013,Taux de mortalité brut,10.092,unité,demographic,World Bank,100,worldbank_demographic_data.csv
Benin,BEN,2013,Population totale,10708834.0,unité,demographic,World Bank,100,worldbank_demographic_data.csv
Benin,BEN,2013,Population 0-14 ans %,43.5668506751926,unité,demographic,World Bank,100,worldbank_demographic_data.csv
Benin,BEN,2013,Densité de population,94.9701489890032,unité,demographic,World Bank,100,worldbank_demographic_data.csv
Benin,BEN,2013,Taux de croissance population,2.94885160135819,unité,demographic,World Bank,100,worldbank_demographic_data.csv
Benin,BEN,2013,Ratio de dépendance,87.3352984395774,unité,demographic,World Bank,100,worldbank_demographic_data.csv
Benin,BEN,2013,Population urbaine %,44.642,unité,demographic,World Bank,100,worldbank_demographic_data.csv
Benin,BEN,2013,Population urbaine,4780638.0,unité,demographic,World Bank,100,worldbank_demographic_data.csv
Benin,BEN,2013,Population 65+ ans %,3.052923551384,unité,demographic,World Bank,100,worldbank_demographic_data.csv
Benin,BEN,2013,Taux de fécondité,5.41,unité,demographic,World Bank,100,worldbank_demographic_data.csv
Benin,BEN,2013,Population 15-64 ans %,53.3802257734234,unité,demographic,World Bank,100,worldbank_demographic_data.csv
Benin,BEN,2014,Population 15-64 ans %,53.4710165776466,unité,demographic,World Bank,100,worldbank_demographic_data.csv
Benin,BEN,2014,Taux de natalité brut,39.342,unité,demographic,World Bank,100,worldbank_demographic_data.csv
Benin,BEN,2014,Population 65+ ans %,3.04630456372929,unité,demographic,World Bank,100,worldbank_demographic_data.csv
Benin,BEN,2014,Taux urbanisation (calculé),45.16600356627251,%,demographic,Calculé,90,
Benin,BEN,2014,Taux de mortalité brut,9.99,unité,demographic,World Bank,100,worldbank_demographic_data.csv
Benin,BEN,2014,Taux de croissance population,2.9550187594558,unité,demographic,World Bank,100,worldbank_demographic_data.csv
Benin,BEN,2014,Densité de population,97.8184107839659,unité,demographic,World Bank,100,worldbank_demographic_data.csv
Benin,BEN,2014,Ratio de dépendance,87.0172121898555,unité,demographic,World Bank,100,worldbank_demographic_data.csv
Benin,BEN,2014,Population urbaine %,45.166,unité,demographic,World Bank,100,worldbank_demographic_data.csv
Benin,BEN,2014,Population 0-14 ans %,43.4826788586241,unité,demographic,World Bank,100,worldbank_demographic_data.csv
Benin,BEN,2014,Population totale,11030004.0,unité,demographic,World Bank,100,worldbank_demographic_data.csv
Benin,BEN,2014,Population urbaine,4981812.0,unité,demographic,World Bank,100,worldbank_demographic_data.csv
Benin,BEN,2014,Population rurale,6048192.0,unité,demographic,World Bank,100,worldbank_demographic_data.csv
Benin,BEN,2014,Taux de fécondité,5.374,unité,demographic,World Bank,100,worldbank_demographic_data.csv
Benin,BEN,2014,Espérance de vie,59.008,unité,demographic,World Bank,100,worldbank_demographic_data.csv
Benin,BEN,2015,Densité de population,100.750984391628,unité,demographic,World Bank,100,worldbank_demographic_data.csv
Benin,BEN,2015,Espérance de vie,59.123,unité,demographic,World Bank,100,worldbank_demographic_data.csv
Benin,BEN,2015,Population 0-14 ans %,43.397891376406,unité,demographic,World Bank,100,worldbank_demographic_data.csv
Benin,BEN,2015,Population 15-64 ans %,53.5644826221245,unité,demographic,World Bank,100,worldbank_demographic_data.csv
Benin,BEN,2015,Population 65+ ans %,3.03762600146945,unité,demographic,World Bank,100,worldbank_demographic_data.csv
Benin,BEN,2015,Population rurale,6169418.0,unité,demographic,World Bank,100,worldbank_demographic_data.csv
Benin,BEN,2015,Population totale,11360681.0,unité,demographic,World Bank,100,worldbank_demographic_data.csv
Benin,BEN,2015,Population urbaine,5191263.0,unité,demographic,World Bank,100,worldbank_demographic_data.csv
Benin,BEN,2015,Population urbaine %,45.695,unité,demographic,World Bank,100,worldbank_demographic_data.csv
Benin,BEN,2015,Ratio de dépendance,86.6908725796141,unité,demographic,World Bank,100,worldbank_demographic_data.csv
Benin,BEN,2015,Taux de croissance population,2.95391627666724,unité,demographic,World Bank,100,worldbank_demographic_data.csv
Benin,BEN,2015,Taux de fécondité,5.32,unité,demographic,World Bank,100,worldbank_demographic_data.csv
Benin,BEN,2015,Taux de mortalité brut,9.898,unité,demographic,World Bank,100,worldbank_demographic_data.csv
Benin,BEN,2015,Taux de natalité brut,38.996,unité,demographic,World Bank,100,worldbank_demographic_data.csv
Benin,BEN,2015,Taux urbanisation (calculé),45.69499838962118,%,demographic,Calculé,90,
Benin,BEN,2016,Densité de population,103.741060659808,unité,demographic,World Bank,100,worldbank_demographic_data.csv
Benin,BEN,2016,Espérance de vie,59.283,unité,demographic,World Bank,100,worldbank_demographic_data.csv
Benin,BEN,2016,Population 0-14 ans %,43.3119392154527,unité,demographic,World Bank,100,worldbank_demographic_data.csv
Benin,BEN,2016,Population urbaine,5407795.0,unité,demographic,World Bank,100,worldbank_demographic_data.csv
Benin,BEN,2016,Population 15-64 ans %,53.6566169066319,unité,demographic,World Bank,100,worldbank_demographic_data.csv
Benin,BEN,2016,Population urbaine %,46.229,unité,demographic,World Bank,100,worldbank_demographic_data.csv
Benin,BEN,2016,Population 65+ ans %,3.03144387791543,unité,demographic,World Bank,100,worldbank_demographic_data.csv
Benin,BEN,2016,Ratio de dépendance,86.3703118821361,unité,demographic,World Bank,100,worldbank_demographic_data.csv
Benin,BEN,2016,Population totale,11697842.0,unité,demographic,World Bank,100,worldbank_demographic_data.csv
Benin,BEN,2016,Population rurale,6290047.0,unité,demographic,World Bank,100,worldbank_demographic_data.csv
Benin,BEN,2016,Taux de natalité brut,38.554,unité,demographic,World Bank,100,worldbank_demographic_data.csv
Benin,BEN,2016,Taux de croissance population,2.92460216679542,unité,demographic,World Bank,100,worldbank_demographic_data.csv
Benin,BEN,2016,Taux de mortalité brut,9.783,unité,demographic,World Bank,100,worldbank_demographic_data.csv
Benin,BEN,2016,Taux urbanisation (calculé),46.228996767096014,%,demographic,Calculé,90,
Benin,BEN,2016,Taux de fécondité,5.254,unité,demographic,World Bank,100,worldbank_demographic_data.csv
Benin,BEN,2017,Taux de fécondité,5.155,unité,demographic,World Bank,100,worldbank_demographic_data.csv
Benin,BEN,2017,Taux de mortalité brut,9.62,unité,demographic,World Bank,100,worldbank_demographic_data.csv
Benin,BEN,2017,Densité de population,106.773501241575,unité,demographic,World Bank,100,worldbank_demographic_data.csv
Benin,BEN,2017,Taux de croissance population,2.88117869411855,unité,demographic,World Bank,100,worldbank_demographic_data.csv
Benin,BEN,2017,Ratio de dépendance,85.9975863127993,unité,demographic,World Bank,100,worldbank_demographic_data.csv
Benin,BEN,2017,Population urbaine %,46.768,unité,demographic,World Bank,100,worldbank_demographic_data.csv
Benin,BEN,2017,Population totale,12039780.0,unité,demographic,World Bank,100,worldbank_demographic_data.csv
Benin,BEN,2017,Population rurale,6409016.0,unité,demographic,World Bank,100,worldbank_demographic_data.csv
Benin,BEN,2017,Population 65+ ans %,3.02784602376455,unité,demographic,World Bank,100,worldbank_demographic_data.csv
Benin,BEN,2017,Population 15-64 ans %,53.7641385473821,unité,demographic,World Bank,100,worldbank_demographic_data.csv
Benin,BEN,2017,Taux de natalité brut,37.84,unité,demographic,World Bank,100,worldbank_demographic_data.csv
Benin,BEN,2017,Population 0-14 ans %,43.2080154288533,unité,demographic,World Bank,100,worldbank_demographic_data.csv
Benin,BEN,2017,Espérance de vie,59.528,unité,demographic,World Bank,100,worldbank_demographic_data.csv
Benin,BEN,2017,Taux urbanisation (calculé),46.767997421879805,%,demographic,Calculé,90,
Benin,BEN,2017,Population urbaine,5630764.0,unité,demographic,World Bank,100,worldbank_demographic_data.csv
Benin,BEN,2018,Population urbaine %,47.312,unité,demographic,World Bank,100,worldbank_demographic_data.csv
Benin,BEN,2018,Population 15-64 ans %,53.9063205647746,unité,demographic,World Bank,100,worldbank_demographic_data.csv
Benin,BEN,2018,Population 65+ ans %,3.02828051946374,unité,demographic,World Bank,100,worldbank_demographic_data.csv
Benin,BEN,2018,Population rurale,6524538.0,unité,demographic,World Bank,100,worldbank_demographic_data.csv
Benin,BEN,2018,Population totale,12383347.0,unité,demographic,World Bank,100,worldbank_demographic_data.csv
Benin,BEN,2018,Taux de croissance population,2.8136418840483,unité,demographic,World Bank,100,worldbank_demographic_data.csv
Benin,BEN,2018,Taux urbanisation (calculé),47.311998928884094,%,demographic,Calculé,90,
Benin,BEN,2018,Taux de mortalité brut,9.477,unité,demographic,World Bank,100,worldbank_demographic_data.csv
Benin,BEN,2018,Taux de fécondité,5.031,unité,demographic,World Bank,100,worldbank_demographic_data.csv
Benin,BEN,2018,Densité de population,109.820388435615,unité,demographic,World Bank,100,worldbank_demographic_data.csv
Benin,BEN,2018,Espérance de vie,59.71,unité,demographic,World Bank,100,worldbank_demographic_data.csv
Benin,BEN,2018,Population 0-14 ans %,43.0653989157617,unité,demographic,World Bank,100,worldbank_demographic_data.csv
Benin,BEN,2018,Population urbaine,5858809.0,unité,demographic,World Bank,100,worldbank_demographic_data.csv
Benin,BEN,2018,Taux de natalité brut,36.955,unité,demographic,World Bank,100,worldbank_demographic_data.csv
Benin,BEN,2018,Ratio de dépendance,85.5069960528249,unité,demographic,World Bank,100,worldbank_demographic_data.csv
Benin,BEN,2019,Taux urbanisation (calculé),47.86099834561127,%,demographic,Calculé,90,
Benin,BEN,2019,Taux de mortalité brut,9.335,unité,demographic,World Bank,100,worldbank_demographic_data.csv
Benin,BEN,2019,Densité de population,112.865865555161,unité,demographic,World Bank,100,worldbank_demographic_data.csv
Benin,BEN,2019,Espérance de vie,59.888,unité,demographic,World Bank,100,worldbank_demographic_data.csv
Benin,BEN,2019,Population 0-14 ans %,42.8769823886765,unité,demographic,World Bank,100,worldbank_demographic_data.csv
Benin,BEN,2019,Population 15-64 ans %,54.0897463650396,unité,demographic,World Bank,100,worldbank_demographic_data.csv
Benin,BEN,2019,Population rurale,6635603.0,unité,demographic,World Bank,100,worldbank_demographic_data.csv
Benin,BEN,2019,Population totale,12726755.0,unité,demographic,World Bank,100,worldbank_demographic_data.csv
Benin,BEN,2019,Population urbaine,6091152.0,unité,demographic,World Bank,100,worldbank_demographic_data.csv
Benin,BEN,2019,Population urbaine %,47.861,unité,demographic,World Bank,100,worldbank_demographic_data.csv
Benin,BEN,2019,Ratio de dépendance,84.8779371019408,unité,demographic,World Bank,100,worldbank_demographic_data.csv
Benin,BEN,2019,Taux de croissance population,2.73538842831436,unité,demographic,World Bank,100,worldbank_demographic_data.csv
Benin,BEN,2019,Taux de fécondité,4.9,unité,demographic,World Bank,100,worldbank_demographic_data.csv
Benin,BEN,2019,Taux de natalité brut,36.036,unité,demographic,World Bank,100,worldbank_demographic_data.csv
Benin,BEN,2019,Population 65+ ans %,3.03327124628391,unité,demographic,World Bank,100,worldbank_demographic_data.csv
Benin,BEN,2020,Taux urbanisation (calculé),48.41499754134778,%,demographic,Calculé,90,
Benin,BEN,2020,Population totale,13070169.0,unité,demographic,World Bank,100,worldbank_demographic_data.csv
Benin,BEN,2020,Population rurale,6742247.0,unité,demographic,World Bank,100,worldbank_demographic_data.csv
Benin,BEN,2020,Densité de population,115.911395885066,unité,demographic,World Bank,100,worldbank_demographic_data.csv
Benin,BEN,2020,Espérance de vie,60.154,unité,demographic,World Bank,100,worldbank_demographic_data.csv
Benin,BEN,2020,Population 65+ ans %,3.0399645176738,unité,demographic,World Bank,100,worldbank_demographic_data.csv
Benin,BEN,2020,Population 0-14 ans %,42.6531783942503,unité,demographic,World Bank,100,worldbank_demographic_data.csv
Benin,BEN,2020,Taux de natalité brut,35.331,unité,demographic,World Bank,100,worldbank_demographic_data.csv
Benin,BEN,2020,Population 15-64 ans %,54.3068570880759,unité,demographic,World Bank,100,worldbank_demographic_data.csv
Benin,BEN,2020,Taux de fécondité,4.795,unité,demographic,World Bank,100,worldbank_demographic_data.csv
Benin,BEN,2020,Taux de croissance population,2.66259875153288,unité,demographic,World Bank,100,worldbank_demographic_data.csv
Benin,BEN,2020,Ratio de dépendance,84.1388233696318,unité,demographic,World Bank,100,worldbank_demographic_data.csv
Benin,BEN,2020,Population urbaine %,48.415,unité,demographic,World Bank,100,worldbank_demographic_data.csv
Benin,BEN,2020,Population urbaine,6327922.0,unité,demographic,World Bank,100,worldbank_demographic_data.csv
Benin,BEN,2020,Taux de mortalité brut,9.17,unité,demographic,World Bank,100,worldbank_demographic_data.csv
Benin,BEN,2021,Taux de natalité brut,34.779,unité,demographic,World Bank,100,worldbank_demographic_data.csv
Benin,BEN,2021,Taux urbanisation (calculé),48.97200318159049,%,demographic,Calculé,90,
Benin,BEN,2021,Taux de fécondité,4.707,unité,demographic,World Bank,100,worldbank_demographic_data.csv
Benin,BEN,2021,Taux de mortalité brut,9.349,unité,demographic,World Bank,100,worldbank_demographic_data.csv
Benin,BEN,2021,Taux de croissance population,2.59230167510348,unité,demographic,World Bank,100,worldbank_demographic_data.csv
Benin,BEN,2021,Population urbaine %,48.972,unité,demographic,World Bank,100,worldbank_demographic_data.csv
Benin,BEN,2021,Population urbaine,6568819.0,unité,demographic,World Bank,100,worldbank_demographic_data.csv
Benin,BEN,2021,Population totale,13413417.0,unité,demographic,World Bank,100,worldbank_demographic_data.csv
Benin,BEN,2021,Population rurale,6844598.0,unité,demographic,World Bank,100,worldbank_demographic_data.csv
Benin,BEN,2021,Population 65+ ans %,3.04703492033387,unité,demographic,World Bank,100,worldbank_demographic_data.csv
Benin,BEN,2021,Densité de population,118.955454061724,unité,demographic,World Bank,100,worldbank_demographic_data.csv
Benin,BEN,2021,Espérance de vie,59.61,unité,demographic,World Bank,100,worldbank_demographic_data.csv
Benin,BEN,2021,Population 0-14 ans %,42.3988645100648,unité,demographic,World Bank,100,worldbank_demographic_data.csv
Benin,BEN,2021,Ratio de dépendance,83.3042640253888,unité,demographic,World Bank,100,worldbank_demographic_data.csv
Benin,BEN,2021,Population 15-64 ans %,54.5541005696013,unité,demographic,World Bank,100,worldbank_demographic_data.csv
Benin,BEN,2022,Densité de population,122.024663001064,unité,demographic,World Bank,100,worldbank_demographic_data.csv
Benin,BEN,2022,Taux de natalité brut,34.35,unité,demographic,World Bank,100,worldbank_demographic_data.csv
Benin,BEN,2022,Taux de mortalité brut,8.948,unité,demographic,World Bank,100,worldbank_demographic_data.csv
Benin,BEN,2022,Taux urbanisation (calculé),49.533998362295264,%,demographic,Calculé,90,
Benin,BEN,2022,Taux de fécondité,4.634,unité,demographic,World Bank,100,worldbank_demographic_data.csv
Benin,BEN,2022,Population 0-14 ans %,42.1206314865863,unité,demographic,World Bank,100,worldbank_demographic_data.csv
Benin,BEN,2022,Espérance de vie,60.475,unité,demographic,World Bank,100,worldbank_demographic_data.csv
Benin,BEN,2022,Population totale,13759501.0,unité,demographic,World Bank,100,worldbank_demographic_data.csv
Benin,BEN,2022,Population rurale,6943870.0,unité,demographic,World Bank,100,worldbank_demographic_data.csv
Benin,BEN,2022,Population 65+ ans %,3.06253123069402,unité,demographic,World Bank,100,worldbank_demographic_data.csv
Benin,BEN,2022,Population 15-64 ans %,54.8168372827197,unité,demographic,World Bank,100,worldbank_demographic_data.csv
Benin,BEN,2022,Population urbaine %,49.534,unité,demographic,World Bank,100,worldbank_demographic_data.csv
Benin,BEN,2022,Ratio de dépendance,82.425708214612,unité,demographic,World Bank,100,worldbank_demographic_data.csv
Benin,BEN,2022,Taux de croissance population,2.54740926342667,unité,demographic,World Bank,100,worldbank_demographic_data.csv
Benin,BEN,2022,Population urbaine,6815631.0,unité,demographic,World Bank,100,worldbank_demographic_data.csv
Benin,BEN,2023,Population urbaine %,50.1,unité,demographic,World Bank,100,worldbank_demographic_data.csv
Benin,BEN,2023,Population urbaine,7069628.0,unité,demographic,World Bank,100,worldbank_demographic_data.csv
Benin,BEN,2023,Population totale,14111034.0,unité,demographic,World Bank,100,worldbank_demographic_data.csv
Benin,BEN,2023,Population 0-14 ans %,41.8362665047697,unité,demographic,World Bank,100,worldbank_demographic_data.csv
Benin,BEN,2023,Population rurale,7041406.0,unité,demographic,World Bank,100,worldbank_demographic_data.csv
Benin,BEN,2023,Taux de natalité brut,33.879,unité,demographic,World Bank,100,worldbank_demographic_data.csv
Benin,BEN,2023,Population 65+ ans %,3.08788133145022,unité,demographic,World Bank,100,worldbank_demographic_data.csv
Benin,BEN,2023,Population 15-64 ans %,55.0758521637801,unité,demographic,World Bank,100,worldbank_demographic_data.csv
Benin,BEN,2023,Taux de croissance population,2.52274772277722,unité,demographic,World Bank,100,worldbank_demographic_data.csv
Benin,BEN,2023,Ratio de dépendance,81.5677814531873,unité,demographic,World Bank,100,worldbank_demographic_data.csv
Benin,BEN,2023,Taux urbanisation (calculé),50.0999997590538,%,demographic,Calculé,90,
Benin,BEN,2023,Taux de mortalité brut,8.797,unité,demographic,World Bank,100,worldbank_demographic_data.csv
Benin,BEN,2023,Taux de fécondité,4.556,unité,demographic,World Bank,100,worldbank_demographic_data.csv
Benin,BEN,2023,Espérance de vie,60.774,unité,demographic,World Bank,100,worldbank_demographic_data.csv
Benin,BEN,2024,Population 0-14 ans %,41.5524903883943,unité,demographic,World Bank,100,worldbank_demographic_data.csv
Benin,BEN,2024,Population 65+ ans %,3.11814703786092,unité,demographic,World Bank,100,worldbank_demographic_data.csv
Benin,BEN,2024,Taux urbanisation (calculé),50.669002602829174,%,demographic,Calculé,90,
Benin,BEN,2024,Population rurale,7134606.0,unité,demographic,World Bank,100,worldbank_demographic_data.csv
Benin,BEN,2024,Population totale,14462724.0,unité,demographic,World Bank,100,worldbank_demographic_data.csv
Benin,BEN,2024,Population urbaine,7328118.0,unité,demographic,World Bank,100,worldbank_demographic_data.csv
Benin,BEN,2024,Population urbaine %,50.669,unité,demographic,World Bank,100,worldbank_demographic_data.csv
Benin,BEN,2024,Ratio de dépendance,80.7358613009806,unité,demographic,World Bank,100,worldbank_demographic_data.csv
Benin,BEN,2024,Taux de croissance population,2.46175361912328,unité,demographic,World Bank,100,worldbank_demographic_data.csv
Benin,BEN,2024,Population 15-64 ans %,55.3293625737447,unité,demographic,World Bank,100,worldbank_demographic_data.csv
