year,population_totale,taux_croissance,population_urbaine_pct,densite_pop_km2,esperance_vie,taux_fecondite,mortalite_infantile,country,country_code,source,collection_date
2000,6769914,2.7,38.0,60.0,56.0,5.7,98.0,Benin,BEN,Projections basées sur tendances historiques,2025-10-05
2001,7009914,2.71,38.8,62.5,56.5,5.65,95.5,Benin,BEN,Projections basées sur tendances historiques,2025-10-05
2002,7249914,2.72,39.6,65.0,57.0,5.6000000000000005,93.0,Benin,BEN,Projections basées sur tendances historiques,2025-10-05
2003,7489914,2.73,40.4,67.5,57.5,5.55,90.5,Benin,BEN,Projections basées sur tendances historiques,2025-10-05
2004,7729914,2.74,41.2,70.0,58.0,5.5,88.0,Benin,BEN,Projections basées sur tendances historiques,2025-10-05
2005,7969914,2.75,42.0,72.5,58.5,5.45,85.5,Benin,BEN,Projections basées sur tendances historiques,2025-10-05
2006,8209914,2.7600000000000002,42.8,75.0,59.0,5.4,83.0,Benin,BEN,Projections basées sur tendances historiques,2025-10-05
2007,8449914,2.77,43.6,77.5,59.5,5.3500000000000005,80.5,Benin,BEN,Projections basées sur tendances historiques,2025-10-05
2008,8689914,2.7800000000000002,44.4,80.0,60.0,5.3,78.0,Benin,BEN,Projections basées sur tendances historiques,2025-10-05
2009,8929914,2.79,45.2,82.5,60.5,5.25,75.5,Benin,BEN,Projections basées sur tendances historiques,2025-10-05
2010,9169914,2.8000000000000003,46.0,85.0,61.0,5.2,73.0,Benin,BEN,Projections basées sur tendances historiques,2025-10-05
2011,9409914,2.81,46.8,87.5,61.5,5.15,70.5,Benin,BEN,Projections basées sur tendances historiques,2025-10-05
2012,9649914,2.8200000000000003,47.6,90.0,62.0,5.1,68.0,Benin,BEN,Projections basées sur tendances historiques,2025-10-05
2013,9889914,2.83,48.4,92.5,62.5,5.05,65.5,Benin,BEN,Projections basées sur tendances historiques,2025-10-05
2014,10129914,2.8400000000000003,49.2,95.0,63.0,5.0,63.0,Benin,BEN,Projections basées sur tendances historiques,2025-10-05
2015,10369914,2.85,50.0,97.5,63.5,4.95,60.5,Benin,BEN,Projections basées sur tendances historiques,2025-10-05
2016,10609914,2.8600000000000003,50.8,100.0,64.0,4.9,58.0,Benin,BEN,Projections basées sur tendances historiques,2025-10-05
2017,10849914,2.87,51.6,102.5,64.5,4.85,55.5,Benin,BEN,Projections basées sur tendances historiques,2025-10-05
2018,11089914,2.8800000000000003,52.4,105.0,65.0,4.8,53.0,Benin,BEN,Projections basées sur tendances historiques,2025-10-05
2019,11329914,2.89,53.2,107.5,65.5,4.75,50.5,Benin,BEN,Projections basées sur tendances historiques,2025-10-05
2020,11569914,2.9000000000000004,54.0,110.0,66.0,4.7,48.0,Benin,BEN,Projections basées sur tendances historiques,2025-10-05
2021,11809914,2.91,54.8,112.5,66.5,4.65,45.5,Benin,BEN,Projections basées sur tendances historiques,2025-10-05
2022,12049914,2.9200000000000004,55.6,115.0,67.0,4.6,43.0,Benin,BEN,Projections basées sur tendances historiques,2025-10-05
2023,12289914,2.93,56.400000000000006,117.5,67.5,4.55,40.5,Benin,BEN,Projections basées sur tendances historiques,2025-10-05
2024,12529914,2.9400000000000004,57.2,120.0,68.0,4.5,38.0,Benin,BEN,Projections basées sur tendances historiques,2025-10-05
