country,country_code,year,indicator,indicator_code,value,source,collection_date
Benin,BEN,2024,Population totale,SP.POP.TOTL,14462724.0,World Bank,2025-10-05
Benin,BEN,2023,Population totale,SP.POP.TOTL,14111034.0,World Bank,2025-10-05
Benin,BEN,2022,Population totale,SP.POP.TOTL,13759501.0,World Bank,2025-10-05
Benin,BEN,2021,Population totale,SP.POP.TOTL,13413417.0,World Bank,2025-10-05
Benin,BEN,2020,Population totale,SP.POP.TOTL,13070169.0,World Bank,2025-10-05
Benin,BEN,2019,Population totale,SP.POP.TOTL,12726755.0,World Bank,2025-10-05
Benin,BEN,2018,Population totale,SP.POP.TOTL,12383347.0,World Bank,2025-10-05
Benin,BEN,2017,Population totale,SP.POP.TOTL,12039780.0,World Bank,2025-10-05
Benin,BEN,2016,Population totale,SP.POP.TOTL,11697842.0,World Bank,2025-10-05
Benin,BEN,2015,Population totale,SP.POP.TOTL,11360681.0,World Bank,2025-10-05
Benin,BEN,2014,Population totale,SP.POP.TOTL,11030004.0,World Bank,2025-10-05
Benin,BEN,2013,Population totale,SP.POP.TOTL,10708834.0,World Bank,2025-10-05
Benin,BEN,2012,Population totale,SP.POP.TOTL,10397657.0,World Bank,2025-10-05
Benin,BEN,2011,Population totale,SP.POP.TOTL,10093623.0,World Bank,2025-10-05
Benin,BEN,2010,Population totale,SP.POP.TOTL,9797484.0,World Bank,2025-10-05
Benin,BEN,2009,Population totale,SP.POP.TOTL,9509423.0,World Bank,2025-10-05
Benin,BEN,2008,Population totale,SP.POP.TOTL,9228466.0,World Bank,2025-10-05
Benin,BEN,2007,Population totale,SP.POP.TOTL,8953969.0,World Bank,2025-10-05
Benin,BEN,2006,Population totale,SP.POP.TOTL,8693242.0,World Bank,2025-10-05
Benin,BEN,2005,Population totale,SP.POP.TOTL,8426144.0,World Bank,2025-10-05
Benin,BEN,2004,Population totale,SP.POP.TOTL,8159094.0,World Bank,2025-10-05
Benin,BEN,2003,Population totale,SP.POP.TOTL,7913070.0,World Bank,2025-10-05
Benin,BEN,2002,Population totale,SP.POP.TOTL,7675426.0,World Bank,2025-10-05
Benin,BEN,2001,Population totale,SP.POP.TOTL,7445596.0,World Bank,2025-10-05
Benin,BEN,2000,Population totale,SP.POP.TOTL,7221619.0,World Bank,2025-10-05
Benin,BEN,2024,Population urbaine,SP.URB.TOTL,7328118.0,World Bank,2025-10-05
Benin,BEN,2023,Population urbaine,SP.URB.TOTL,7069628.0,World Bank,2025-10-05
Benin,BEN,2022,Population urbaine,SP.URB.TOTL,6815631.0,World Bank,2025-10-05
Benin,BEN,2021,Population urbaine,SP.URB.TOTL,6568819.0,World Bank,2025-10-05
Benin,BEN,2020,Population urbaine,SP.URB.TOTL,6327922.0,World Bank,2025-10-05
Benin,BEN,2019,Population urbaine,SP.URB.TOTL,6091152.0,World Bank,2025-10-05
Benin,BEN,2018,Population urbaine,SP.URB.TOTL,5858809.0,World Bank,2025-10-05
Benin,BEN,2017,Population urbaine,SP.URB.TOTL,5630764.0,World Bank,2025-10-05
Benin,BEN,2016,Population urbaine,SP.URB.TOTL,5407795.0,World Bank,2025-10-05
Benin,BEN,2015,Population urbaine,SP.URB.TOTL,5191263.0,World Bank,2025-10-05
Benin,BEN,2014,Population urbaine,SP.URB.TOTL,4981812.0,World Bank,2025-10-05
Benin,BEN,2013,Population urbaine,SP.URB.TOTL,4780638.0,World Bank,2025-10-05
Benin,BEN,2012,Population urbaine,SP.URB.TOTL,4587966.0,World Bank,2025-10-05
Benin,BEN,2011,Population urbaine,SP.URB.TOTL,4401627.0,World Bank,2025-10-05
Benin,BEN,2010,Population urbaine,SP.URB.TOTL,4222030.0,World Bank,2025-10-05
Benin,BEN,2009,Population urbaine,SP.URB.TOTL,4049112.0,World Bank,2025-10-05
Benin,BEN,2008,Population urbaine,SP.URB.TOTL,3882323.0,World Bank,2025-10-05
Benin,BEN,2007,Population urbaine,SP.URB.TOTL,3721090.0,World Bank,2025-10-05
Benin,BEN,2006,Population urbaine,SP.URB.TOTL,3568489.0,World Bank,2025-10-05
Benin,BEN,2005,Population urbaine,SP.URB.TOTL,3416212.0,World Bank,2025-10-05
Benin,BEN,2004,Population urbaine,SP.URB.TOTL,3266820.0,World Bank,2025-10-05
Benin,BEN,2003,Population urbaine,SP.URB.TOTL,3128511.0,World Bank,2025-10-05
Benin,BEN,2002,Population urbaine,SP.URB.TOTL,2996179.0,World Bank,2025-10-05
Benin,BEN,2001,Population urbaine,SP.URB.TOTL,2877723.0,World Bank,2025-10-05
Benin,BEN,2000,Population urbaine,SP.URB.TOTL,2768263.0,World Bank,2025-10-05
Benin,BEN,2024,Population rurale,SP.RUR.TOTL,7134606.0,World Bank,2025-10-05
Benin,BEN,2023,Population rurale,SP.RUR.TOTL,7041406.0,World Bank,2025-10-05
Benin,BEN,2022,Population rurale,SP.RUR.TOTL,6943870.0,World Bank,2025-10-05
Benin,BEN,2021,Population rurale,SP.RUR.TOTL,6844598.0,World Bank,2025-10-05
Benin,BEN,2020,Population rurale,SP.RUR.TOTL,6742247.0,World Bank,2025-10-05
Benin,BEN,2019,Population rurale,SP.RUR.TOTL,6635603.0,World Bank,2025-10-05
Benin,BEN,2018,Population rurale,SP.RUR.TOTL,6524538.0,World Bank,2025-10-05
Benin,BEN,2017,Population rurale,SP.RUR.TOTL,6409016.0,World Bank,2025-10-05
Benin,BEN,2016,Population rurale,SP.RUR.TOTL,6290047.0,World Bank,2025-10-05
Benin,BEN,2015,Population rurale,SP.RUR.TOTL,6169418.0,World Bank,2025-10-05
Benin,BEN,2014,Population rurale,SP.RUR.TOTL,6048192.0,World Bank,2025-10-05
Benin,BEN,2013,Population rurale,SP.RUR.TOTL,5928196.0,World Bank,2025-10-05
Benin,BEN,2012,Population rurale,SP.RUR.TOTL,5809691.0,World Bank,2025-10-05
Benin,BEN,2011,Population rurale,SP.RUR.TOTL,5691996.0,World Bank,2025-10-05
Benin,BEN,2010,Population rurale,SP.RUR.TOTL,5575454.0,World Bank,2025-10-05
Benin,BEN,2009,Population rurale,SP.RUR.TOTL,5460311.0,World Bank,2025-10-05
Benin,BEN,2008,Population rurale,SP.RUR.TOTL,5346143.0,World Bank,2025-10-05
Benin,BEN,2007,Population rurale,SP.RUR.TOTL,5232879.0,World Bank,2025-10-05
Benin,BEN,2006,Population rurale,SP.RUR.TOTL,5124753.0,World Bank,2025-10-05
Benin,BEN,2005,Population rurale,SP.RUR.TOTL,5009932.0,World Bank,2025-10-05
Benin,BEN,2004,Population rurale,SP.RUR.TOTL,4892274.0,World Bank,2025-10-05
Benin,BEN,2003,Population rurale,SP.RUR.TOTL,4784559.0,World Bank,2025-10-05
Benin,BEN,2002,Population rurale,SP.RUR.TOTL,4679247.0,World Bank,2025-10-05
Benin,BEN,2001,Population rurale,SP.RUR.TOTL,4567873.0,World Bank,2025-10-05
Benin,BEN,2000,Population rurale,SP.RUR.TOTL,4453356.0,World Bank,2025-10-05
Benin,BEN,2024,Taux de croissance population,SP.POP.GROW,2.46175361912328,World Bank,2025-10-05
Benin,BEN,2023,Taux de croissance population,SP.POP.GROW,2.52274772277722,World Bank,2025-10-05
Benin,BEN,2022,Taux de croissance population,SP.POP.GROW,2.54740926342667,World Bank,2025-10-05
Benin,BEN,2021,Taux de croissance population,SP.POP.GROW,2.59230167510348,World Bank,2025-10-05
Benin,BEN,2020,Taux de croissance population,SP.POP.GROW,2.66259875153288,World Bank,2025-10-05
Benin,BEN,2019,Taux de croissance population,SP.POP.GROW,2.73538842831436,World Bank,2025-10-05
Benin,BEN,2018,Taux de croissance population,SP.POP.GROW,2.8136418840483,World Bank,2025-10-05
Benin,BEN,2017,Taux de croissance population,SP.POP.GROW,2.88117869411855,World Bank,2025-10-05
Benin,BEN,2016,Taux de croissance population,SP.POP.GROW,2.92460216679542,World Bank,2025-10-05
Benin,BEN,2015,Taux de croissance population,SP.POP.GROW,2.95391627666724,World Bank,2025-10-05
Benin,BEN,2014,Taux de croissance population,SP.POP.GROW,2.9550187594558,World Bank,2025-10-05
Benin,BEN,2013,Taux de croissance population,SP.POP.GROW,2.94885160135819,World Bank,2025-10-05
Benin,BEN,2012,Taux de croissance population,SP.POP.GROW,2.96766540040992,World Bank,2025-10-05
Benin,BEN,2011,Taux de croissance population,SP.POP.GROW,2.97782202797765,World Bank,2025-10-05
Benin,BEN,2010,Taux de croissance population,SP.POP.GROW,2.98424162798508,World Bank,2025-10-05
Benin,BEN,2009,Taux de croissance population,SP.POP.GROW,2.99903642214246,World Bank,2025-10-05
Benin,BEN,2008,Taux de croissance population,SP.POP.GROW,3.01959398464251,World Bank,2025-10-05
Benin,BEN,2007,Taux de croissance population,SP.POP.GROW,2.95509554727715,World Bank,2025-10-05
Benin,BEN,2006,Taux de croissance population,SP.POP.GROW,3.12066888297415,World Bank,2025-10-05
Benin,BEN,2005,Taux de croissance population,SP.POP.GROW,3.22061199704122,World Bank,2025-10-05
Benin,BEN,2004,Taux de croissance population,SP.POP.GROW,3.06173106096489,World Bank,2025-10-05
Benin,BEN,2003,Taux de croissance population,SP.POP.GROW,3.04920259714654,World Bank,2025-10-05
Benin,BEN,2002,Taux de croissance population,SP.POP.GROW,3.04010801597376,World Bank,2025-10-05
Benin,BEN,2001,Taux de croissance population,SP.POP.GROW,3.05435506649292,World Bank,2025-10-05
Benin,BEN,2000,Taux de croissance population,SP.POP.GROW,3.07665265205002,World Bank,2025-10-05
Benin,BEN,2023,Espérance de vie,SP.DYN.LE00.IN,60.774,World Bank,2025-10-05
Benin,BEN,2022,Espérance de vie,SP.DYN.LE00.IN,60.475,World Bank,2025-10-05
Benin,BEN,2021,Espérance de vie,SP.DYN.LE00.IN,59.61,World Bank,2025-10-05
Benin,BEN,2020,Espérance de vie,SP.DYN.LE00.IN,60.154,World Bank,2025-10-05
Benin,BEN,2019,Espérance de vie,SP.DYN.LE00.IN,59.888,World Bank,2025-10-05
Benin,BEN,2018,Espérance de vie,SP.DYN.LE00.IN,59.71,World Bank,2025-10-05
Benin,BEN,2017,Espérance de vie,SP.DYN.LE00.IN,59.528,World Bank,2025-10-05
Benin,BEN,2016,Espérance de vie,SP.DYN.LE00.IN,59.283,World Bank,2025-10-05
Benin,BEN,2015,Espérance de vie,SP.DYN.LE00.IN,59.123,World Bank,2025-10-05
Benin,BEN,2014,Espérance de vie,SP.DYN.LE00.IN,59.008,World Bank,2025-10-05
Benin,BEN,2013,Espérance de vie,SP.DYN.LE00.IN,58.863,World Bank,2025-10-05
Benin,BEN,2012,Espérance de vie,SP.DYN.LE00.IN,58.559,World Bank,2025-10-05
Benin,BEN,2011,Espérance de vie,SP.DYN.LE00.IN,58.462,World Bank,2025-10-05
Benin,BEN,2010,Espérance de vie,SP.DYN.LE00.IN,58.387,World Bank,2025-10-05
Benin,BEN,2009,Espérance de vie,SP.DYN.LE00.IN,58.258,World Bank,2025-10-05
Benin,BEN,2008,Espérance de vie,SP.DYN.LE00.IN,58.099,World Bank,2025-10-05
Benin,BEN,2007,Espérance de vie,SP.DYN.LE00.IN,58.249,World Bank,2025-10-05
Benin,BEN,2006,Espérance de vie,SP.DYN.LE00.IN,57.966,World Bank,2025-10-05
Benin,BEN,2005,Espérance de vie,SP.DYN.LE00.IN,57.738,World Bank,2025-10-05
Benin,BEN,2004,Espérance de vie,SP.DYN.LE00.IN,57.346,World Bank,2025-10-05
Benin,BEN,2003,Espérance de vie,SP.DYN.LE00.IN,57.092,World Bank,2025-10-05
Benin,BEN,2002,Espérance de vie,SP.DYN.LE00.IN,56.851,World Bank,2025-10-05
Benin,BEN,2001,Espérance de vie,SP.DYN.LE00.IN,56.654,World Bank,2025-10-05
Benin,BEN,2000,Espérance de vie,SP.DYN.LE00.IN,56.594,World Bank,2025-10-05
Benin,BEN,2023,Taux de natalité brut,SP.DYN.CBRT.IN,33.879,World Bank,2025-10-05
Benin,BEN,2022,Taux de natalité brut,SP.DYN.CBRT.IN,34.35,World Bank,2025-10-05
Benin,BEN,2021,Taux de natalité brut,SP.DYN.CBRT.IN,34.779,World Bank,2025-10-05
Benin,BEN,2020,Taux de natalité brut,SP.DYN.CBRT.IN,35.331,World Bank,2025-10-05
Benin,BEN,2019,Taux de natalité brut,SP.DYN.CBRT.IN,36.036,World Bank,2025-10-05
Benin,BEN,2018,Taux de natalité brut,SP.DYN.CBRT.IN,36.955,World Bank,2025-10-05
Benin,BEN,2017,Taux de natalité brut,SP.DYN.CBRT.IN,37.84,World Bank,2025-10-05
Benin,BEN,2016,Taux de natalité brut,SP.DYN.CBRT.IN,38.554,World Bank,2025-10-05
Benin,BEN,2015,Taux de natalité brut,SP.DYN.CBRT.IN,38.996,World Bank,2025-10-05
Benin,BEN,2014,Taux de natalité brut,SP.DYN.CBRT.IN,39.342,World Bank,2025-10-05
Benin,BEN,2013,Taux de natalité brut,SP.DYN.CBRT.IN,39.582,World Bank,2025-10-05
Benin,BEN,2012,Taux de natalité brut,SP.DYN.CBRT.IN,39.706,World Bank,2025-10-05
Benin,BEN,2011,Taux de natalité brut,SP.DYN.CBRT.IN,39.691,World Bank,2025-10-05
Benin,BEN,2010,Taux de natalité brut,SP.DYN.CBRT.IN,39.77,World Bank,2025-10-05
Benin,BEN,2009,Taux de natalité brut,SP.DYN.CBRT.IN,39.982,World Bank,2025-10-05
Benin,BEN,2008,Taux de natalité brut,SP.DYN.CBRT.IN,40.371,World Bank,2025-10-05
Benin,BEN,2007,Taux de natalité brut,SP.DYN.CBRT.IN,40.961,World Bank,2025-10-05
Benin,BEN,2006,Taux de natalité brut,SP.DYN.CBRT.IN,41.341,World Bank,2025-10-05
Benin,BEN,2005,Taux de natalité brut,SP.DYN.CBRT.IN,41.087,World Bank,2025-10-05
Benin,BEN,2004,Taux de natalité brut,SP.DYN.CBRT.IN,41.329,World Bank,2025-10-05
Benin,BEN,2003,Taux de natalité brut,SP.DYN.CBRT.IN,41.475,World Bank,2025-10-05
Benin,BEN,2002,Taux de natalité brut,SP.DYN.CBRT.IN,41.48,World Bank,2025-10-05
Benin,BEN,2001,Taux de natalité brut,SP.DYN.CBRT.IN,41.695,World Bank,2025-10-05
Benin,BEN,2000,Taux de natalité brut,SP.DYN.CBRT.IN,42.079,World Bank,2025-10-05
Benin,BEN,2023,Taux de mortalité brut,SP.DYN.CDRT.IN,8.797,World Bank,2025-10-05
Benin,BEN,2022,Taux de mortalité brut,SP.DYN.CDRT.IN,8.948,World Bank,2025-10-05
Benin,BEN,2021,Taux de mortalité brut,SP.DYN.CDRT.IN,9.349,World Bank,2025-10-05
Benin,BEN,2020,Taux de mortalité brut,SP.DYN.CDRT.IN,9.17,World Bank,2025-10-05
Benin,BEN,2019,Taux de mortalité brut,SP.DYN.CDRT.IN,9.335,World Bank,2025-10-05
Benin,BEN,2018,Taux de mortalité brut,SP.DYN.CDRT.IN,9.477,World Bank,2025-10-05
Benin,BEN,2017,Taux de mortalité brut,SP.DYN.CDRT.IN,9.62,World Bank,2025-10-05
Benin,BEN,2016,Taux de mortalité brut,SP.DYN.CDRT.IN,9.783,World Bank,2025-10-05
Benin,BEN,2015,Taux de mortalité brut,SP.DYN.CDRT.IN,9.898,World Bank,2025-10-05
Benin,BEN,2014,Taux de mortalité brut,SP.DYN.CDRT.IN,9.99,World Bank,2025-10-05
Benin,BEN,2013,Taux de mortalité brut,SP.DYN.CDRT.IN,10.092,World Bank,2025-10-05
Benin,BEN,2012,Taux de mortalité brut,SP.DYN.CDRT.IN,10.259,World Bank,2025-10-05
Benin,BEN,2011,Taux de mortalité brut,SP.DYN.CDRT.IN,10.331,World Bank,2025-10-05
Benin,BEN,2010,Taux de mortalité brut,SP.DYN.CDRT.IN,10.405,World Bank,2025-10-05
Benin,BEN,2009,Taux de mortalité brut,SP.DYN.CDRT.IN,10.516,World Bank,2025-10-05
Benin,BEN,2008,Taux de mortalité brut,SP.DYN.CDRT.IN,10.654,World Bank,2025-10-05
Benin,BEN,2007,Taux de mortalité brut,SP.DYN.CDRT.IN,10.661,World Bank,2025-10-05
Benin,BEN,2006,Taux de mortalité brut,SP.DYN.CDRT.IN,10.853,World Bank,2025-10-05
Benin,BEN,2005,Taux de mortalité brut,SP.DYN.CDRT.IN,10.967,World Bank,2025-10-05
Benin,BEN,2004,Taux de mortalité brut,SP.DYN.CDRT.IN,11.224,World Bank,2025-10-05
Benin,BEN,2003,Taux de mortalité brut,SP.DYN.CDRT.IN,11.403,World Bank,2025-10-05
Benin,BEN,2002,Taux de mortalité brut,SP.DYN.CDRT.IN,11.583,World Bank,2025-10-05
Benin,BEN,2001,Taux de mortalité brut,SP.DYN.CDRT.IN,11.761,World Bank,2025-10-05
Benin,BEN,2000,Taux de mortalité brut,SP.DYN.CDRT.IN,11.89,World Bank,2025-10-05
Benin,BEN,2023,Taux de fécondité,SP.DYN.TFRT.IN,4.556,World Bank,2025-10-05
Benin,BEN,2022,Taux de fécondité,SP.DYN.TFRT.IN,4.634,World Bank,2025-10-05
Benin,BEN,2021,Taux de fécondité,SP.DYN.TFRT.IN,4.707,World Bank,2025-10-05
Benin,BEN,2020,Taux de fécondité,SP.DYN.TFRT.IN,4.795,World Bank,2025-10-05
Benin,BEN,2019,Taux de fécondité,SP.DYN.TFRT.IN,4.9,World Bank,2025-10-05
Benin,BEN,2018,Taux de fécondité,SP.DYN.TFRT.IN,5.031,World Bank,2025-10-05
Benin,BEN,2017,Taux de fécondité,SP.DYN.TFRT.IN,5.155,World Bank,2025-10-05
Benin,BEN,2016,Taux de fécondité,SP.DYN.TFRT.IN,5.254,World Bank,2025-10-05
Benin,BEN,2015,Taux de fécondité,SP.DYN.TFRT.IN,5.32,World Bank,2025-10-05
Benin,BEN,2014,Taux de fécondité,SP.DYN.TFRT.IN,5.374,World Bank,2025-10-05
Benin,BEN,2013,Taux de fécondité,SP.DYN.TFRT.IN,5.41,World Bank,2025-10-05
Benin,BEN,2012,Taux de fécondité,SP.DYN.TFRT.IN,5.429,World Bank,2025-10-05
Benin,BEN,2011,Taux de fécondité,SP.DYN.TFRT.IN,5.436,World Bank,2025-10-05
Benin,BEN,2010,Taux de fécondité,SP.DYN.TFRT.IN,5.452,World Bank,2025-10-05
Benin,BEN,2009,Taux de fécondité,SP.DYN.TFRT.IN,5.491,World Bank,2025-10-05
Benin,BEN,2008,Taux de fécondité,SP.DYN.TFRT.IN,5.548,World Bank,2025-10-05
Benin,BEN,2007,Taux de fécondité,SP.DYN.TFRT.IN,5.627,World Bank,2025-10-05
Benin,BEN,2006,Taux de fécondité,SP.DYN.TFRT.IN,5.673,World Bank,2025-10-05
Benin,BEN,2005,Taux de fécondité,SP.DYN.TFRT.IN,5.692,World Bank,2025-10-05
Benin,BEN,2004,Taux de fécondité,SP.DYN.TFRT.IN,5.718,World Bank,2025-10-05
Benin,BEN,2003,Taux de fécondité,SP.DYN.TFRT.IN,5.763,World Bank,2025-10-05
Benin,BEN,2002,Taux de fécondité,SP.DYN.TFRT.IN,5.793,World Bank,2025-10-05
Benin,BEN,2001,Taux de fécondité,SP.DYN.TFRT.IN,5.848,World Bank,2025-10-05
Benin,BEN,2000,Taux de fécondité,SP.DYN.TFRT.IN,5.937,World Bank,2025-10-05
Benin,BEN,2022,Densité de population,EN.POP.DNST,122.024663001064,World Bank,2025-10-05
Benin,BEN,2021,Densité de population,EN.POP.DNST,118.955454061724,World Bank,2025-10-05
Benin,BEN,2020,Densité de population,EN.POP.DNST,115.911395885066,World Bank,2025-10-05
Benin,BEN,2019,Densité de population,EN.POP.DNST,112.865865555161,World Bank,2025-10-05
Benin,BEN,2018,Densité de population,EN.POP.DNST,109.820388435615,World Bank,2025-10-05
Benin,BEN,2017,Densité de population,EN.POP.DNST,106.773501241575,World Bank,2025-10-05
Benin,BEN,2016,Densité de population,EN.POP.DNST,103.741060659808,World Bank,2025-10-05
Benin,BEN,2015,Densité de population,EN.POP.DNST,100.750984391628,World Bank,2025-10-05
Benin,BEN,2014,Densité de population,EN.POP.DNST,97.8184107839659,World Bank,2025-10-05
Benin,BEN,2013,Densité de population,EN.POP.DNST,94.9701489890032,World Bank,2025-10-05
Benin,BEN,2012,Densité de population,EN.POP.DNST,92.2105090457609,World Bank,2025-10-05
Benin,BEN,2011,Densité de population,EN.POP.DNST,89.5142160340546,World Bank,2025-10-05
Benin,BEN,2010,Densité de population,EN.POP.DNST,86.8879389854558,World Bank,2025-10-05
Benin,BEN,2009,Densité de population,EN.POP.DNST,84.3333008158922,World Bank,2025-10-05
Benin,BEN,2008,Densité de population,EN.POP.DNST,81.8416637105357,World Bank,2025-10-05
Benin,BEN,2007,Densité de population,EN.POP.DNST,79.4073164242639,World Bank,2025-10-05
Benin,BEN,2006,Densité de population,EN.POP.DNST,77.0950869102519,World Bank,2025-10-05
Benin,BEN,2005,Densité de population,EN.POP.DNST,74.7263568641362,World Bank,2025-10-05
Benin,BEN,2004,Densité de population,EN.POP.DNST,72.3580525008868,World Bank,2025-10-05
Benin,BEN,2003,Densité de population,EN.POP.DNST,70.1762149698475,World Bank,2025-10-05
Benin,BEN,2002,Densité de population,EN.POP.DNST,68.0686945725434,World Bank,2025-10-05
Benin,BEN,2001,Densité de population,EN.POP.DNST,66.0304717985101,World Bank,2025-10-05
Benin,BEN,2000,Densité de population,EN.POP.DNST,64.0441557289819,World Bank,2025-10-05
Benin,BEN,2024,Ratio de dépendance,SP.POP.DPND,80.7358613009806,World Bank,2025-10-05
Benin,BEN,2023,Ratio de dépendance,SP.POP.DPND,81.5677814531873,World Bank,2025-10-05
Benin,BEN,2022,Ratio de dépendance,SP.POP.DPND,82.425708214612,World Bank,2025-10-05
Benin,BEN,2021,Ratio de dépendance,SP.POP.DPND,83.3042640253888,World Bank,2025-10-05
Benin,BEN,2020,Ratio de dépendance,SP.POP.DPND,84.1388233696318,World Bank,2025-10-05
Benin,BEN,2019,Ratio de dépendance,SP.POP.DPND,84.8779371019408,World Bank,2025-10-05
Benin,BEN,2018,Ratio de dépendance,SP.POP.DPND,85.5069960528249,World Bank,2025-10-05
Benin,BEN,2017,Ratio de dépendance,SP.POP.DPND,85.9975863127993,World Bank,2025-10-05
Benin,BEN,2016,Ratio de dépendance,SP.POP.DPND,86.3703118821361,World Bank,2025-10-05
Benin,BEN,2015,Ratio de dépendance,SP.POP.DPND,86.6908725796141,World Bank,2025-10-05
Benin,BEN,2014,Ratio de dépendance,SP.POP.DPND,87.0172121898555,World Bank,2025-10-05
Benin,BEN,2013,Ratio de dépendance,SP.POP.DPND,87.3352984395774,World Bank,2025-10-05
Benin,BEN,2012,Ratio de dépendance,SP.POP.DPND,87.6622199954373,World Bank,2025-10-05
Benin,BEN,2011,Ratio de dépendance,SP.POP.DPND,88.0623986546347,World Bank,2025-10-05
Benin,BEN,2010,Ratio de dépendance,SP.POP.DPND,88.5466956692596,World Bank,2025-10-05
Benin,BEN,2009,Ratio de dépendance,SP.POP.DPND,89.2022244846513,World Bank,2025-10-05
Benin,BEN,2008,Ratio de dépendance,SP.POP.DPND,89.8184844413472,World Bank,2025-10-05
Benin,BEN,2007,Ratio de dépendance,SP.POP.DPND,90.2147219975119,World Bank,2025-10-05
Benin,BEN,2006,Ratio de dépendance,SP.POP.DPND,90.4640703836321,World Bank,2025-10-05
Benin,BEN,2005,Ratio de dépendance,SP.POP.DPND,90.9728456484841,World Bank,2025-10-05
Benin,BEN,2004,Ratio de dépendance,SP.POP.DPND,91.7058736179667,World Bank,2025-10-05
Benin,BEN,2003,Ratio de dépendance,SP.POP.DPND,92.329888698524,World Bank,2025-10-05
Benin,BEN,2002,Ratio de dépendance,SP.POP.DPND,93.0421170627939,World Bank,2025-10-05
Benin,BEN,2001,Ratio de dépendance,SP.POP.DPND,93.796458949283,World Bank,2025-10-05
Benin,BEN,2000,Ratio de dépendance,SP.POP.DPND,94.5561020344605,World Bank,2025-10-05
Benin,BEN,2024,Population urbaine %,SP.URB.TOTL.IN.ZS,50.669,World Bank,2025-10-05
Benin,BEN,2023,Population urbaine %,SP.URB.TOTL.IN.ZS,50.1,World Bank,2025-10-05
Benin,BEN,2022,Population urbaine %,SP.URB.TOTL.IN.ZS,49.534,World Bank,2025-10-05
Benin,BEN,2021,Population urbaine %,SP.URB.TOTL.IN.ZS,48.972,World Bank,2025-10-05
Benin,BEN,2020,Population urbaine %,SP.URB.TOTL.IN.ZS,48.415,World Bank,2025-10-05
Benin,BEN,2019,Population urbaine %,SP.URB.TOTL.IN.ZS,47.861,World Bank,2025-10-05
Benin,BEN,2018,Population urbaine %,SP.URB.TOTL.IN.ZS,47.312,World Bank,2025-10-05
Benin,BEN,2017,Population urbaine %,SP.URB.TOTL.IN.ZS,46.768,World Bank,2025-10-05
Benin,BEN,2016,Population urbaine %,SP.URB.TOTL.IN.ZS,46.229,World Bank,2025-10-05
Benin,BEN,2015,Population urbaine %,SP.URB.TOTL.IN.ZS,45.695,World Bank,2025-10-05
Benin,BEN,2014,Population urbaine %,SP.URB.TOTL.IN.ZS,45.166,World Bank,2025-10-05
Benin,BEN,2013,Population urbaine %,SP.URB.TOTL.IN.ZS,44.642,World Bank,2025-10-05
Benin,BEN,2012,Population urbaine %,SP.URB.TOTL.IN.ZS,44.125,World Bank,2025-10-05
Benin,BEN,2011,Population urbaine %,SP.URB.TOTL.IN.ZS,43.608,World Bank,2025-10-05
Benin,BEN,2010,Population urbaine %,SP.URB.TOTL.IN.ZS,43.093,World Bank,2025-10-05
Benin,BEN,2009,Population urbaine %,SP.URB.TOTL.IN.ZS,42.58,World Bank,2025-10-05
Benin,BEN,2008,Population urbaine %,SP.URB.TOTL.IN.ZS,42.069,World Bank,2025-10-05
Benin,BEN,2007,Population urbaine %,SP.URB.TOTL.IN.ZS,41.558,World Bank,2025-10-05
Benin,BEN,2006,Population urbaine %,SP.URB.TOTL.IN.ZS,41.049,World Bank,2025-10-05
Benin,BEN,2005,Population urbaine %,SP.URB.TOTL.IN.ZS,40.543,World Bank,2025-10-05
Benin,BEN,2004,Population urbaine %,SP.URB.TOTL.IN.ZS,40.039,World Bank,2025-10-05
Benin,BEN,2003,Population urbaine %,SP.URB.TOTL.IN.ZS,39.536,World Bank,2025-10-05
Benin,BEN,2002,Population urbaine %,SP.URB.TOTL.IN.ZS,39.036,World Bank,2025-10-05
Benin,BEN,2001,Population urbaine %,SP.URB.TOTL.IN.ZS,38.65,World Bank,2025-10-05
Benin,BEN,2000,Population urbaine %,SP.URB.TOTL.IN.ZS,38.333,World Bank,2025-10-05
Benin,BEN,2024,Population 0-14 ans %,SP.POP.0014.TO.ZS,41.5524903883943,World Bank,2025-10-05
Benin,BEN,2023,Population 0-14 ans %,SP.POP.0014.TO.ZS,41.8362665047697,World Bank,2025-10-05
Benin,BEN,2022,Population 0-14 ans %,SP.POP.0014.TO.ZS,42.1206314865863,World Bank,2025-10-05
Benin,BEN,2021,Population 0-14 ans %,SP.POP.0014.TO.ZS,42.3988645100648,World Bank,2025-10-05
Benin,BEN,2020,Population 0-14 ans %,SP.POP.0014.TO.ZS,42.6531783942503,World Bank,2025-10-05
Benin,BEN,2019,Population 0-14 ans %,SP.POP.0014.TO.ZS,42.8769823886765,World Bank,2025-10-05
Benin,BEN,2018,Population 0-14 ans %,SP.POP.0014.TO.ZS,43.0653989157617,World Bank,2025-10-05
Benin,BEN,2017,Population 0-14 ans %,SP.POP.0014.TO.ZS,43.2080154288533,World Bank,2025-10-05
Benin,BEN,2016,Population 0-14 ans %,SP.POP.0014.TO.ZS,43.3119392154527,World Bank,2025-10-05
Benin,BEN,2015,Population 0-14 ans %,SP.POP.0014.TO.ZS,43.397891376406,World Bank,2025-10-05
Benin,BEN,2014,Population 0-14 ans %,SP.POP.0014.TO.ZS,43.4826788586241,World Bank,2025-10-05
Benin,BEN,2013,Population 0-14 ans %,SP.POP.0014.TO.ZS,43.5668506751926,World Bank,2025-10-05
Benin,BEN,2012,Population 0-14 ans %,SP.POP.0014.TO.ZS,43.6547820340679,World Bank,2025-10-05
Benin,BEN,2011,Population 0-14 ans %,SP.POP.0014.TO.ZS,43.7626983015564,World Bank,2025-10-05
Benin,BEN,2010,Population 0-14 ans %,SP.POP.0014.TO.ZS,43.89894895465,World Bank,2025-10-05
Benin,BEN,2009,Population 0-14 ans %,SP.POP.0014.TO.ZS,44.0858819720187,World Bank,2025-10-05
Benin,BEN,2008,Population 0-14 ans %,SP.POP.0014.TO.ZS,44.2604599724375,World Bank,2025-10-05
Benin,BEN,2007,Population 0-14 ans %,SP.POP.0014.TO.ZS,44.3714904530047,World Bank,2025-10-05
Benin,BEN,2006,Population 0-14 ans %,SP.POP.0014.TO.ZS,44.4384154956229,World Bank,2025-10-05
Benin,BEN,2005,Population 0-14 ans %,SP.POP.0014.TO.ZS,44.5712798506221,World Bank,2025-10-05
Benin,BEN,2004,Population 0-14 ans %,SP.POP.0014.TO.ZS,44.7601473889135,World Bank,2025-10-05
Benin,BEN,2003,Population 0-14 ans %,SP.POP.0014.TO.ZS,44.9136934211374,World Bank,2025-10-05
Benin,BEN,2002,Population 0-14 ans %,SP.POP.0014.TO.ZS,45.0848301394066,World Bank,2025-10-05
Benin,BEN,2001,Population 0-14 ans %,SP.POP.0014.TO.ZS,45.2626962300936,World Bank,2025-10-05
Benin,BEN,2000,Population 0-14 ans %,SP.POP.0014.TO.ZS,45.4383774607882,World Bank,2025-10-05
Benin,BEN,2024,Population 15-64 ans %,SP.POP.1564.TO.ZS,55.3293625737447,World Bank,2025-10-05
Benin,BEN,2023,Population 15-64 ans %,SP.POP.1564.TO.ZS,55.0758521637801,World Bank,2025-10-05
Benin,BEN,2022,Population 15-64 ans %,SP.POP.1564.TO.ZS,54.8168372827197,World Bank,2025-10-05
Benin,BEN,2021,Population 15-64 ans %,SP.POP.1564.TO.ZS,54.5541005696013,World Bank,2025-10-05
Benin,BEN,2020,Population 15-64 ans %,SP.POP.1564.TO.ZS,54.3068570880759,World Bank,2025-10-05
Benin,BEN,2019,Population 15-64 ans %,SP.POP.1564.TO.ZS,54.0897463650396,World Bank,2025-10-05
Benin,BEN,2018,Population 15-64 ans %,SP.POP.1564.TO.ZS,53.9063205647746,World Bank,2025-10-05
Benin,BEN,2017,Population 15-64 ans %,SP.POP.1564.TO.ZS,53.7641385473821,World Bank,2025-10-05
Benin,BEN,2016,Population 15-64 ans %,SP.POP.1564.TO.ZS,53.6566169066319,World Bank,2025-10-05
Benin,BEN,2015,Population 15-64 ans %,SP.POP.1564.TO.ZS,53.5644826221245,World Bank,2025-10-05
Benin,BEN,2014,Population 15-64 ans %,SP.POP.1564.TO.ZS,53.4710165776466,World Bank,2025-10-05
Benin,BEN,2013,Population 15-64 ans %,SP.POP.1564.TO.ZS,53.3802257734234,World Bank,2025-10-05
Benin,BEN,2012,Population 15-64 ans %,SP.POP.1564.TO.ZS,53.2872357685967,World Bank,2025-10-05
Benin,BEN,2011,Population 15-64 ans %,SP.POP.1564.TO.ZS,53.1738379185632,World Bank,2025-10-05
Benin,BEN,2010,Population 15-64 ans %,SP.POP.1564.TO.ZS,53.0372644650402,World Bank,2025-10-05
Benin,BEN,2009,Population 15-64 ans %,SP.POP.1564.TO.ZS,52.8534959481769,World Bank,2025-10-05
Benin,BEN,2008,Population 15-64 ans %,SP.POP.1564.TO.ZS,52.6819083474978,World Bank,2025-10-05
Benin,BEN,2007,Population 15-64 ans %,SP.POP.1564.TO.ZS,52.5721666000854,World Bank,2025-10-05
Benin,BEN,2006,Population 15-64 ans %,SP.POP.1564.TO.ZS,52.503341101053,World Bank,2025-10-05
Benin,BEN,2005,Population 15-64 ans %,SP.POP.1564.TO.ZS,52.3634625970944,World Bank,2025-10-05
Benin,BEN,2004,Population 15-64 ans %,SP.POP.1564.TO.ZS,52.1632426345376,World Bank,2025-10-05
Benin,BEN,2003,Population 15-64 ans %,SP.POP.1564.TO.ZS,51.9939985365983,World Bank,2025-10-05
Benin,BEN,2002,Population 15-64 ans %,SP.POP.1564.TO.ZS,51.8021636973528,World Bank,2025-10-05
Benin,BEN,2001,Population 15-64 ans %,SP.POP.1564.TO.ZS,51.6005367468232,World Bank,2025-10-05
Benin,BEN,2000,Population 15-64 ans %,SP.POP.1564.TO.ZS,51.399049160583,World Bank,2025-10-05
Benin,BEN,2024,Population 65+ ans %,SP.POP.65UP.TO.ZS,3.11814703786092,World Bank,2025-10-05
Benin,BEN,2023,Population 65+ ans %,SP.POP.65UP.TO.ZS,3.08788133145022,World Bank,2025-10-05
Benin,BEN,2022,Population 65+ ans %,SP.POP.65UP.TO.ZS,3.06253123069402,World Bank,2025-10-05
Benin,BEN,2021,Population 65+ ans %,SP.POP.65UP.TO.ZS,3.04703492033387,World Bank,2025-10-05
Benin,BEN,2020,Population 65+ ans %,SP.POP.65UP.TO.ZS,3.0399645176738,World Bank,2025-10-05
Benin,BEN,2019,Population 65+ ans %,SP.POP.65UP.TO.ZS,3.03327124628391,World Bank,2025-10-05
Benin,BEN,2018,Population 65+ ans %,SP.POP.65UP.TO.ZS,3.02828051946374,World Bank,2025-10-05
Benin,BEN,2017,Population 65+ ans %,SP.POP.65UP.TO.ZS,3.02784602376455,World Bank,2025-10-05
Benin,BEN,2016,Population 65+ ans %,SP.POP.65UP.TO.ZS,3.03144387791543,World Bank,2025-10-05
Benin,BEN,2015,Population 65+ ans %,SP.POP.65UP.TO.ZS,3.03762600146945,World Bank,2025-10-05
Benin,BEN,2014,Population 65+ ans %,SP.POP.65UP.TO.ZS,3.04630456372929,World Bank,2025-10-05
Benin,BEN,2013,Population 65+ ans %,SP.POP.65UP.TO.ZS,3.052923551384,World Bank,2025-10-05
Benin,BEN,2012,Population 65+ ans %,SP.POP.65UP.TO.ZS,3.05798219733542,World Bank,2025-10-05
Benin,BEN,2011,Population 65+ ans %,SP.POP.65UP.TO.ZS,3.06346377988044,World Bank,2025-10-05
Benin,BEN,2010,Population 65+ ans %,SP.POP.65UP.TO.ZS,3.0637865803098,World Bank,2025-10-05
Benin,BEN,2009,Population 65+ ans %,SP.POP.65UP.TO.ZS,3.06062207980442,World Bank,2025-10-05
Benin,BEN,2008,Population 65+ ans %,SP.POP.65UP.TO.ZS,3.0576316800647,World Bank,2025-10-05
Benin,BEN,2007,Population 65+ ans %,SP.POP.65UP.TO.ZS,3.05634294690991,World Bank,2025-10-05
Benin,BEN,2006,Population 65+ ans %,SP.POP.65UP.TO.ZS,3.0582434033241,World Bank,2025-10-05
Benin,BEN,2005,Population 65+ ans %,SP.POP.65UP.TO.ZS,3.06525755228356,World Bank,2025-10-05
Benin,BEN,2004,Population 65+ ans %,SP.POP.65UP.TO.ZS,3.07660997654887,World Bank,2025-10-05
Benin,BEN,2003,Population 65+ ans %,SP.POP.65UP.TO.ZS,3.09230804226425,World Bank,2025-10-05
Benin,BEN,2002,Population 65+ ans %,SP.POP.65UP.TO.ZS,3.11300616324057,World Bank,2025-10-05
Benin,BEN,2001,Population 65+ ans %,SP.POP.65UP.TO.ZS,3.13676702308318,World Bank,2025-10-05
Benin,BEN,2000,Population 65+ ans %,SP.POP.65UP.TO.ZS,3.16257337862881,World Bank,2025-10-05
